timestamp,device,framework,model,image,label,score,durationMs,memoryKB,batteryDrop,rank
1743860309745,HUAWEI NEN-LX1,TFLite,efficientnet_lite0,Afghan_hound.JPEG,Afghan hound,96,26,144,854,0,1
1743860309746,HUAWEI NEN-LX1,TFLite,efficientnet_lite0_int8,Afghan_hound.JPEG,Norwegian elkhound,50,59,79,349,0,0
1743860309747,HUAWEI NEN-LX1,PyTorch,mobilenet_v2,Afghan_hound.JPEG,Afghan hound,2,53,674,0,0,1
1743860310956,HUAWEI NEN-LX1,TFLite,efficientnet_lite0,African_chameleon.JPEG,African chameleon,90,28,131,2588,0,1
1743860310957,HUAWEI NEN-LX1,TFLite,efficientnet_lite0_int8,African_chameleon.JPEG,frilled lizard,58,82,79,365,0,0
1743860310958,HUAWEI NEN-LX1,PyTorch,mobilenet_v2,African_chameleon.JPEG,African chameleon,11,92,286,1208,0,1
1743860312447,HUAWEI NEN-LX1,TFLite,efficientnet_lite0,African_crocodile.JPEG,African crocodile,21,06,134,2620,0,1
1743860312448,HUAWEI NEN-LX1,TFLite,efficientnet_lite0_int8,African_crocodile.JPEG,ringneck snake,95,29,82,365,0,0
1743860312448,HUAWEI NEN-LX1,PyTorch,mobilenet_v2,African_crocodile.JPEG,African crocodile,14,93,510,0,0,1
1743860313983,HUAWEI NEN-LX1,TFLite,efficientnet_lite0,African_elephant.JPEG,African elephant,71,81,136,0,0,0
1743860313984,HUAWEI NEN-LX1,TFLite,efficientnet_lite0_int8,African_elephant.JPEG,eel,79,22,79,365,0,0
1743860313984,HUAWEI NEN-LX1,PyTorch,mobilenet_v2,African_elephant.JPEG,African elephant,7,99,599,2936,0,0
1743860315612,HUAWEI NEN-LX1,TFLite,efficientnet_lite0,African_grey.JPEG,African grey,98,57,137,2604,0,1
1743860315613,HUAWEI NEN-LX1,TFLite,efficientnet_lite0_int8,African_grey.JPEG,spotted salamander,52,16,80,349,0,0
1743860315614,HUAWEI NEN-LX1,PyTorch,mobilenet_v2,African_grey.JPEG,African grey,1,47,581,0,0,1
1743860317111,HUAWEI NEN-LX1,TFLite,efficientnet_lite0,African_hunting_dog.JPEG,African hunting dog,73,17,133,2588,0,1
1743860317112,HUAWEI NEN-LX1,TFLite,efficientnet_lite0_int8,African_hunting_dog.JPEG,grey fox,58,82,79,349,0,5
1743860317113,HUAWEI NEN-LX1,PyTorch,mobilenet_v2,African_hunting_dog.JPEG,African hunting dog,1,92,555,0,0,1
1743860318549,HUAWEI NEN-LX1,TFLite,efficientnet_lite0,Airedale.JPEG,soft-coated wheaten terrier,34,87,132,2588,0,2
1743860318550,HUAWEI NEN-LX1,TFLite,efficientnet_lite0_int8,Airedale.JPEG,curly-coated retriever,67,84,82,0,0,0
1743860318551,HUAWEI NEN-LX1,PyTorch,mobilenet_v2,Airedale.JPEG,Airedale,0,84,524,2584,0,1
1743860320050,HUAWEI NEN-LX1,TFLite,efficientnet_lite0,American_Staffordshire_terrier.JPEG,American Staffordshire terrier,59,64,137,2604,0,1
1743860320051,HUAWEI NEN-LX1,TFLite,efficientnet_lite0_int8,American_Staffordshire_terrier.JPEG,Irish terrier,82,35,83,0,0,0
1743860320051,HUAWEI NEN-LX1,PyTorch,mobilenet_v2,American_Staffordshire_terrier.JPEG,American Staffordshire terrier,1,08,518,2636,0,1
1743860321486,HUAWEI NEN-LX1,TFLite,efficientnet_lite0,American_alligator.JPEG,American alligator,68,06,137,0,0,1
1743860321487,HUAWEI NEN-LX1,TFLite,efficientnet_lite0_int8,American_alligator.JPEG,ringneck snake,74,90,79,365,0,0
1743860321487,HUAWEI NEN-LX1,PyTorch,mobilenet_v2,American_alligator.JPEG,American alligator,6,62,517,2600,0,1
1743860323017,HUAWEI NEN-LX1,TFLite,efficientnet_lite0,American_black_bear.JPEG,American black bear,87,37,138,0,0,1
1743860323018,HUAWEI NEN-LX1,TFLite,efficientnet_lite0_int8,American_black_bear.JPEG,ladybug,54,51,80,365,0,0
1743860323018,HUAWEI NEN-LX1,PyTorch,mobilenet_v2,American_black_bear.JPEG,American black bear,1,70,592,0,0,1
1743860324488,HUAWEI NEN-LX1,TFLite,efficientnet_lite0,American_chameleon.JPEG,American chameleon,70,03,130,2588,0,1
1743860324489,HUAWEI NEN-LX1,TFLite,efficientnet_lite0_int8,American_chameleon.JPEG,American alligator,70,20,80,365,0,0
1743860324489,HUAWEI NEN-LX1,PyTorch,mobilenet_v2,American_chameleon.JPEG,American chameleon,2,37,522,0,0,1
1743860325991,HUAWEI NEN-LX1,TFLite,efficientnet_lite0,American_coot.JPEG,European gallinule,20,31,131,2588,0,2
1743860325992,HUAWEI NEN-LX1,TFLite,efficientnet_lite0_int8,American_coot.JPEG,redshank,65,88,81,0,0,3
1743860325993,HUAWEI NEN-LX1,PyTorch,mobilenet_v2,American_coot.JPEG,American coot,3,31,585,2764,0,1
1743860327536,HUAWEI NEN-LX1,TFLite,efficientnet_lite0,American_egret.JPEG,American egret,76,19,132,0,0,1
1743860327537,HUAWEI NEN-LX1,TFLite,efficientnet_lite0_int8,American_egret.JPEG,bustard,56,47,79,365,0,0
1743860327538,HUAWEI NEN-LX1,PyTorch,mobilenet_v2,American_egret.JPEG,American egret,5,14,601,0,0,1
1743860329526,HUAWEI NEN-LX1,TFLite,efficientnet_lite0,American_lobster.JPEG,American lobster,32,18,132,2588,0,1
1743860329527,HUAWEI NEN-LX1,TFLite,efficientnet_lite0_int8,American_lobster.JPEG,isopod,69,80,79,349,0,5
1743860329527,HUAWEI NEN-LX1,PyTorch,mobilenet_v2,American_lobster.JPEG,plate,0,36,1021,1017,0,0
1743860332098,HUAWEI NEN-LX1,TFLite,efficientnet_lite0,Angora.JPEG,Angora,82,23,134,0,0,1
1743860332099,HUAWEI NEN-LX1,TFLite,efficientnet_lite0_int8,Angora.JPEG,beaver,63,92,79,365,0,0
1743860332099,HUAWEI NEN-LX1,PyTorch,mobilenet_v2,Angora.JPEG,Angora,0,51,1565,5213,0,1
1743860333626,HUAWEI NEN-LX1,TFLite,efficientnet_lite0,Appenzeller.JPEG,Greater Swiss Mountain dog,33,81,130,2588,0,3
1743860333627,HUAWEI NEN-LX1,TFLite,efficientnet_lite0_int8,Appenzeller.JPEG,boxer,85,10,80,349,0,0
1743860333627,HUAWEI NEN-LX1,PyTorch,mobilenet_v2,Appenzeller.JPEG,Bernese mountain dog,1,21,589,2952,0,3
1743860335065,HUAWEI NEN-LX1,TFLite,efficientnet_lite0,Arabian_camel.JPEG,Arabian camel,88,24,130,2588,0,1
1743860335066,HUAWEI NEN-LX1,TFLite,efficientnet_lite0_int8,Arabian_camel.JPEG,junco,56,86,79,349,0,0
1743860335067,HUAWEI NEN-LX1,PyTorch,mobilenet_v2,Arabian_camel.JPEG,Arabian camel,1,43,516,0,0,1
1743860337494,HUAWEI NEN-LX1,TFLite,efficientnet_lite0,Arctic_fox.JPEG,Arctic fox,90,36,131,2588,0,1
1743860337495,HUAWEI NEN-LX1,TFLite,efficientnet_lite0_int8,Arctic_fox.JPEG,rock beauty,55,69,79,365,0,0
1743860337495,HUAWEI NEN-LX1,PyTorch,mobilenet_v2,Arctic_fox.JPEG,Arctic fox,0,41,1438,0,0,1
1743860338990,HUAWEI NEN-LX1,TFLite,efficientnet_lite0,Australian_terrier.JPEG,Yorkshire terrier,68,66,131,2604,0,2
1743860338990,HUAWEI NEN-LX1,TFLite,efficientnet_lite0_int8,Australian_terrier.JPEG,flat-coated retriever,53,33,80,349,0,0
1743860338991,HUAWEI NEN-LX1,PyTorch,mobilenet_v2,Australian_terrier.JPEG,Yorkshire terrier,1,33,532,2632,0,2
1743860340522,HUAWEI NEN-LX1,TFLite,efficientnet_lite0,Band_Aid.JPEG,Band Aid,97,70,135,0,0,1
1743860340523,HUAWEI NEN-LX1,TFLite,efficientnet_lite0_int8,Band_Aid.JPEG,paintbrush,50,98,80,365,0,0
1743860340524,HUAWEI NEN-LX1,PyTorch,mobilenet_v2,Band_Aid.JPEG,Band Aid,2,00,603,2936,0,1
1743860341647,HUAWEI NEN-LX1,TFLite,efficientnet_lite0,Bedlington_terrier.JPEG,Bedlington terrier,84,33,139,0,0,1
1743860341648,HUAWEI NEN-LX1,TFLite,efficientnet_lite0_int8,Bedlington_terrier.JPEG,Border collie,52,94,80,365,0,0
1743860341648,HUAWEI NEN-LX1,PyTorch,mobilenet_v2,Bedlington_terrier.JPEG,Bedlington terrier,71,37,195,552,0,1
1743860343218,HUAWEI NEN-LX1,TFLite,efficientnet_lite0,Bernese_mountain_dog.JPEG,Greater Swiss Mountain dog,31,82,141,0,0,2
1743860343219,HUAWEI NEN-LX1,TFLite,efficientnet_lite0_int8,Bernese_mountain_dog.JPEG,boxer,90,98,80,365,0,0
1743860343219,HUAWEI NEN-LX1,PyTorch,mobilenet_v2,Bernese_mountain_dog.JPEG,Bernese mountain dog,0,55,593,2936,0,1
1743860344739,HUAWEI NEN-LX1,TFLite,efficientnet_lite0,Blenheim_spaniel.JPEG,Blenheim spaniel,52,02,135,0,0,1
1743860344740,HUAWEI NEN-LX1,TFLite,efficientnet_lite0_int8,Blenheim_spaniel.JPEG,schipperke,68,24,79,365,0,0
1743860344741,HUAWEI NEN-LX1,PyTorch,mobilenet_v2,Blenheim_spaniel.JPEG,cowboy boot,0,67,588,0,0,3
1743860346188,HUAWEI NEN-LX1,TFLite,efficientnet_lite0,Border_collie.JPEG,Border collie,92,22,131,2588,0,2
1743860346188,HUAWEI NEN-LX1,TFLite,efficientnet_lite0_int8,Border_collie.JPEG,German shepherd,56,08,79,365,0,0
1743860346189,HUAWEI NEN-LX1,PyTorch,mobilenet_v2,Border_collie.JPEG,Border collie,0,93,510,0,0,2
1743860347750,HUAWEI NEN-LX1,TFLite,efficientnet_lite0,Border_terrier.JPEG,Border terrier,96,49,131,2588,0,1
1743860347751,HUAWEI NEN-LX1,TFLite,efficientnet_lite0_int8,Border_terrier.JPEG,wire-haired fox terrier,50,98,90,0,0,0
1743860347752,HUAWEI NEN-LX1,PyTorch,mobilenet_v2,Border_terrier.JPEG,Border terrier,3,03,602,2952,0,1
1743860350286,HUAWEI NEN-LX1,TFLite,efficientnet_lite0,Boston_bull.JPEG,Boston bull,94,31,132,2588,0,1
1743860350286,HUAWEI NEN-LX1,TFLite,efficientnet_lite0_int8,Boston_bull.JPEG,malamute,52,94,79,365,0,0
1743860350287,HUAWEI NEN-LX1,PyTorch,mobilenet_v2,Boston_bull.JPEG,Boston bull,0,85,1514,4202,0,1
1743860351766,HUAWEI NEN-LX1,TFLite,efficientnet_lite0,Bouvier_des_Flandres.JPEG,Bouvier des Flandres,47,28,131,2604,0,1
1743860351766,HUAWEI NEN-LX1,TFLite,efficientnet_lite0_int8,Bouvier_des_Flandres.JPEG,miniature pinscher,61,96,79,349,0,0
1743860351767,HUAWEI NEN-LX1,PyTorch,mobilenet_v2,Bouvier_des_Flandres.JPEG,worm fence,0,68,535,2720,0,2
1743860353202,HUAWEI NEN-LX1,TFLite,efficientnet_lite0,Brabancon_griffon.JPEG,Brabancon griffon,91,89,129,2604,0,1
1743860353203,HUAWEI NEN-LX1,TFLite,efficientnet_lite0_int8,Brabancon_griffon.JPEG,Newfoundland,52,16,79,365,0,0
1743860353203,HUAWEI NEN-LX1,PyTorch,mobilenet_v2,Brabancon_griffon.JPEG,Brabancon griffon,1,06,512,0,0,1
1743860356115,HUAWEI NEN-LX1,TFLite,efficientnet_lite0,Brittany_spaniel.JPEG,Welsh springer spaniel,33,30,130,2588,0,2
1743860356116,HUAWEI NEN-LX1,TFLite,efficientnet_lite0_int8,Brittany_spaniel.JPEG,kuvasz,63,92,79,365,0,0
1743860356117,HUAWEI NEN-LX1,PyTorch,mobilenet_v2,Brittany_spaniel.JPEG,prairie chicken,0,40,1885,0,0,2
1743860357605,HUAWEI NEN-LX1,TFLite,efficientnet_lite0,CD_player.JPEG,CD player,87,36,132,2588,0,1
1743860357606,HUAWEI NEN-LX1,TFLite,efficientnet_lite0_int8,CD_player.JPEG,shoji,66,27,79,349,0,0
1743860357606,HUAWEI NEN-LX1,PyTorch,mobilenet_v2,CD_player.JPEG,CD player,1,30,529,2648,0,1
1743860359174,HUAWEI NEN-LX1,TFLite,efficientnet_lite0,Cardigan.JPEG,Cardigan,63,10,136,0,0,1
1743860359175,HUAWEI NEN-LX1,TFLite,efficientnet_lite0_int8,Cardigan.JPEG,Mexican hairless,85,88,83,365,0,0
1743860359175,HUAWEI NEN-LX1,PyTorch,mobilenet_v2,Cardigan.JPEG,Cardigan,3,98,609,2936,0,1
1743860360760,HUAWEI NEN-LX1,TFLite,efficientnet_lite0,Chesapeake_Bay_retriever.JPEG,Chesapeake Bay retriever,80,91,137,2604,0,1
1743860360761,HUAWEI NEN-LX1,TFLite,efficientnet_lite0_int8,Chesapeake_Bay_retriever.JPEG,English setter,81,57,80,365,0,0
1743860360761,HUAWEI NEN-LX1,PyTorch,mobilenet_v2,Chesapeake_Bay_retriever.JPEG,Chesapeake Bay retriever,1,21,610,0,0,1
1743860362259,HUAWEI NEN-LX1,TFLite,efficientnet_lite0,Chihuahua.JPEG,Chihuahua,92,31,130,2588,0,1
1743860362260,HUAWEI NEN-LX1,TFLite,efficientnet_lite0_int8,Chihuahua.JPEG,beagle,52,55,79,349,0,0
1743860362261,HUAWEI NEN-LX1,PyTorch,mobilenet_v2,Chihuahua.JPEG,Chihuahua,1,69,569,0,0,1
1743860363715,HUAWEI NEN-LX1,TFLite,efficientnet_lite0,Christmas_stocking.JPEG,Christmas stocking,99,17,131,2604,0,1
1743860363716,HUAWEI NEN-LX1,TFLite,efficientnet_lite0_int8,Christmas_stocking.JPEG,tench,50,20,85,0,0,0
1743860363717,HUAWEI NEN-LX1,PyTorch,mobilenet_v2,Christmas_stocking.JPEG,Christmas stocking,3,87,512,2616,0,1
1743860365187,HUAWEI NEN-LX1,TFLite,efficientnet_lite0,Crock_Pot.JPEG,Crock Pot,68,96,135,2604,0,1
1743860365188,HUAWEI NEN-LX1,TFLite,efficientnet_lite0_int8,Crock_Pot.JPEG,dam,99,61,82,0,0,0
1743860365188,HUAWEI NEN-LX1,PyTorch,mobilenet_v2,Crock_Pot.JPEG,ashcan,1,13,518,2620,0,0
1743860366502,HUAWEI NEN-LX1,TFLite,efficientnet_lite0,Dandie_Dinmont.JPEG,Dandie Dinmont,91,06,133,0,0,1
1743860366503,HUAWEI NEN-LX1,TFLite,efficientnet_lite0_int8,Dandie_Dinmont.JPEG,Norwich terrier,58,04,80,365,0,0
1743860366503,HUAWEI NEN-LX1,PyTorch,mobilenet_v2,Dandie_Dinmont.JPEG,Dandie Dinmont,2,08,414,1896,0,1
1743860368028,HUAWEI NEN-LX1,TFLite,efficientnet_lite0,Doberman.JPEG,Doberman,50,80,137,0,0,1
1743860368029,HUAWEI NEN-LX1,TFLite,efficientnet_lite0_int8,Doberman.JPEG,red wolf,68,63,84,0,0,0
1743860368029,HUAWEI NEN-LX1,PyTorch,mobilenet_v2,Doberman.JPEG,shovel,1,93,584,2936,0,5
1743860369372,HUAWEI NEN-LX1,TFLite,efficientnet_lite0,Dungeness_crab.JPEG,fiddler crab,86,79,145,0,0,0
1743860369373,HUAWEI NEN-LX1,TFLite,efficientnet_lite0_int8,Dungeness_crab.JPEG,fly,52,55,80,349,0,0
1743860369373,HUAWEI NEN-LX1,PyTorch,mobilenet_v2,Dungeness_crab.JPEG,fiddler crab,8,79,409,0,0,0
1743860370710,HUAWEI NEN-LX1,TFLite,efficientnet_lite0,Dutch_oven.JPEG,bucket,41,82,139,0,0,2
1743860370710,HUAWEI NEN-LX1,TFLite,efficientnet_lite0_int8,Dutch_oven.JPEG,butcher shop,98,43,80,365,0,0
1743860370711,HUAWEI NEN-LX1,PyTorch,mobilenet_v2,Dutch_oven.JPEG,Dutch oven,1,12,426,1880,0,1
1743860372184,HUAWEI NEN-LX1,TFLite,efficientnet_lite0,Egyptian_cat.JPEG,Egyptian cat,37,80,133,0,0,1
1743860372185,HUAWEI NEN-LX1,TFLite,efficientnet_lite0_int8,Egyptian_cat.JPEG,snow leopard,84,31,80,365,0,3
1743860372185,HUAWEI NEN-LX1,PyTorch,mobilenet_v2,Egyptian_cat.JPEG,Egyptian cat,2,22,546,0,0,1
1743860373287,HUAWEI NEN-LX1,TFLite,efficientnet_lite0,English_foxhound.JPEG,English foxhound,75,64,132,2588,0,1
1743860373288,HUAWEI NEN-LX1,TFLite,efficientnet_lite0_int8,English_foxhound.JPEG,Irish wolfhound,68,63,79,365,0,0
1743860373288,HUAWEI NEN-LX1,PyTorch,mobilenet_v2,English_foxhound.JPEG,English foxhound,22,25,205,632,0,1
1743860374787,HUAWEI NEN-LX1,TFLite,efficientnet_lite0,English_setter.JPEG,English setter,24,80,139,0,0,1
1743860374788,HUAWEI NEN-LX1,TFLite,efficientnet_lite0_int8,English_setter.JPEG,black-and-tan coonhound,68,63,79,365,0,0
1743860374788,HUAWEI NEN-LX1,PyTorch,mobilenet_v2,English_setter.JPEG,whippet,0,71,582,2936,0,0
1743860376328,HUAWEI NEN-LX1,TFLite,efficientnet_lite0,English_springer.JPEG,English springer,84,02,159,0,0,1
1743860376328,HUAWEI NEN-LX1,TFLite,efficientnet_lite0_int8,English_springer.JPEG,Irish water spaniel,78,82,79,349,0,0
1743860376329,HUAWEI NEN-LX1,PyTorch,mobilenet_v2,English_springer.JPEG,English springer,9,36,584,0,0,1
1743860377927,HUAWEI NEN-LX1,TFLite,efficientnet_lite0,EntleBucher.JPEG,Greater Swiss Mountain dog,13,41,137,0,0,2
1743860377928,HUAWEI NEN-LX1,TFLite,efficientnet_lite0_int8,EntleBucher.JPEG,boxer,61,96,79,349,0,0
1743860377928,HUAWEI NEN-LX1,PyTorch,mobilenet_v2,EntleBucher.JPEG,kelpie,0,39,600,0,0,3
1743860379107,HUAWEI NEN-LX1,TFLite,efficientnet_lite0,Eskimo_dog.JPEG,Eskimo dog,45,71,178,0,0,1
1743860379107,HUAWEI NEN-LX1,TFLite,efficientnet_lite0_int8,Eskimo_dog.JPEG,affenpinscher,91,76,79,349,0,0
1743860379108,HUAWEI NEN-LX1,PyTorch,mobilenet_v2,Eskimo_dog.JPEG,Eskimo dog,9,22,236,0,0,1
1743860380623,HUAWEI NEN-LX1,TFLite,efficientnet_lite0,European_fire_salamander.JPEG,European fire salamander,92,12,132,0,0,1
1743860380624,HUAWEI NEN-LX1,TFLite,efficientnet_lite0_int8,European_fire_salamander.JPEG,tailed frog,53,33,79,365,0,0
1743860380624,HUAWEI NEN-LX1,PyTorch,mobilenet_v2,European_fire_salamander.JPEG,European fire salamander,2,17,590,2936,0,1
1743860382217,HUAWEI NEN-LX1,TFLite,efficientnet_lite0,European_gallinule.JPEG,European gallinule,94,63,129,2604,0,1
1743860382217,HUAWEI NEN-LX1,TFLite,efficientnet_lite0_int8,European_gallinule.JPEG,wallaby,50,59,80,349,0,0
1743860382218,HUAWEI NEN-LX1,PyTorch,mobilenet_v2,European_gallinule.JPEG,European gallinule,6,70,607,0,0,1
1743860383750,HUAWEI NEN-LX1,TFLite,efficientnet_lite0,French_bulldog.JPEG,French bulldog,66,51,131,2588,0,1
1743860383750,HUAWEI NEN-LX1,TFLite,efficientnet_lite0_int8,French_bulldog.JPEG,malamute,81,96,80,349,0,0
1743860383751,HUAWEI NEN-LX1,PyTorch,mobilenet_v2,French_bulldog.JPEG,French bulldog,1,19,589,0,0,1
1743860385237,HUAWEI NEN-LX1,TFLite,efficientnet_lite0,French_horn.JPEG,French horn,89,51,131,2604,0,1
1743860385237,HUAWEI NEN-LX1,TFLite,efficientnet_lite0_int8,French_horn.JPEG,schooner,51,37,83,0,0,0
1743860385238,HUAWEI NEN-LX1,PyTorch,mobilenet_v2,French_horn.JPEG,French horn,0,72,537,2664,0,1
1743860386811,HUAWEI NEN-LX1,TFLite,efficientnet_lite0,French_loaf.JPEG,French loaf,95,15,133,0,0,1
1743860386812,HUAWEI NEN-LX1,TFLite,efficientnet_lite0_int8,French_loaf.JPEG,head cabbage,50,59,79,365,0,0
1743860386812,HUAWEI NEN-LX1,PyTorch,mobilenet_v2,French_loaf.JPEG,French loaf,2,28,612,0,0,1
1743860388283,HUAWEI NEN-LX1,TFLite,efficientnet_lite0,German_shepherd.JPEG,German shepherd,34,39,131,2604,0,1
1743860388283,HUAWEI NEN-LX1,TFLite,efficientnet_lite0_int8,German_shepherd.JPEG,Bernese mountain dog,64,71,102,0,0,0
1743860388284,HUAWEI NEN-LX1,PyTorch,mobilenet_v2,German_shepherd.JPEG,sandbar,1,12,533,2616,0,3
1743860389811,HUAWEI NEN-LX1,TFLite,efficientnet_lite0,German_short-haired_pointer.JPEG,German short-haired pointer,75,75,132,0,0,0
1743860389812,HUAWEI NEN-LX1,TFLite,efficientnet_lite0_int8,German_short-haired_pointer.JPEG,Irish setter,52,16,92,0,0,0
1743860389812,HUAWEI NEN-LX1,PyTorch,mobilenet_v2,German_short-haired_pointer.JPEG,dalmatian,0,56,593,2952,0,0
1743860391370,HUAWEI NEN-LX1,TFLite,efficientnet_lite0,Gila_monster.JPEG,Gila monster,90,32,131,0,0,1
1743860391370,HUAWEI NEN-LX1,TFLite,efficientnet_lite0_int8,Gila_monster.JPEG,agama,50,59,79,365,0,0
1743860391371,HUAWEI NEN-LX1,PyTorch,mobilenet_v2,Gila_monster.JPEG,Gila monster,1,59,610,0,0,1
1743860392928,HUAWEI NEN-LX1,TFLite,efficientnet_lite0,Gordon_setter.JPEG,Gordon setter,97,43,130,2588,0,1
1743860392929,HUAWEI NEN-LX1,TFLite,efficientnet_lite0_int8,Gordon_setter.JPEG,Tibetan mastiff,50,98,79,349,0,0
1743860392929,HUAWEI NEN-LX1,PyTorch,mobilenet_v2,Gordon_setter.JPEG,Gordon setter,2,07,614,0,0,1
1743860394096,HUAWEI NEN-LX1,TFLite,efficientnet_lite0,Granny_Smith.JPEG,Granny Smith,97,67,134,0,0,1
1743860394097,HUAWEI NEN-LX1,TFLite,efficientnet_lite0_int8,Granny_Smith.JPEG,jackfruit,59,61,80,365,0,0
1743860394097,HUAWEI NEN-LX1,PyTorch,mobilenet_v2,Granny_Smith.JPEG,Granny Smith,14,08,278,1088,0,1
1743860395636,HUAWEI NEN-LX1,TFLite,efficientnet_lite0,Great_Dane.JPEG,Great Dane,73,14,133,0,0,1
1743860395637,HUAWEI NEN-LX1,TFLite,efficientnet_lite0_int8,Great_Dane.JPEG,Siberian husky,74,12,80,365,0,0
1743860395637,HUAWEI NEN-LX1,PyTorch,mobilenet_v2,Great_Dane.JPEG,earthstar,0,48,628,188,0,0
1743860397078,HUAWEI NEN-LX1,TFLite,efficientnet_lite0,Great_Pyrenees.JPEG,Samoyed,49,43,131,2604,0,2
1743860397079,HUAWEI NEN-LX1,TFLite,efficientnet_lite0_int8,Great_Pyrenees.JPEG,keeshond,80,00,79,349,0,0
1743860397079,HUAWEI NEN-LX1,PyTorch,mobilenet_v2,Great_Pyrenees.JPEG,Great Pyrenees,1,33,528,0,0,1
1743860398586,HUAWEI NEN-LX1,TFLite,efficientnet_lite0,Greater_Swiss_Mountain_dog.JPEG,Greater Swiss Mountain dog,48,41,131,2588,0,1
1743860398587,HUAWEI NEN-LX1,TFLite,efficientnet_lite0_int8,Greater_Swiss_Mountain_dog.JPEG,Tibetan mastiff,83,14,79,365,0,0
1743860398587,HUAWEI NEN-LX1,PyTorch,mobilenet_v2,Greater_Swiss_Mountain_dog.JPEG,EntleBucher,1,63,542,0,0,2
1743860400083,HUAWEI NEN-LX1,TFLite,efficientnet_lite0,Ibizan_hound.JPEG,Ibizan hound,75,46,131,0,0,1
1743860400084,HUAWEI NEN-LX1,TFLite,efficientnet_lite0_int8,Ibizan_hound.JPEG,beagle,56,08,80,365,0,0
1743860400084,HUAWEI NEN-LX1,PyTorch,mobilenet_v2,Ibizan_hound.JPEG,Ibizan hound,6,35,560,0,0,1
1743860401417,HUAWEI NEN-LX1,TFLite,efficientnet_lite0,Indian_cobra.JPEG,Indian cobra,67,45,132,2588,0,1
1743860401418,HUAWEI NEN-LX1,TFLite,efficientnet_lite0_int8,Indian_cobra.JPEG,diamondback,92,55,79,349,0,0
1743860401418,HUAWEI NEN-LX1,PyTorch,mobilenet_v2,Indian_cobra.JPEG,Indian cobra,22,94,419,1824,0,1
1743860402884,HUAWEI NEN-LX1,TFLite,efficientnet_lite0,Indian_elephant.JPEG,Indian elephant,95,69,136,0,0,0
1743860402884,HUAWEI NEN-LX1,TFLite,efficientnet_lite0_int8,Indian_elephant.JPEG,koala,52,55,80,365,0,0
1743860402885,HUAWEI NEN-LX1,PyTorch,mobilenet_v2,Indian_elephant.JPEG,Indian elephant,4,53,519,2604,0,0
1743860404148,HUAWEI NEN-LX1,TFLite,efficientnet_lite0,Irish_setter.JPEG,Irish setter,87,30,132,0,0,1
1743860404149,HUAWEI NEN-LX1,TFLite,efficientnet_lite0_int8,Irish_setter.JPEG,Chesapeake Bay retriever,65,10,79,349,0,0
1743860404149,HUAWEI NEN-LX1,PyTorch,mobilenet_v2,Irish_setter.JPEG,Irish setter,3,61,373,1632,0,1
1743860405668,HUAWEI NEN-LX1,TFLite,efficientnet_lite0,Irish_terrier.JPEG,Irish terrier,41,90,131,2604,1,1
1743860405669,HUAWEI NEN-LX1,TFLite,efficientnet_lite0_int8,Irish_terrier.JPEG,wire-haired fox terrier,90,20,84,0,1,0
1743860405669,HUAWEI NEN-LX1,PyTorch,mobilenet_v2,Irish_terrier.JPEG,shovel,0,61,590,2936,1,0
1743860406721,HUAWEI NEN-LX1,TFLite,efficientnet_lite0,Irish_water_spaniel.JPEG,Irish water spaniel,92,75,133,2588,0,1
1743860406722,HUAWEI NEN-LX1,TFLite,efficientnet_lite0_int8,Irish_water_spaniel.JPEG,red wolf,56,86,79,349,0,0
1743860406722,HUAWEI NEN-LX1,PyTorch,mobilenet_v2,Irish_water_spaniel.JPEG,Irish water spaniel,93,83,156,316,0,1
1743860407848,HUAWEI NEN-LX1,TFLite,efficientnet_lite0,Irish_wolfhound.JPEG,Irish wolfhound,48,54,141,0,0,1
1743860407848,HUAWEI NEN-LX1,TFLite,efficientnet_lite0_int8,Irish_wolfhound.JPEG,Bedlington terrier,88,63,79,365,0,0
1743860407849,HUAWEI NEN-LX1,PyTorch,mobilenet_v2,Irish_wolfhound.JPEG,Irish wolfhound,26,13,224,808,0,1
1743860428466,HUAWEI NEN-LX1,TFLite,efficientnet_lite0,Italian_greyhound.JPEG,feather boa,8,87,132,2588,0,3
1743860428467,HUAWEI NEN-LX1,TFLite,efficientnet_lite0_int8,Italian_greyhound.JPEG,fire screen,73,33,89,0,0,0
1743860428467,HUAWEI NEN-LX1,PyTorch,mobilenet_v2,Italian_greyhound.JPEG,king penguin,0,21,18808,57817,0,0
1743860429830,HUAWEI NEN-LX1,TFLite,efficientnet_lite0,Japanese_spaniel.JPEG,Japanese spaniel,58,63,132,2604,0,1
1743860429831,HUAWEI NEN-LX1,TFLite,efficientnet_lite0_int8,Japanese_spaniel.JPEG,toy terrier,55,29,80,349,0,0
1743860429831,HUAWEI NEN-LX1,PyTorch,mobilenet_v2,Japanese_spaniel.JPEG,Japanese spaniel,2,21,443,2216,0,1
1743860431184,HUAWEI NEN-LX1,TFLite,efficientnet_lite0,Kerry_blue_terrier.JPEG,Kerry blue terrier,85,64,130,2604,0,1
1743860431185,HUAWEI NEN-LX1,TFLite,efficientnet_lite0_int8,Kerry_blue_terrier.JPEG,malinois,54,90,79,349,0,0
1743860431185,HUAWEI NEN-LX1,PyTorch,mobilenet_v2,Kerry_blue_terrier.JPEG,Kerry blue terrier,2,18,466,2380,0,1
1743860433603,HUAWEI NEN-LX1,TFLite,efficientnet_lite0,Komodo_dragon.JPEG,Komodo dragon,75,31,130,2604,0,1
1743860433603,HUAWEI NEN-LX1,TFLite,efficientnet_lite0_int8,Komodo_dragon.JPEG,thunder snake,90,98,79,349,0,0
1743860433604,HUAWEI NEN-LX1,PyTorch,mobilenet_v2,Komodo_dragon.JPEG,Komodo dragon,0,53,1459,7504,0,1
1743860435137,HUAWEI NEN-LX1,TFLite,efficientnet_lite0,Labrador_retriever.JPEG,Labrador retriever,83,12,140,0,0,1
1743860435137,HUAWEI NEN-LX1,TFLite,efficientnet_lite0_int8,Labrador_retriever.JPEG,Chesapeake Bay retriever,85,10,80,349,0,0
1743860435138,HUAWEI NEN-LX1,PyTorch,mobilenet_v2,Labrador_retriever.JPEG,Labrador retriever,1,40,605,2936,0,1
1743860436220,HUAWEI NEN-LX1,TFLite,efficientnet_lite0,Lakeland_terrier.JPEG,Lakeland terrier,85,70,134,0,0,1
1743860436220,HUAWEI NEN-LX1,TFLite,efficientnet_lite0_int8,Lakeland_terrier.JPEG,cairn,56,86,80,365,0,0
1743860436221,HUAWEI NEN-LX1,PyTorch,mobilenet_v2,Lakeland_terrier.JPEG,Lakeland terrier,58,64,210,672,0,1
1743860437676,HUAWEI NEN-LX1,TFLite,efficientnet_lite0,Leonberg.JPEG,Leonberg,88,67,134,2588,0,1
1743860437677,HUAWEI NEN-LX1,TFLite,efficientnet_lite0_int8,Leonberg.JPEG,black-footed ferret,62,75,79,349,0,0
1743860437677,HUAWEI NEN-LX1,PyTorch,mobilenet_v2,Leonberg.JPEG,Leonberg,5,24,523,0,0,1
1743860439144,HUAWEI NEN-LX1,TFLite,efficientnet_lite0,Lhasa.JPEG,plastic bag,22,86,131,2588,0,0
1743860439145,HUAWEI NEN-LX1,TFLite,efficientnet_lite0_int8,Lhasa.JPEG,space shuttle,53,73,79,365,0,0
1743860439145,HUAWEI NEN-LX1,PyTorch,mobilenet_v2,Lhasa.JPEG,car mirror,0,37,546,0,0,0
1743860440760,HUAWEI NEN-LX1,TFLite,efficientnet_lite0,Loafer.JPEG,Loafer,94,15,132,2588,0,1
1743860440761,HUAWEI NEN-LX1,TFLite,efficientnet_lite0_int8,Loafer.JPEG,scale,51,76,82,0,0,0
1743860440762,HUAWEI NEN-LX1,PyTorch,mobilenet_v2,Loafer.JPEG,Loafer,3,42,630,2952,0,1
1743860442306,HUAWEI NEN-LX1,TFLite,efficientnet_lite0,Madagascar_cat.JPEG,African crocodile,17,44,129,2588,0,4
1743860442306,HUAWEI NEN-LX1,TFLite,efficientnet_lite0_int8,Madagascar_cat.JPEG,hognose snake,86,67,97,0,0,0
1743860442307,HUAWEI NEN-LX1,PyTorch,mobilenet_v2,Madagascar_cat.JPEG,Madagascar cat,0,91,605,3004,0,1
1743860443868,HUAWEI NEN-LX1,TFLite,efficientnet_lite0,Maltese_dog.JPEG,Maltese dog,72,25,132,0,0,1
1743860443869,HUAWEI NEN-LX1,TFLite,efficientnet_lite0_int8,Maltese_dog.JPEG,Rhodesian ridgeback,54,51,80,349,0,0
1743860443870,HUAWEI NEN-LX1,PyTorch,mobilenet_v2,Maltese_dog.JPEG,Maltese dog,2,18,611,0,0,1
1743860445015,HUAWEI NEN-LX1,TFLite,efficientnet_lite0,Mexican_hairless.JPEG,Mexican hairless,98,72,129,2588,0,1
1743860445015,HUAWEI NEN-LX1,TFLite,efficientnet_lite0_int8,Mexican_hairless.JPEG,otterhound,50,59,79,365,0,0
1743860445016,HUAWEI NEN-LX1,PyTorch,mobilenet_v2,Mexican_hairless.JPEG,Mexican hairless,79,15,254,984,0,1
1743860446587,HUAWEI NEN-LX1,TFLite,efficientnet_lite0,Model_T.JPEG,Model T,90,28,133,0,0,1
1743860446588,HUAWEI NEN-LX1,TFLite,efficientnet_lite0_int8,Model_T.JPEG,hair spray,68,24,80,365,0,0
1743860446588,HUAWEI NEN-LX1,PyTorch,mobilenet_v2,Model_T.JPEG,Model T,3,74,652,0,0,1
1743860448144,HUAWEI NEN-LX1,TFLite,efficientnet_lite0,Newfoundland.JPEG,Newfoundland,67,16,131,2588,0,1
1743860448145,HUAWEI NEN-LX1,TFLite,efficientnet_lite0_int8,Newfoundland.JPEG,Eskimo dog,62,35,79,349,0,0
1743860448145,HUAWEI NEN-LX1,PyTorch,mobilenet_v2,Newfoundland.JPEG,Newfoundland,1,18,624,0,0,1
1743860449655,HUAWEI NEN-LX1,TFLite,efficientnet_lite0,Norfolk_terrier.JPEG,Norfolk terrier,49,04,132,0,0,1
1743860449656,HUAWEI NEN-LX1,TFLite,efficientnet_lite0_int8,Norfolk_terrier.JPEG,Lakeland terrier,96,86,80,365,0,0
1743860449656,HUAWEI NEN-LX1,PyTorch,mobilenet_v2,Norfolk_terrier.JPEG,Norfolk terrier,1,45,591,2936,0,1
1743860450738,HUAWEI NEN-LX1,TFLite,efficientnet_lite0,Norwegian_elkhound.JPEG,Eskimo dog,31,68,137,0,0,0
1743860450738,HUAWEI NEN-LX1,TFLite,efficientnet_lite0_int8,Norwegian_elkhound.JPEG,affenpinscher,71,76,80,365,0,0
1743860450739,HUAWEI NEN-LX1,PyTorch,mobilenet_v2,Norwegian_elkhound.JPEG,Norwegian elkhound,8,38,172,428,0,1
1743860452075,HUAWEI NEN-LX1,TFLite,efficientnet_lite0,Norwich_terrier.JPEG,Norwich terrier,56,88,137,0,0,1
1743860452075,HUAWEI NEN-LX1,TFLite,efficientnet_lite0_int8,Norwich_terrier.JPEG,Lakeland terrier,55,69,81,0,0,0
1743860452076,HUAWEI NEN-LX1,PyTorch,mobilenet_v2,Norwich_terrier.JPEG,chow,1,45,427,1920,0,3
1743860453521,HUAWEI NEN-LX1,TFLite,efficientnet_lite0,Old_English_sheepdog.JPEG,Old English sheepdog,81,06,133,0,0,1
1743860453522,HUAWEI NEN-LX1,TFLite,efficientnet_lite0_int8,Old_English_sheepdog.JPEG,Border collie,74,90,79,365,0,0
1743860453522,HUAWEI NEN-LX1,PyTorch,mobilenet_v2,Old_English_sheepdog.JPEG,Old English sheepdog,2,16,542,2604,0,1
1743860455331,HUAWEI NEN-LX1,TFLite,efficientnet_lite0,Pekinese.JPEG,Pekinese,97,34,133,0,0,1
1743860455332,HUAWEI NEN-LX1,TFLite,efficientnet_lite0_int8,Pekinese.JPEG,Blenheim spaniel,52,16,80,365,0,0
1743860455332,HUAWEI NEN-LX1,PyTorch,mobilenet_v2,Pekinese.JPEG,Pekinese,0,75,879,0,0,1
1743860456848,HUAWEI NEN-LX1,TFLite,efficientnet_lite0,Pembroke.JPEG,Pembroke,88,14,132,2588,0,1
1743860456849,HUAWEI NEN-LX1,TFLite,efficientnet_lite0_int8,Pembroke.JPEG,Mexican hairless,54,51,79,365,0,0
1743860456850,HUAWEI NEN-LX1,PyTorch,mobilenet_v2,Pembroke.JPEG,Pembroke,3,98,587,2920,0,1
1743860458478,HUAWEI NEN-LX1,TFLite,efficientnet_lite0,Persian_cat.JPEG,Persian cat,88,30,136,0,0,1
1743860458478,HUAWEI NEN-LX1,TFLite,efficientnet_lite0_int8,Persian_cat.JPEG,lion,54,90,80,365,0,0
1743860458478,HUAWEI NEN-LX1,PyTorch,mobilenet_v2,Persian_cat.JPEG,Persian cat,0,96,671,3336,0,1
1743860459552,HUAWEI NEN-LX1,TFLite,efficientnet_lite0,Petri_dish.JPEG,Petri dish,62,80,137,0,0,1
1743860459553,HUAWEI NEN-LX1,TFLite,efficientnet_lite0_int8,Petri_dish.JPEG,motor scooter,60,39,81,365,0,0
1743860459553,HUAWEI NEN-LX1,PyTorch,mobilenet_v2,Petri_dish.JPEG,Petri dish,11,82,185,492,0,1
1743860461009,HUAWEI NEN-LX1,TFLite,efficientnet_lite0,Polaroid_camera.JPEG,Polaroid camera,82,02,140,100,0,1
1743860461010,HUAWEI NEN-LX1,TFLite,efficientnet_lite0_int8,Polaroid_camera.JPEG,thimble,58,82,80,365,0,0
1743860461010,HUAWEI NEN-LX1,PyTorch,mobilenet_v2,Polaroid_camera.JPEG,television,1,59,530,0,0,2
1743860462654,HUAWEI NEN-LX1,TFLite,efficientnet_lite0,Pomeranian.JPEG,Pomeranian,83,07,132,2588,0,1
1743860462654,HUAWEI NEN-LX1,TFLite,efficientnet_lite0_int8,Pomeranian.JPEG,Cardigan,55,29,80,365,0,0
1743860462655,HUAWEI NEN-LX1,PyTorch,mobilenet_v2,Pomeranian.JPEG,Pomeranian,0,65,694,0,0,1
1743860464091,HUAWEI NEN-LX1,TFLite,efficientnet_lite0,Rhodesian_ridgeback.JPEG,lynx,9,56,134,0,0,0
1743860464091,HUAWEI NEN-LX1,TFLite,efficientnet_lite0_int8,Rhodesian_ridgeback.JPEG,tank,77,25,79,365,0,0
1743860464092,HUAWEI NEN-LX1,PyTorch,mobilenet_v2,Rhodesian_ridgeback.JPEG,bolete,0,92,533,2604,0,0
1743860465591,HUAWEI NEN-LX1,TFLite,efficientnet_lite0,Rottweiler.JPEG,Rottweiler,92,77,137,0,0,1
1743860465592,HUAWEI NEN-LX1,TFLite,efficientnet_lite0_int8,Rottweiler.JPEG,Eskimo dog,59,22,79,365,0,0
1743860465592,HUAWEI NEN-LX1,PyTorch,mobilenet_v2,Rottweiler.JPEG,Rottweiler,1,06,532,0,0,1
1743860467083,HUAWEI NEN-LX1,TFLite,efficientnet_lite0,Saint_Bernard.JPEG,Saint Bernard,80,03,129,2588,0,1
1743860467084,HUAWEI NEN-LX1,TFLite,efficientnet_lite0_int8,Saint_Bernard.JPEG,bull mastiff,68,63,79,349,0,0
1743860467084,HUAWEI NEN-LX1,PyTorch,mobilenet_v2,Saint_Bernard.JPEG,Bernese mountain dog,1,38,546,0,0,2
1743860468565,HUAWEI NEN-LX1,TFLite,efficientnet_lite0,Saluki.JPEG,Saluki,87,86,130,2588,0,1
1743860468565,HUAWEI NEN-LX1,TFLite,efficientnet_lite0_int8,Saluki.JPEG,bluetick,52,16,84,0,0,0
1743860468566,HUAWEI NEN-LX1,PyTorch,mobilenet_v2,Saluki.JPEG,Saluki,5,16,529,2632,0,1
1743860470088,HUAWEI NEN-LX1,TFLite,efficientnet_lite0,Samoyed.JPEG,Samoyed,52,40,132,2604,0,1
1743860470088,HUAWEI NEN-LX1,TFLite,efficientnet_lite0_int8,Samoyed.JPEG,Brabancon griffon,85,49,79,349,0,0
1743860470089,HUAWEI NEN-LX1,PyTorch,mobilenet_v2,Samoyed.JPEG,pot,0,90,589,0,0,4
1743860471246,HUAWEI NEN-LX1,TFLite,efficientnet_lite0,Scotch_terrier.JPEG,Scotch terrier,88,99,130,2588,0,1
1743860471247,HUAWEI NEN-LX1,TFLite,efficientnet_lite0_int8,Scotch_terrier.JPEG,silky terrier,54,12,79,365,0,0
1743860471247,HUAWEI NEN-LX1,PyTorch,mobilenet_v2,Scotch_terrier.JPEG,Scotch terrier,9,85,259,1000,0,1
1743860472742,HUAWEI NEN-LX1,TFLite,efficientnet_lite0,Scottish_deerhound.JPEG,giant schnauzer,31,27,135,0,0,4
1743860472742,HUAWEI NEN-LX1,TFLite,efficientnet_lite0_int8,Scottish_deerhound.JPEG,Norwegian elkhound,60,00,80,365,0,0
1743860472743,HUAWEI NEN-LX1,PyTorch,mobilenet_v2,Scottish_deerhound.JPEG,picket fence,1,07,581,2936,0,4
1743860473866,HUAWEI NEN-LX1,TFLite,efficientnet_lite0,Sealyham_terrier.JPEG,Sealyham terrier,75,25,190,0,0,1
1743860473866,HUAWEI NEN-LX1,TFLite,efficientnet_lite0_int8,Sealyham_terrier.JPEG,standard schnauzer,83,53,80,349,0,0
1743860473866,HUAWEI NEN-LX1,PyTorch,mobilenet_v2,Sealyham_terrier.JPEG,Sealyham terrier,78,23,181,456,0,1
1743860475396,HUAWEI NEN-LX1,TFLite,efficientnet_lite0,Shetland_sheepdog.JPEG,English springer,10,70,136,2620,0,2
1743860475397,HUAWEI NEN-LX1,TFLite,efficientnet_lite0_int8,Shetland_sheepdog.JPEG,West Highland white terrier,69,02,84,0,0,0
1743860475397,HUAWEI NEN-LX1,PyTorch,mobilenet_v2,Shetland_sheepdog.JPEG,tennis ball,0,59,581,2952,0,0
1743860481833,HUAWEI NEN-LX1,TFLite,efficientnet_lite0,Shih-Tzu.JPEG,Shih-Tzu,66,57,130,2588,0,0
1743860481834,HUAWEI NEN-LX1,TFLite,efficientnet_lite0_int8,Shih-Tzu.JPEG,Rhodesian ridgeback,97,65,79,365,0,0
1743860481834,HUAWEI NEN-LX1,PyTorch,mobilenet_v2,Shih-Tzu.JPEG,polecat,0,26,5236,17204,0,0
1743860483379,HUAWEI NEN-LX1,TFLite,efficientnet_lite0,Siamese_cat.JPEG,Siamese cat,98,87,134,2604,0,1
1743860483379,HUAWEI NEN-LX1,TFLite,efficientnet_lite0_int8,Siamese_cat.JPEG,tench,50,20,80,365,0,0
1743860483379,HUAWEI NEN-LX1,PyTorch,mobilenet_v2,Siamese_cat.JPEG,Siamese cat,1,78,591,2936,0,1
1743860484880,HUAWEI NEN-LX1,TFLite,efficientnet_lite0,Siberian_husky.JPEG,keeshond,34,67,130,2604,0,0
1743860484880,HUAWEI NEN-LX1,TFLite,efficientnet_lite0_int8,Siberian_husky.JPEG,chow,66,67,79,349,0,0
1743860484881,HUAWEI NEN-LX1,PyTorch,mobilenet_v2,Siberian_husky.JPEG,Angora,0,41,573,2924,0,0
1743860486390,HUAWEI NEN-LX1,TFLite,efficientnet_lite0,Staffordshire_bullterrier.JPEG,Staffordshire bullterrier,72,43,136,0,0,1
1743860486390,HUAWEI NEN-LX1,TFLite,efficientnet_lite0_int8,Staffordshire_bullterrier.JPEG,Irish terrier,60,00,79,349,0,0
1743860486391,HUAWEI NEN-LX1,PyTorch,mobilenet_v2,Staffordshire_bullterrier.JPEG,Staffordshire bullterrier,3,44,597,2936,0,1
1743860487797,HUAWEI NEN-LX1,TFLite,efficientnet_lite0,Sussex_spaniel.JPEG,Sussex spaniel,88,63,136,0,0,1
1743860487797,HUAWEI NEN-LX1,TFLite,efficientnet_lite0_int8,Sussex_spaniel.JPEG,chow,64,31,80,365,0,4
1743860487798,HUAWEI NEN-LX1,PyTorch,mobilenet_v2,Sussex_spaniel.JPEG,Sussex spaniel,2,29,470,0,0,1
1743860489332,HUAWEI NEN-LX1,TFLite,efficientnet_lite0,Tibetan_mastiff.JPEG,Tibetan mastiff,99,16,132,2588,0,1
1743860489332,HUAWEI NEN-LX1,TFLite,efficientnet_lite0_int8,Tibetan_mastiff.JPEG,tench,50,20,79,365,0,0
1743860489332,HUAWEI NEN-LX1,PyTorch,mobilenet_v2,Tibetan_mastiff.JPEG,Tibetan mastiff,2,58,589,0,0,1
1743860490818,HUAWEI NEN-LX1,TFLite,efficientnet_lite0,Tibetan_terrier.JPEG,Tibetan terrier,83,94,135,0,0,1
1743860490819,HUAWEI NEN-LX1,TFLite,efficientnet_lite0_int8,Tibetan_terrier.JPEG,silky terrier,51,76,80,365,0,3
1743860490819,HUAWEI NEN-LX1,PyTorch,mobilenet_v2,Tibetan_terrier.JPEG,Tibetan terrier,1,30,569,2792,0,1
1743860492282,HUAWEI NEN-LX1,TFLite,efficientnet_lite0,Walker_hound.JPEG,Walker hound,47,11,139,0,0,1
1743860492282,HUAWEI NEN-LX1,TFLite,efficientnet_lite0_int8,Walker_hound.JPEG,Irish wolfhound,67,06,83,365,0,0
1743860492283,HUAWEI NEN-LX1,PyTorch,mobilenet_v2,Walker_hound.JPEG,Walker hound,2,34,511,0,0,1
1743860493793,HUAWEI NEN-LX1,TFLite,efficientnet_lite0,Weimaraner.JPEG,Weimaraner,92,86,130,2588,0,1
1743860493793,HUAWEI NEN-LX1,TFLite,efficientnet_lite0_int8,Weimaraner.JPEG,Brittany spaniel,51,76,79,349,0,0
1743860493794,HUAWEI NEN-LX1,PyTorch,mobilenet_v2,Weimaraner.JPEG,Weimaraner,1,27,587,0,0,1
1743860494879,HUAWEI NEN-LX1,TFLite,efficientnet_lite0,Welsh_springer_spaniel.JPEG,English springer,50,54,138,0,0,2
1743860494880,HUAWEI NEN-LX1,TFLite,efficientnet_lite0_int8,Welsh_springer_spaniel.JPEG,kuvasz,96,86,79,365,0,0
1743860494880,HUAWEI NEN-LX1,PyTorch,mobilenet_v2,Welsh_springer_spaniel.JPEG,Welsh springer spaniel,25,14,205,680,0,1
1743860496453,HUAWEI NEN-LX1,TFLite,efficientnet_lite0,West_Highland_white_terrier.JPEG,West Highland white terrier,86,54,139,0,0,1
1743860496454,HUAWEI NEN-LX1,TFLite,efficientnet_lite0_int8,West_Highland_white_terrier.JPEG,papillon,53,73,82,365,0,0
1743860496454,HUAWEI NEN-LX1,PyTorch,mobilenet_v2,West_Highland_white_terrier.JPEG,West Highland white terrier,0,74,614,1223,0,1
1743860497658,HUAWEI NEN-LX1,TFLite,efficientnet_lite0,Windsor_tie.JPEG,Windsor tie,78,78,131,2588,0,1
1743860497659,HUAWEI NEN-LX1,TFLite,efficientnet_lite0_int8,Windsor_tie.JPEG,sunscreen,62,35,80,365,0,0
1743860497659,HUAWEI NEN-LX1,PyTorch,mobilenet_v2,Windsor_tie.JPEG,Windsor tie,7,37,292,1208,0,1
1743860499050,HUAWEI NEN-LX1,TFLite,efficientnet_lite0,Yorkshire_terrier.JPEG,Yorkshire terrier,50,28,138,0,0,1
1743860499050,HUAWEI NEN-LX1,TFLite,efficientnet_lite0_int8,Yorkshire_terrier.JPEG,Airedale,92,16,79,365,0,0
1743860499050,HUAWEI NEN-LX1,PyTorch,mobilenet_v2,Yorkshire_terrier.JPEG,Yorkshire terrier,1,19,483,2328,0,1
1743860500104,HUAWEI NEN-LX1,TFLite,efficientnet_lite0,abacus.JPEG,abacus,95,87,135,0,0,1
1743860500104,HUAWEI NEN-LX1,TFLite,efficientnet_lite0_int8,abacus.JPEG,shield,59,22,79,349,0,0
1743860500105,HUAWEI NEN-LX1,PyTorch,mobilenet_v2,abacus.JPEG,abacus,61,77,163,348,0,1
1743860504045,HUAWEI NEN-LX1,TFLite,efficientnet_lite0,abaya.JPEG,abaya,95,78,136,0,0,1
1743860504046,HUAWEI NEN-LX1,TFLite,efficientnet_lite0_int8,abaya.JPEG,poncho,51,37,80,349,0,0
1743860504046,HUAWEI NEN-LX1,PyTorch,mobilenet_v2,abaya.JPEG,abaya,0,35,2832,10224,0,1
1743860505776,HUAWEI NEN-LX1,TFLite,efficientnet_lite0,academic_gown.JPEG,academic gown,78,91,132,2588,0,1
1743860505777,HUAWEI NEN-LX1,TFLite,efficientnet_lite0_int8,academic_gown.JPEG,mountain bike,75,69,79,349,0,0
1743860505777,HUAWEI NEN-LX1,PyTorch,mobilenet_v2,academic_gown.JPEG,academic gown,1,58,756,3744,0,1
1743860507344,HUAWEI NEN-LX1,TFLite,efficientnet_lite0,accordion.JPEG,wine bottle,9,11,132,2588,0,2
1743860507344,HUAWEI NEN-LX1,TFLite,efficientnet_lite0_int8,accordion.JPEG,vacuum,65,10,80,349,0,0
1743860507344,HUAWEI NEN-LX1,PyTorch,mobilenet_v2,accordion.JPEG,velvet,0,78,641,3184,0,0
1743860508825,HUAWEI NEN-LX1,TFLite,efficientnet_lite0,acorn.JPEG,acorn,9,72,138,0,0,0
1743860508826,HUAWEI NEN-LX1,TFLite,efficientnet_lite0_int8,acorn.JPEG,agaric,60,39,82,365,0,0
1743860508826,HUAWEI NEN-LX1,PyTorch,mobilenet_v2,acorn.JPEG,marmot,0,78,537,2604,0,0
1743860509884,HUAWEI NEN-LX1,TFLite,efficientnet_lite0,acorn_squash.JPEG,acorn squash,59,61,133,0,0,1
1743860509885,HUAWEI NEN-LX1,TFLite,efficientnet_lite0_int8,acorn_squash.JPEG,artichoke,72,16,80,365,0,0
1743860509885,HUAWEI NEN-LX1,PyTorch,mobilenet_v2,acorn_squash.JPEG,acorn squash,88,13,186,456,0,1
1743860511925,HUAWEI NEN-LX1,TFLite,efficientnet_lite0,acoustic_guitar.JPEG,acoustic guitar,82,71,137,2588,0,1
1743860511925,HUAWEI NEN-LX1,TFLite,efficientnet_lite0_int8,acoustic_guitar.JPEG,pier,56,08,79,349,0,0
1743860511926,HUAWEI NEN-LX1,PyTorch,mobilenet_v2,acoustic_guitar.JPEG,acoustic guitar,0,57,1076,0,0,1
1743860513383,HUAWEI NEN-LX1,TFLite,efficientnet_lite0,admiral.JPEG,admiral,97,93,131,2588,0,1
1743860513384,HUAWEI NEN-LX1,TFLite,efficientnet_lite0_int8,admiral.JPEG,wood rabbit,50,98,80,365,0,0
1743860513384,HUAWEI NEN-LX1,PyTorch,mobilenet_v2,admiral.JPEG,admiral,0,92,519,2600,0,1
1743860515023,HUAWEI NEN-LX1,TFLite,efficientnet_lite0,affenpinscher.JPEG,affenpinscher,90,82,133,0,0,1
1743860515024,HUAWEI NEN-LX1,TFLite,efficientnet_lite0_int8,affenpinscher.JPEG,Newfoundland,79,61,80,365,0,0
1743860515024,HUAWEI NEN-LX1,PyTorch,mobilenet_v2,affenpinscher.JPEG,affenpinscher,0,75,717,3520,0,1
1743860516480,HUAWEI NEN-LX1,TFLite,efficientnet_lite0,agama.JPEG,agama,92,18,137,0,0,1
1743860516481,HUAWEI NEN-LX1,TFLite,efficientnet_lite0_int8,agama.JPEG,spiny lobster,55,29,80,365,0,4
1743860516481,HUAWEI NEN-LX1,PyTorch,mobilenet_v2,agama.JPEG,agama,1,45,540,2672,0,1
1743860518028,HUAWEI NEN-LX1,TFLite,efficientnet_lite0,agaric.JPEG,agaric,79,39,137,2620,0,0
1743860518028,HUAWEI NEN-LX1,TFLite,efficientnet_lite0_int8,agaric.JPEG,lemon,64,71,80,349,0,0
1743860518028,HUAWEI NEN-LX1,PyTorch,mobilenet_v2,agaric.JPEG,agaric,1,34,595,0,0,0
1743860519912,HUAWEI NEN-LX1,TFLite,efficientnet_lite0,aircraft_carrier.JPEG,aircraft carrier,97,98,131,2588,0,1
1743860519913,HUAWEI NEN-LX1,TFLite,efficientnet_lite0_int8,aircraft_carrier.JPEG,drilling platform,50,59,80,365,0,0
1743860519913,HUAWEI NEN-LX1,PyTorch,mobilenet_v2,aircraft_carrier.JPEG,aircraft carrier,2,00,923,433,0,1
1743860521399,HUAWEI NEN-LX1,TFLite,efficientnet_lite0,airliner.JPEG,airliner,79,81,140,0,0,1
1743860521400,HUAWEI NEN-LX1,TFLite,efficientnet_lite0_int8,airliner.JPEG,worm fence,57,65,79,365,0,0
1743860521400,HUAWEI NEN-LX1,PyTorch,mobilenet_v2,airliner.JPEG,airliner,3,13,570,2600,0,1
1743860522596,HUAWEI NEN-LX1,TFLite,efficientnet_lite0,airship.JPEG,airship,97,36,137,0,0,1
1743860522597,HUAWEI NEN-LX1,TFLite,efficientnet_lite0_int8,airship.JPEG,tench,50,20,80,349,0,0
1743860522597,HUAWEI NEN-LX1,PyTorch,mobilenet_v2,airship.JPEG,airship,99,21,287,0,0,1
1743860524072,HUAWEI NEN-LX1,TFLite,efficientnet_lite0,albatross.JPEG,albatross,95,19,133,2604,0,1
1743860524072,HUAWEI NEN-LX1,TFLite,efficientnet_lite0_int8,albatross.JPEG,platypus,51,76,80,349,0,0
1743860524073,HUAWEI NEN-LX1,PyTorch,mobilenet_v2,albatross.JPEG,albatross,1,95,539,0,0,1
1743860526983,HUAWEI NEN-LX1,TFLite,efficientnet_lite0,alligator_lizard.JPEG,alligator lizard,32,68,133,0,0,1
1743860526983,HUAWEI NEN-LX1,TFLite,efficientnet_lite0_int8,alligator_lizard.JPEG,king snake,65,88,79,365,0,0
1743860526984,HUAWEI NEN-LX1,PyTorch,mobilenet_v2,alligator_lizard.JPEG,alligator lizard,1,37,848,2841,0,1
1743860528418,HUAWEI NEN-LX1,TFLite,efficientnet_lite0,alp.JPEG,valley,80,16,145,2588,0,2
1743860528419,HUAWEI NEN-LX1,TFLite,efficientnet_lite0_int8,alp.JPEG,geyser,61,96,80,349,0,0
1743860528419,HUAWEI NEN-LX1,PyTorch,mobilenet_v2,alp.JPEG,valley,8,91,412,1880,0,2
1743860529864,HUAWEI NEN-LX1,TFLite,efficientnet_lite0,altar.JPEG,fountain,55,92,132,0,0,2
1743860529865,HUAWEI NEN-LX1,TFLite,efficientnet_lite0_int8,altar.JPEG,French horn,98,43,80,349,0,0
1743860529865,HUAWEI NEN-LX1,PyTorch,mobilenet_v2,altar.JPEG,fountain,0,68,538,2636,0,3
1743860532313,HUAWEI NEN-LX1,TFLite,efficientnet_lite0,ambulance.JPEG,ambulance,93,48,139,0,0,1
1743860532314,HUAWEI NEN-LX1,TFLite,efficientnet_lite0_int8,ambulance.JPEG,mitten,56,86,80,365,0,0
1743860532314,HUAWEI NEN-LX1,PyTorch,mobilenet_v2,ambulance.JPEG,ambulance,0,44,1463,5543,0,1
1743860533865,HUAWEI NEN-LX1,TFLite,efficientnet_lite0,amphibian.JPEG,amphibian,97,42,130,2588,0,1
1743860533865,HUAWEI NEN-LX1,TFLite,efficientnet_lite0_int8,amphibian.JPEG,bearskin,50,59,79,365,0,0
1743860533866,HUAWEI NEN-LX1,PyTorch,mobilenet_v2,amphibian.JPEG,ashcan,0,42,605,2924,0,2
1743860535159,HUAWEI NEN-LX1,TFLite,efficientnet_lite0,analog_clock.JPEG,analog clock,39,53,137,0,0,1
1743860535159,HUAWEI NEN-LX1,TFLite,efficientnet_lite0_int8,analog_clock.JPEG,assault rifle,98,82,79,365,0,0
1743860535160,HUAWEI NEN-LX1,PyTorch,mobilenet_v2,analog_clock.JPEG,wall clock,1,94,401,1756,0,2
1743860536652,HUAWEI NEN-LX1,TFLite,efficientnet_lite0,anemone_fish.JPEG,anemone fish,69,57,132,2588,0,1
1743860536652,HUAWEI NEN-LX1,TFLite,efficientnet_lite0_int8,anemone_fish.JPEG,puffer,91,76,80,349,0,0
1743860536652,HUAWEI NEN-LX1,PyTorch,mobilenet_v2,anemone_fish.JPEG,anemone fish,1,74,566,2924,0,1
1743860539243,HUAWEI NEN-LX1,TFLite,efficientnet_lite0,ant.JPEG,ant,71,84,136,0,0,0
1743860539244,HUAWEI NEN-LX1,TFLite,efficientnet_lite0_int8,ant.JPEG,cicada,53,73,79,349,0,0
1743860539244,HUAWEI NEN-LX1,PyTorch,mobilenet_v2,ant.JPEG,water ouzel,0,79,1597,5172,0,0
1743860540864,HUAWEI NEN-LX1,TFLite,efficientnet_lite0,apiary.JPEG,apiary,95,07,132,2588,0,1
1743860540865,HUAWEI NEN-LX1,TFLite,efficientnet_lite0_int8,apiary.JPEG,mosque,50,98,79,349,0,0
1743860540865,HUAWEI NEN-LX1,PyTorch,mobilenet_v2,apiary.JPEG,apiary,2,70,659,3336,0,1
1743860542596,HUAWEI NEN-LX1,TFLite,efficientnet_lite0,apron.JPEG,apron,88,39,131,2588,0,1
1743860542596,HUAWEI NEN-LX1,TFLite,efficientnet_lite0_int8,apron.JPEG,parachute,52,55,82,0,0,0
1743860542596,HUAWEI NEN-LX1,PyTorch,mobilenet_v2,apron.JPEG,desk,0,64,818,4044,0,4
1743860544353,HUAWEI NEN-LX1,TFLite,efficientnet_lite0,armadillo.JPEG,armadillo,55,11,130,2588,0,1
1743860544353,HUAWEI NEN-LX1,TFLite,efficientnet_lite0_int8,armadillo.JPEG,frilled lizard,51,76,79,349,0,0
1743860544353,HUAWEI NEN-LX1,PyTorch,mobilenet_v2,armadillo.JPEG,armadillo,2,00,805,0,0,1
1743860545832,HUAWEI NEN-LX1,TFLite,efficientnet_lite0,artichoke.JPEG,artichoke,22,46,132,2588,0,1
1743860545833,HUAWEI NEN-LX1,TFLite,efficientnet_lite0_int8,artichoke.JPEG,cucumber,51,76,79,365,0,0
1743860545833,HUAWEI NEN-LX1,PyTorch,mobilenet_v2,artichoke.JPEG,artichoke,2,87,540,2600,0,1
1743860547723,HUAWEI NEN-LX1,TFLite,efficientnet_lite0,ashcan.JPEG,ashcan,25,10,133,0,0,1
1743860547723,HUAWEI NEN-LX1,TFLite,efficientnet_lite0_int8,ashcan.JPEG,coil,69,80,80,365,0,0
1743860547723,HUAWEI NEN-LX1,PyTorch,mobilenet_v2,ashcan.JPEG,clog,0,50,944,0,0,4
1743860549181,HUAWEI NEN-LX1,TFLite,efficientnet_lite0,assault_rifle.JPEG,assault rifle,57,46,133,2588,0,1
1743860549181,HUAWEI NEN-LX1,TFLite,efficientnet_lite0_int8,assault_rifle.JPEG,rugby ball,95,29,79,365,0,0
1743860549182,HUAWEI NEN-LX1,PyTorch,mobilenet_v2,assault_rifle.JPEG,tripod,0,82,527,2604,0,5
1743860550540,HUAWEI NEN-LX1,TFLite,efficientnet_lite0,axolotl.JPEG,common newt,68,54,134,0,0,0
1743860550541,HUAWEI NEN-LX1,TFLite,efficientnet_lite0_int8,axolotl.JPEG,bullfrog,70,59,80,365,0,0
1743860550541,HUAWEI NEN-LX1,PyTorch,mobilenet_v2,axolotl.JPEG,common newt,6,18,462,2204,0,0
1743860552171,HUAWEI NEN-LX1,TFLite,efficientnet_lite0,baboon.JPEG,baboon,88,61,142,0,0,1
1743860552172,HUAWEI NEN-LX1,TFLite,efficientnet_lite0_int8,baboon.JPEG,marmoset,53,33,80,365,0,0
1743860552172,HUAWEI NEN-LX1,PyTorch,mobilenet_v2,baboon.JPEG,baboon,0,95,691,2912,0,1
1743860553691,HUAWEI NEN-LX1,TFLite,efficientnet_lite0,backpack.JPEG,backpack,37,79,137,0,0,1
1743860553692,HUAWEI NEN-LX1,TFLite,efficientnet_lite0_int8,backpack.JPEG,washer,98,43,81,349,0,0
1743860553692,HUAWEI NEN-LX1,PyTorch,mobilenet_v2,backpack.JPEG,backpack,0,92,586,0,0,1
1743860555147,HUAWEI NEN-LX1,TFLite,efficientnet_lite0,badger.JPEG,badger,97,51,145,0,0,1
1743860555148,HUAWEI NEN-LX1,TFLite,efficientnet_lite0_int8,badger.JPEG,tench,50,20,80,349,0,0
1743860555148,HUAWEI NEN-LX1,PyTorch,mobilenet_v2,badger.JPEG,badger,2,66,525,0,0,1
1743860556579,HUAWEI NEN-LX1,TFLite,efficientnet_lite0,bagel.JPEG,dough,19,98,137,0,0,4
1743860556580,HUAWEI NEN-LX1,TFLite,efficientnet_lite0_int8,bagel.JPEG,potpie,64,71,80,365,0,0
1743860556580,HUAWEI NEN-LX1,PyTorch,mobilenet_v2,bagel.JPEG,dough,1,02,523,2604,0,2
1743860558099,HUAWEI NEN-LX1,TFLite,efficientnet_lite0,bakery.JPEG,bakery,64,37,135,0,0,1
1743860558100,HUAWEI NEN-LX1,TFLite,efficientnet_lite0_int8,bakery.JPEG,cleaver,66,27,80,365,0,0
1743860558100,HUAWEI NEN-LX1,PyTorch,mobilenet_v2,bakery.JPEG,refrigerator,1,43,599,0,0,2
1743860559570,HUAWEI NEN-LX1,TFLite,efficientnet_lite0,balance_beam.JPEG,balance beam,26,16,133,2588,0,1
1743860559570,HUAWEI NEN-LX1,TFLite,efficientnet_lite0_int8,balance_beam.JPEG,tile roof,84,71,80,365,0,0
1743860559570,HUAWEI NEN-LX1,PyTorch,mobilenet_v2,balance_beam.JPEG,balance beam,1,44,526,0,0,1
1743860561039,HUAWEI NEN-LX1,TFLite,efficientnet_lite0,bald_eagle.JPEG,bald eagle,91,94,131,2604,0,1
1743860561039,HUAWEI NEN-LX1,TFLite,efficientnet_lite0_int8,bald_eagle.JPEG,European fire salamander,56,86,102,0,0,0
1743860561039,HUAWEI NEN-LX1,PyTorch,mobilenet_v2,bald_eagle.JPEG,bald eagle,1,15,514,2620,0,1
1743860562572,HUAWEI NEN-LX1,TFLite,efficientnet_lite0,balloon.JPEG,balloon,96,74,131,0,0,1
1743860562573,HUAWEI NEN-LX1,TFLite,efficientnet_lite0_int8,balloon.JPEG,tench,50,20,82,0,0,0
1743860562573,HUAWEI NEN-LX1,PyTorch,mobilenet_v2,balloon.JPEG,balloon,2,17,586,2952,0,1
1743860564118,HUAWEI NEN-LX1,TFLite,efficientnet_lite0,ballplayer.JPEG,ballplayer,93,00,131,2588,0,1
1743860564119,HUAWEI NEN-LX1,TFLite,efficientnet_lite0_int8,ballplayer.JPEG,seat belt,56,47,79,365,0,0
1743860564119,HUAWEI NEN-LX1,PyTorch,mobilenet_v2,ballplayer.JPEG,ballplayer,8,29,610,0,0,1
1743860565204,HUAWEI NEN-LX1,TFLite,efficientnet_lite0,ballpoint.JPEG,ballpoint,43,49,132,2588,0,1
1743860565205,HUAWEI NEN-LX1,TFLite,efficientnet_lite0_int8,ballpoint.JPEG,barbell,68,63,80,365,0,0
1743860565205,HUAWEI NEN-LX1,PyTorch,mobilenet_v2,ballpoint.JPEG,fountain pen,70,35,185,504,0,2
1743860566704,HUAWEI NEN-LX1,TFLite,efficientnet_lite0,banana.JPEG,banana,83,49,136,0,0,1
1743860566705,HUAWEI NEN-LX1,TFLite,efficientnet_lite0_int8,banana.JPEG,hay,96,08,79,349,0,0
1743860566705,HUAWEI NEN-LX1,PyTorch,mobilenet_v2,banana.JPEG,banana,2,40,581,2924,0,1
1743860567928,HUAWEI NEN-LX1,TFLite,efficientnet_lite0,banded_gecko.JPEG,banded gecko,60,79,139,0,0,1
1743860567929,HUAWEI NEN-LX1,TFLite,efficientnet_lite0_int8,banded_gecko.JPEG,agama,94,51,79,349,0,0
1743860567929,HUAWEI NEN-LX1,PyTorch,mobilenet_v2,banded_gecko.JPEG,banded gecko,4,09,323,1324,0,1
1743860569504,HUAWEI NEN-LX1,TFLite,efficientnet_lite0,banjo.JPEG,banjo,96,99,138,2604,0,1
1743860569505,HUAWEI NEN-LX1,TFLite,efficientnet_lite0_int8,banjo.JPEG,electric fan,51,37,80,349,0,0
1743860569505,HUAWEI NEN-LX1,PyTorch,mobilenet_v2,banjo.JPEG,banjo,4,12,603,0,0,1
1743860571030,HUAWEI NEN-LX1,TFLite,efficientnet_lite0,bannister.JPEG,hamper,23,65,132,2588,0,0
1743860571030,HUAWEI NEN-LX1,TFLite,efficientnet_lite0_int8,bannister.JPEG,hard disc,67,45,80,349,0,0
1743860571030,HUAWEI NEN-LX1,PyTorch,mobilenet_v2,bannister.JPEG,bannister,1,05,581,0,0,1
1743860572536,HUAWEI NEN-LX1,TFLite,efficientnet_lite0,barbell.JPEG,barbell,99,72,129,2588,0,1
1743860572536,HUAWEI NEN-LX1,TFLite,efficientnet_lite0_int8,barbell.JPEG,tench,50,20,82,0,0,0
1743860572537,HUAWEI NEN-LX1,PyTorch,mobilenet_v2,barbell.JPEG,barbell,13,26,592,2539,0,1
1743860574024,HUAWEI NEN-LX1,TFLite,efficientnet_lite0,barber_chair.JPEG,barber chair,83,37,176,0,0,1
1743860574025,HUAWEI NEN-LX1,TFLite,efficientnet_lite0_int8,barber_chair.JPEG,barrow,66,27,80,349,0,0
1743860574025,HUAWEI NEN-LX1,PyTorch,mobilenet_v2,barber_chair.JPEG,barber chair,4,45,525,0,0,1
1743860575521,HUAWEI NEN-LX1,TFLite,efficientnet_lite0,barbershop.JPEG,barber chair,54,69,133,0,0,3
1743860575521,HUAWEI NEN-LX1,TFLite,efficientnet_lite0_int8,barbershop.JPEG,barrel,68,24,80,365,0,0
1743860575521,HUAWEI NEN-LX1,PyTorch,mobilenet_v2,barbershop.JPEG,holster,0,73,586,2936,0,0
1743860576948,HUAWEI NEN-LX1,TFLite,efficientnet_lite0,barn.JPEG,barn,99,45,130,0,0,0
1743860576949,HUAWEI NEN-LX1,TFLite,efficientnet_lite0_int8,barn.JPEG,bookcase,50,59,79,365,0,0
1743860576949,HUAWEI NEN-LX1,PyTorch,mobilenet_v2,barn.JPEG,barn,7,43,523,0,0,0
1743860578245,HUAWEI NEN-LX1,TFLite,efficientnet_lite0,barn_spider.JPEG,magpie,35,96,131,2588,0,0
1743860578246,HUAWEI NEN-LX1,TFLite,efficientnet_lite0_int8,barn_spider.JPEG,bald eagle,54,51,79,365,0,0
1743860578246,HUAWEI NEN-LX1,PyTorch,mobilenet_v2,barn_spider.JPEG,black grouse,1,70,380,1676,0,0
1743860579715,HUAWEI NEN-LX1,TFLite,efficientnet_lite0,barometer.JPEG,guillotine,25,80,138,0,0,3
1743860579715,HUAWEI NEN-LX1,TFLite,efficientnet_lite0_int8,barometer.JPEG,cinema,62,75,80,349,0,0
1743860579715,HUAWEI NEN-LX1,PyTorch,mobilenet_v2,barometer.JPEG,rule,0,81,524,2604,0,0
1743860582631,HUAWEI NEN-LX1,TFLite,efficientnet_lite0,barracouta.JPEG,barracouta,96,56,144,0,0,1
1743860582632,HUAWEI NEN-LX1,TFLite,efficientnet_lite0_int8,barracouta.JPEG,hammerhead,52,94,85,0,0,0
1743860582632,HUAWEI NEN-LX1,PyTorch,mobilenet_v2,barracouta.JPEG,tench,0,58,1866,8298,0,2
1743860584047,HUAWEI NEN-LX1,TFLite,efficientnet_lite0,barrel.JPEG,rain barrel,89,58,132,2588,0,2
1743860584047,HUAWEI NEN-LX1,TFLite,efficientnet_lite0_int8,barrel.JPEG,bassinet,58,43,80,365,0,0
1743860584048,HUAWEI NEN-LX1,PyTorch,mobilenet_v2,barrel.JPEG,rain barrel,1,11,498,2496,0,0
1743860585561,HUAWEI NEN-LX1,TFLite,efficientnet_lite0,barrow.JPEG,barrow,99,65,129,2604,0,1
1743860585561,HUAWEI NEN-LX1,TFLite,efficientnet_lite0_int8,barrow.JPEG,tench,50,20,80,349,0,0
1743860585562,HUAWEI NEN-LX1,PyTorch,mobilenet_v2,barrow.JPEG,barrow,2,92,577,0,0,1
1743860587003,HUAWEI NEN-LX1,TFLite,efficientnet_lite0,baseball.JPEG,baseball,64,77,131,2588,0,1
1743860587003,HUAWEI NEN-LX1,TFLite,efficientnet_lite0_int8,baseball.JPEG,bathing cap,72,55,80,365,0,0
1743860587004,HUAWEI NEN-LX1,PyTorch,mobilenet_v2,baseball.JPEG,baseball,1,39,518,2604,0,1
1743860588513,HUAWEI NEN-LX1,TFLite,efficientnet_lite0,basenji.JPEG,basenji,93,74,134,0,0,1
1743860588513,HUAWEI NEN-LX1,TFLite,efficientnet_lite0_int8,basenji.JPEG,beagle,51,76,79,365,0,0
1743860588514,HUAWEI NEN-LX1,PyTorch,mobilenet_v2,basenji.JPEG,basenji,0,68,593,2936,0,1
1743860589991,HUAWEI NEN-LX1,TFLite,efficientnet_lite0,basketball.JPEG,basketball,53,91,138,2620,0,1
1743860589992,HUAWEI NEN-LX1,TFLite,efficientnet_lite0_int8,basketball.JPEG,wardrobe,65,10,84,0,0,0
1743860589992,HUAWEI NEN-LX1,PyTorch,mobilenet_v2,basketball.JPEG,basketball,17,14,510,2604,0,1
1743860591497,HUAWEI NEN-LX1,TFLite,efficientnet_lite0,basset.JPEG,basset,68,47,131,0,0,1
1743860591498,HUAWEI NEN-LX1,TFLite,efficientnet_lite0_int8,basset.JPEG,Walker hound,78,04,82,0,0,0
1743860591498,HUAWEI NEN-LX1,PyTorch,mobilenet_v2,basset.JPEG,basset,1,15,565,2832,0,1
1743860593046,HUAWEI NEN-LX1,TFLite,efficientnet_lite0,bassinet.JPEG,bassinet,95,35,133,2604,0,1
1743860593046,HUAWEI NEN-LX1,TFLite,efficientnet_lite0_int8,bassinet.JPEG,crib,54,51,79,365,0,0
1743860593047,HUAWEI NEN-LX1,PyTorch,mobilenet_v2,bassinet.JPEG,bassinet,4,87,610,0,0,1
1743860594584,HUAWEI NEN-LX1,TFLite,efficientnet_lite0,bassoon.JPEG,bassoon,90,76,131,2588,0,1
1743860594585,HUAWEI NEN-LX1,TFLite,efficientnet_lite0_int8,bassoon.JPEG,schooner,76,08,80,365,0,0
1743860594585,HUAWEI NEN-LX1,PyTorch,mobilenet_v2,bassoon.JPEG,bassoon,1,17,597,0,0,1
1743860596104,HUAWEI NEN-LX1,TFLite,efficientnet_lite0,bath_towel.JPEG,bath towel,81,40,129,2588,0,1
1743860596104,HUAWEI NEN-LX1,TFLite,efficientnet_lite0_int8,bath_towel.JPEG,parachute,56,86,82,0,0,0
1743860596105,HUAWEI NEN-LX1,PyTorch,mobilenet_v2,bath_towel.JPEG,bath towel,0,51,610,2936,0,1
1743860597673,HUAWEI NEN-LX1,TFLite,efficientnet_lite0,bathing_cap.JPEG,bathing cap,99,64,141,55,0,1
1743860597673,HUAWEI NEN-LX1,TFLite,efficientnet_lite0_int8,bathing_cap.JPEG,tench,50,20,80,365,0,0
1743860597673,HUAWEI NEN-LX1,PyTorch,mobilenet_v2,bathing_cap.JPEG,bathing cap,2,10,597,2936,0,1
1743860599438,HUAWEI NEN-LX1,TFLite,efficientnet_lite0,bathtub.JPEG,bathtub,54,44,139,2604,0,1
1743860599438,HUAWEI NEN-LX1,TFLite,efficientnet_lite0_int8,bathtub.JPEG,water tower,92,94,81,365,0,0
1743860599438,HUAWEI NEN-LX1,PyTorch,mobilenet_v2,bathtub.JPEG,washbasin,5,34,786,0,0,2
1743860600887,HUAWEI NEN-LX1,TFLite,efficientnet_lite0,beach_wagon.JPEG,beach wagon,73,81,131,2588,0,1
1743860600887,HUAWEI NEN-LX1,TFLite,efficientnet_lite0_int8,beach_wagon.JPEG,mobile home,54,90,80,349,0,0
1743860600887,HUAWEI NEN-LX1,PyTorch,mobilenet_v2,beach_wagon.JPEG,beach wagon,1,38,518,2604,0,1
1743860602426,HUAWEI NEN-LX1,TFLite,efficientnet_lite0,beacon.JPEG,beacon,85,02,133,0,0,1
1743860602427,HUAWEI NEN-LX1,TFLite,efficientnet_lite0_int8,beacon.JPEG,window screen,52,55,80,349,0,0
1743860602427,HUAWEI NEN-LX1,PyTorch,mobilenet_v2,beacon.JPEG,beacon,2,68,590,2936,0,1
1743860604696,HUAWEI NEN-LX1,TFLite,efficientnet_lite0,beagle.JPEG,bluetick,53,28,136,0,0,2
1743860604697,HUAWEI NEN-LX1,TFLite,efficientnet_lite0_int8,beagle.JPEG,Walker hound,61,96,80,365,0,0
1743860604697,HUAWEI NEN-LX1,PyTorch,mobilenet_v2,beagle.JPEG,beagle,0,71,1278,3862,0,1
1743860605893,HUAWEI NEN-LX1,TFLite,efficientnet_lite0,beaker.JPEG,beaker,44,19,131,2604,0,1
1743860605894,HUAWEI NEN-LX1,TFLite,efficientnet_lite0_int8,beaker.JPEG,prayer rug,79,61,80,365,0,0
1743860605894,HUAWEI NEN-LX1,PyTorch,mobilenet_v2,beaker.JPEG,beaker,21,35,285,1112,0,1
1743860606890,HUAWEI NEN-LX1,TFLite,efficientnet_lite0,bearskin.JPEG,ski mask,33,23,131,2588,0,2
1743860606890,HUAWEI NEN-LX1,TFLite,efficientnet_lite0_int8,bearskin.JPEG,bib,97,25,80,349,0,0
1743860606891,HUAWEI NEN-LX1,PyTorch,mobilenet_v2,bearskin.JPEG,bearskin,99,85,121,160,0,1
1743860608464,HUAWEI NEN-LX1,TFLite,efficientnet_lite0,beaver.JPEG,beaver,94,66,131,2604,0,1
1743860608464,HUAWEI NEN-LX1,TFLite,efficientnet_lite0_int8,beaver.JPEG,guinea pig,51,37,80,349,0,0
1743860608465,HUAWEI NEN-LX1,PyTorch,mobilenet_v2,beaver.JPEG,beaver,2,67,599,2936,0,1
1743860610062,HUAWEI NEN-LX1,TFLite,efficientnet_lite0,bee.JPEG,bee,96,99,131,2604,0,0
1743860610062,HUAWEI NEN-LX1,TFLite,efficientnet_lite0_int8,bee.JPEG,horse cart,54,90,87,0,0,0
1743860610063,HUAWEI NEN-LX1,PyTorch,mobilenet_v2,bee.JPEG,bee,1,14,667,3228,0,0
1743860611527,HUAWEI NEN-LX1,TFLite,efficientnet_lite0,bee_eater.JPEG,bee eater,99,01,138,0,0,1
1743860611528,HUAWEI NEN-LX1,TFLite,efficientnet_lite0_int8,bee_eater.JPEG,tench,50,20,84,0,0,0
1743860611528,HUAWEI NEN-LX1,PyTorch,mobilenet_v2,bee_eater.JPEG,bee eater,4,58,541,2668,0,1
1743860613082,HUAWEI NEN-LX1,TFLite,efficientnet_lite0,beer_bottle.JPEG,beer bottle,61,38,164,0,0,0
1743860613083,HUAWEI NEN-LX1,TFLite,efficientnet_lite0_int8,beer_bottle.JPEG,prayer rug,67,45,80,349,0,0
1743860613083,HUAWEI NEN-LX1,PyTorch,mobilenet_v2,beer_bottle.JPEG,beer bottle,2,11,594,0,0,0
1743860614651,HUAWEI NEN-LX1,TFLite,efficientnet_lite0,beer_glass.JPEG,beer glass,67,65,180,0,0,0
1743860614652,HUAWEI NEN-LX1,TFLite,efficientnet_lite0_int8,beer_glass.JPEG,gondola,66,67,80,349,0,0
1743860614652,HUAWEI NEN-LX1,PyTorch,mobilenet_v2,beer_glass.JPEG,beer glass,1,85,597,0,0,0
1743860616590,HUAWEI NEN-LX1,TFLite,efficientnet_lite0,bell_cote.JPEG,bell cote,79,64,136,0,0,1
1743860616590,HUAWEI NEN-LX1,TFLite,efficientnet_lite0_int8,bell_cote.JPEG,cloak,72,94,80,349,0,0
1743860616590,HUAWEI NEN-LX1,PyTorch,mobilenet_v2,bell_cote.JPEG,bell cote,0,80,983,1694,0,1
1743860618054,HUAWEI NEN-LX1,TFLite,efficientnet_lite0,bell_pepper.JPEG,bell pepper,99,04,132,2588,0,1
1743860618054,HUAWEI NEN-LX1,TFLite,efficientnet_lite0_int8,bell_pepper.JPEG,tench,50,20,80,365,0,0
1743860618054,HUAWEI NEN-LX1,PyTorch,mobilenet_v2,bell_pepper.JPEG,bell pepper,2,33,528,2620,0,1
1743860619548,HUAWEI NEN-LX1,TFLite,efficientnet_lite0,bib.JPEG,bib,99,59,133,0,0,1
1743860619548,HUAWEI NEN-LX1,TFLite,efficientnet_lite0_int8,bib.JPEG,tench,50,20,79,365,0,0
1743860619548,HUAWEI NEN-LX1,PyTorch,mobilenet_v2,bib.JPEG,bib,9,82,581,2936,0,1
1743860621101,HUAWEI NEN-LX1,TFLite,efficientnet_lite0,bicycle-built-for-two.JPEG,bicycle-built-for-two,79,92,136,0,0,0
1743860621102,HUAWEI NEN-LX1,TFLite,efficientnet_lite0_int8,bicycle-built-for-two.JPEG,moving van,61,57,79,365,0,0
1743860621102,HUAWEI NEN-LX1,PyTorch,mobilenet_v2,bicycle-built-for-two.JPEG,bicycle-built-for-two,1,15,632,3004,0,0
1743860622644,HUAWEI NEN-LX1,TFLite,efficientnet_lite0,bighorn.JPEG,bighorn,41,24,137,2604,0,1
1743860622645,HUAWEI NEN-LX1,TFLite,efficientnet_lite0_int8,bighorn.JPEG,gazelle,69,41,92,0,0,0
1743860622645,HUAWEI NEN-LX1,PyTorch,mobilenet_v2,bighorn.JPEG,bighorn,1,04,578,2936,0,1
1743860624128,HUAWEI NEN-LX1,TFLite,efficientnet_lite0,bikini.JPEG,bikini,65,50,131,0,0,1
1743860624128,HUAWEI NEN-LX1,TFLite,efficientnet_lite0_int8,bikini.JPEG,bucket,56,86,79,349,0,0
1743860624129,HUAWEI NEN-LX1,PyTorch,mobilenet_v2,bikini.JPEG,bikini,1,88,537,0,0,1
1743860625695,HUAWEI NEN-LX1,TFLite,efficientnet_lite0,binder.JPEG,toilet tissue,13,98,131,2588,0,0
1743860625696,HUAWEI NEN-LX1,TFLite,efficientnet_lite0_int8,binder.JPEG,vacuum,66,27,80,349,0,0
1743860625696,HUAWEI NEN-LX1,PyTorch,mobilenet_v2,binder.JPEG,soap dispenser,0,46,629,0,0,3
1743860626840,HUAWEI NEN-LX1,TFLite,efficientnet_lite0,binoculars.JPEG,binoculars,86,83,134,0,0,1
1743860626841,HUAWEI NEN-LX1,TFLite,efficientnet_lite0_int8,binoculars.JPEG,fire engine,50,98,79,365,0,0
1743860626841,HUAWEI NEN-LX1,PyTorch,mobilenet_v2,binoculars.JPEG,binoculars,40,89,262,984,0,1
1743860628419,HUAWEI NEN-LX1,TFLite,efficientnet_lite0,birdhouse.JPEG,birdhouse,92,23,133,0,0,1
1743860628420,HUAWEI NEN-LX1,TFLite,efficientnet_lite0_int8,birdhouse.JPEG,baseball,50,98,83,365,0,0
1743860628420,HUAWEI NEN-LX1,PyTorch,mobilenet_v2,birdhouse.JPEG,birdhouse,2,37,596,0,0,1
1743860630024,HUAWEI NEN-LX1,TFLite,efficientnet_lite0,bison.JPEG,bison,72,37,133,2588,0,1
1743860630024,HUAWEI NEN-LX1,TFLite,efficientnet_lite0_int8,bison.JPEG,drum,69,41,81,349,0,0
1743860630024,HUAWEI NEN-LX1,PyTorch,mobilenet_v2,bison.JPEG,wild boar,0,84,594,0,0,2
1743860631457,HUAWEI NEN-LX1,TFLite,efficientnet_lite0,bittern.JPEG,bittern,68,61,139,0,0,1
1743860631458,HUAWEI NEN-LX1,TFLite,efficientnet_lite0_int8,bittern.JPEG,albatross,62,35,80,365,0,0
1743860631458,HUAWEI NEN-LX1,PyTorch,mobilenet_v2,bittern.JPEG,bittern,3,07,510,2604,0,1
1743860632494,HUAWEI NEN-LX1,TFLite,efficientnet_lite0,black-and-tan_coonhound.JPEG,black-and-tan coonhound,93,22,132,0,0,0
1743860632494,HUAWEI NEN-LX1,TFLite,efficientnet_lite0_int8,black-and-tan_coonhound.JPEG,Welsh springer spaniel,56,47,80,365,0,0
1743860632495,HUAWEI NEN-LX1,PyTorch,mobilenet_v2,black-and-tan_coonhound.JPEG,black-and-tan coonhound,87,90,172,428,0,0
1743860633945,HUAWEI NEN-LX1,TFLite,efficientnet_lite0,black-footed_ferret.JPEG,black-footed ferret,75,73,138,0,0,0
1743860633946,HUAWEI NEN-LX1,TFLite,efficientnet_lite0_int8,black-footed_ferret.JPEG,otter,65,49,82,0,0,0
1743860633946,HUAWEI NEN-LX1,PyTorch,mobilenet_v2,black-footed_ferret.JPEG,black-footed ferret,1,23,523,2616,0,0
1743860635562,HUAWEI NEN-LX1,TFLite,efficientnet_lite0,black_and_gold_garden_spider.JPEG,black and gold garden spider,33,92,157,0,0,1
1743860635563,HUAWEI NEN-LX1,TFLite,efficientnet_lite0_int8,black_and_gold_garden_spider.JPEG,tarantula,84,71,80,349,0,0
1743860635563,HUAWEI NEN-LX1,PyTorch,mobilenet_v2,black_and_gold_garden_spider.JPEG,black and gold garden spider,0,94,670,122,0,1
1743860637096,HUAWEI NEN-LX1,TFLite,efficientnet_lite0,black_grouse.JPEG,black grouse,95,96,137,0,0,1
1743860637097,HUAWEI NEN-LX1,TFLite,efficientnet_lite0_int8,black_grouse.JPEG,dowitcher,58,43,81,365,0,0
1743860637097,HUAWEI NEN-LX1,PyTorch,mobilenet_v2,black_grouse.JPEG,black grouse,2,18,586,2940,0,1
1743860638222,HUAWEI NEN-LX1,TFLite,efficientnet_lite0,black_stork.JPEG,black stork,40,19,138,0,0,1
1743860638222,HUAWEI NEN-LX1,TFLite,efficientnet_lite0_int8,black_stork.JPEG,grey whale,75,29,80,349,0,0
1743860638223,HUAWEI NEN-LX1,PyTorch,mobilenet_v2,black_stork.JPEG,black stork,99,51,159,0,0,1
1743860640001,HUAWEI NEN-LX1,TFLite,efficientnet_lite0,black_swan.JPEG,black swan,84,95,140,0,0,1
1743860640002,HUAWEI NEN-LX1,TFLite,efficientnet_lite0_int8,black_swan.JPEG,house finch,55,69,80,365,0,0
1743860640002,HUAWEI NEN-LX1,PyTorch,mobilenet_v2,black_swan.JPEG,black swan,0,78,816,2972,0,1
1743860641570,HUAWEI NEN-LX1,TFLite,efficientnet_lite0,black_widow.JPEG,black widow,60,64,131,2588,0,1
1743860641571,HUAWEI NEN-LX1,TFLite,efficientnet_lite0_int8,black_widow.JPEG,centipede,95,29,80,365,0,0
1743860641571,HUAWEI NEN-LX1,PyTorch,mobilenet_v2,black_widow.JPEG,black widow,0,57,631,3144,0,1
1743860643118,HUAWEI NEN-LX1,TFLite,efficientnet_lite0,bloodhound.JPEG,bull mastiff,25,49,137,0,0,2
1743860643118,HUAWEI NEN-LX1,TFLite,efficientnet_lite0_int8,bloodhound.JPEG,English foxhound,83,53,79,349,0,0
1743860643118,HUAWEI NEN-LX1,PyTorch,mobilenet_v2,bloodhound.JPEG,bloodhound,0,96,587,2936,0,1
1743860644972,HUAWEI NEN-LX1,TFLite,efficientnet_lite0,bluetick.JPEG,bluetick,94,54,137,0,0,0
1743860644973,HUAWEI NEN-LX1,TFLite,efficientnet_lite0_int8,bluetick.JPEG,Gordon setter,52,16,80,365,0,0
1743860644973,HUAWEI NEN-LX1,PyTorch,mobilenet_v2,bluetick.JPEG,bluetick,0,74,885,3716,0,0
1743860646492,HUAWEI NEN-LX1,TFLite,efficientnet_lite0,boa_constrictor.JPEG,boa constrictor,92,36,136,0,0,1
1743860646492,HUAWEI NEN-LX1,TFLite,efficientnet_lite0_int8,boa_constrictor.JPEG,horned viper,51,37,80,365,0,0
1743860646493,HUAWEI NEN-LX1,PyTorch,mobilenet_v2,boa_constrictor.JPEG,boa constrictor,1,75,603,2936,0,1
1743860648660,HUAWEI NEN-LX1,TFLite,efficientnet_lite0,boathouse.JPEG,boathouse,78,75,133,0,0,1
1743860648661,HUAWEI NEN-LX1,TFLite,efficientnet_lite0_int8,boathouse.JPEG,valley,51,76,80,365,0,0
1743860648661,HUAWEI NEN-LX1,PyTorch,mobilenet_v2,boathouse.JPEG,worm fence,0,52,1209,963,0,3
1743860650174,HUAWEI NEN-LX1,TFLite,efficientnet_lite0,bobsled.JPEG,bobsled,66,76,132,2588,0,1
1743860650174,HUAWEI NEN-LX1,TFLite,efficientnet_lite0_int8,bobsled.JPEG,bookshop,89,80,80,349,0,0
1743860650175,HUAWEI NEN-LX1,PyTorch,mobilenet_v2,bobsled.JPEG,bobsled,2,60,572,2936,0,1
1743860651683,HUAWEI NEN-LX1,TFLite,efficientnet_lite0,bolete.JPEG,earthstar,25,91,137,0,0,2
1743860651684,HUAWEI NEN-LX1,TFLite,efficientnet_lite0_int8,bolete.JPEG,toilet tissue,85,49,79,349,0,0
1743860651684,HUAWEI NEN-LX1,PyTorch,mobilenet_v2,bolete.JPEG,bolete,0,72,586,2952,0,1
1743860652812,HUAWEI NEN-LX1,TFLite,efficientnet_lite0,bolo_tie.JPEG,bolo tie,60,00,132,2604,0,1
1743860652813,HUAWEI NEN-LX1,TFLite,efficientnet_lite0_int8,bolo_tie.JPEG,bottlecap,92,94,87,0,0,0
1743860652813,HUAWEI NEN-LX1,PyTorch,mobilenet_v2,bolo_tie.JPEG,bolo tie,32,58,246,912,0,1
1743860654468,HUAWEI NEN-LX1,TFLite,efficientnet_lite0,bonnet.JPEG,bonnet,63,60,134,142,0,1
1743860654468,HUAWEI NEN-LX1,TFLite,efficientnet_lite0_int8,bonnet.JPEG,bow,97,25,79,349,0,0
1743860654469,HUAWEI NEN-LX1,PyTorch,mobilenet_v2,bonnet.JPEG,bonnet,3,00,701,1021,0,1
1743860655839,HUAWEI NEN-LX1,TFLite,efficientnet_lite0,book_jacket.JPEG,book jacket,27,12,133,2588,0,1
1743860655839,HUAWEI NEN-LX1,TFLite,efficientnet_lite0_int8,book_jacket.JPEG,consomme,60,00,80,349,0,3
1743860655840,HUAWEI NEN-LX1,PyTorch,mobilenet_v2,book_jacket.JPEG,book jacket,1,84,448,2200,0,1
1743860657136,HUAWEI NEN-LX1,TFLite,efficientnet_lite0,bookcase.JPEG,bookcase,55,24,137,0,0,1
1743860657137,HUAWEI NEN-LX1,TFLite,efficientnet_lite0_int8,bookcase.JPEG,bow tie,84,71,80,365,0,0
1743860657137,HUAWEI NEN-LX1,PyTorch,mobilenet_v2,bookcase.JPEG,bookcase,4,78,394,1760,0,1
1743860658693,HUAWEI NEN-LX1,TFLite,efficientnet_lite0,bookshop.JPEG,bookshop,85,95,133,0,0,1
1743860658694,HUAWEI NEN-LX1,TFLite,efficientnet_lite0_int8,bookshop.JPEG,tow truck,67,84,80,365,0,0
1743860658694,HUAWEI NEN-LX1,PyTorch,mobilenet_v2,bookshop.JPEG,bookshop,4,34,634,0,0,1
1743860659940,HUAWEI NEN-LX1,TFLite,efficientnet_lite0,borzoi.JPEG,borzoi,75,11,132,2588,0,1
1743860659941,HUAWEI NEN-LX1,TFLite,efficientnet_lite0_int8,borzoi.JPEG,Ibizan hound,91,37,80,365,0,0
1743860659941,HUAWEI NEN-LX1,PyTorch,mobilenet_v2,borzoi.JPEG,borzoi,6,93,340,1404,0,1
1743860661459,HUAWEI NEN-LX1,TFLite,efficientnet_lite0,bottlecap.JPEG,bottlecap,68,31,137,0,0,1
1743860661460,HUAWEI NEN-LX1,TFLite,efficientnet_lite0_int8,bottlecap.JPEG,lighter,76,86,80,349,0,0
1743860661460,HUAWEI NEN-LX1,PyTorch,mobilenet_v2,bottlecap.JPEG,pick,0,94,582,2936,0,2
1743860665516,HUAWEI NEN-LX1,TFLite,efficientnet_lite0,bow.JPEG,gazelle,27,33,144,0,0,5
1743860665517,HUAWEI NEN-LX1,TFLite,efficientnet_lite0_int8,bow.JPEG,mink,74,12,85,0,0,0
1743860665518,HUAWEI NEN-LX1,PyTorch,mobilenet_v2,bow.JPEG,nematode,0,37,2950,12086,0,0
1743860667037,HUAWEI NEN-LX1,TFLite,efficientnet_lite0,bow_tie.JPEG,radiator,17,14,138,2588,0,0
1743860667037,HUAWEI NEN-LX1,TFLite,efficientnet_lite0_int8,bow_tie.JPEG,recreational vehicle,93,33,80,349,0,0
1743860667038,HUAWEI NEN-LX1,PyTorch,mobilenet_v2,bow_tie.JPEG,bow tie,0,53,580,2936,0,0
1743860668548,HUAWEI NEN-LX1,TFLite,efficientnet_lite0,box_turtle.JPEG,mud turtle,47,48,131,2604,0,3
1743860668548,HUAWEI NEN-LX1,TFLite,efficientnet_lite0_int8,box_turtle.JPEG,chambered nautilus,69,02,79,365,0,0
1743860668549,HUAWEI NEN-LX1,PyTorch,mobilenet_v2,box_turtle.JPEG,box turtle,2,19,587,2936,0,1
1743860670050,HUAWEI NEN-LX1,TFLite,efficientnet_lite0,boxer.JPEG,boxer,93,53,135,0,0,1
1743860670050,HUAWEI NEN-LX1,TFLite,efficientnet_lite0_int8,boxer.JPEG,Saint Bernard,51,37,79,349,0,5
1743860670050,HUAWEI NEN-LX1,PyTorch,mobilenet_v2,boxer.JPEG,boxer,1,81,571,2604,0,1
1743860671564,HUAWEI NEN-LX1,TFLite,efficientnet_lite0,brain_coral.JPEG,brain coral,89,37,135,0,0,1
1743860671565,HUAWEI NEN-LX1,TFLite,efficientnet_lite0_int8,brain_coral.JPEG,sandbar,52,55,79,365,0,0
1743860671565,HUAWEI NEN-LX1,PyTorch,mobilenet_v2,brain_coral.JPEG,brain coral,1,30,609,2792,0,1
1743860673053,HUAWEI NEN-LX1,TFLite,efficientnet_lite0,brambling.JPEG,junco,9,05,132,0,0,5
1743860673054,HUAWEI NEN-LX1,TFLite,efficientnet_lite0_int8,brambling.JPEG,common newt,59,22,79,365,0,0
1743860673054,HUAWEI NEN-LX1,PyTorch,mobilenet_v2,brambling.JPEG,brambling,1,42,581,2940,0,1
1743860674633,HUAWEI NEN-LX1,TFLite,efficientnet_lite0,brass.JPEG,manhole cover,70,37,136,2620,0,2
1743860674634,HUAWEI NEN-LX1,TFLite,efficientnet_lite0_int8,brass.JPEG,broom,64,31,80,365,0,0
1743860674634,HUAWEI NEN-LX1,PyTorch,mobilenet_v2,brass.JPEG,manhole cover,2,27,604,0,0,2
1743860675928,HUAWEI NEN-LX1,TFLite,efficientnet_lite0,brassiere.JPEG,brassiere,30,34,132,2604,0,0
1743860675929,HUAWEI NEN-LX1,TFLite,efficientnet_lite0_int8,brassiere.JPEG,marimba,76,47,83,349,0,0
1743860675929,HUAWEI NEN-LX1,PyTorch,mobilenet_v2,brassiere.JPEG,maillot,3,17,350,1552,0,0
1743860677438,HUAWEI NEN-LX1,TFLite,efficientnet_lite0,breakwater.JPEG,breakwater,67,62,137,0,0,1
1743860677439,HUAWEI NEN-LX1,TFLite,efficientnet_lite0_int8,breakwater.JPEG,beer glass,90,20,80,365,0,0
1743860677439,HUAWEI NEN-LX1,PyTorch,mobilenet_v2,breakwater.JPEG,breakwater,2,89,582,2936,0,1
1743860678465,HUAWEI NEN-LX1,TFLite,efficientnet_lite0,breastplate.JPEG,breastplate,15,34,134,0,0,1
1743860678466,HUAWEI NEN-LX1,TFLite,efficientnet_lite0_int8,breastplate.JPEG,toyshop,98,04,80,365,0,0
1743860678466,HUAWEI NEN-LX1,PyTorch,mobilenet_v2,breastplate.JPEG,breastplate,70,75,151,296,0,1
1743860679913,HUAWEI NEN-LX1,TFLite,efficientnet_lite0,briard.JPEG,briard,92,12,140,0,0,1
1743860679913,HUAWEI NEN-LX1,TFLite,efficientnet_lite0_int8,briard.JPEG,miniature pinscher,51,76,80,349,0,0
1743860679913,HUAWEI NEN-LX1,PyTorch,mobilenet_v2,briard.JPEG,briard,1,33,524,2584,0,1
1743860681767,HUAWEI NEN-LX1,TFLite,efficientnet_lite0,broccoli.JPEG,broccoli,86,49,134,0,0,1
1743860681767,HUAWEI NEN-LX1,TFLite,efficientnet_lite0_int8,broccoli.JPEG,motor scooter,50,59,80,365,0,0
1743860681768,HUAWEI NEN-LX1,PyTorch,mobilenet_v2,broccoli.JPEG,broccoli,2,83,912,406,0,1
1743860683288,HUAWEI NEN-LX1,TFLite,efficientnet_lite0,broom.JPEG,swab,24,83,133,2588,0,3
1743860683289,HUAWEI NEN-LX1,TFLite,efficientnet_lite0_int8,broom.JPEG,switch,76,08,79,349,0,0
1743860683289,HUAWEI NEN-LX1,PyTorch,mobilenet_v2,broom.JPEG,barrow,0,85,600,2936,0,0
1743860684368,HUAWEI NEN-LX1,TFLite,efficientnet_lite0,brown_bear.JPEG,brown bear,65,22,136,0,0,1
1743860684369,HUAWEI NEN-LX1,TFLite,efficientnet_lite0_int8,brown_bear.JPEG,tiger beetle,51,37,80,365,0,0
1743860684369,HUAWEI NEN-LX1,PyTorch,mobilenet_v2,brown_bear.JPEG,brown bear,33,23,197,604,0,1
1743860685850,HUAWEI NEN-LX1,TFLite,efficientnet_lite0,bubble.JPEG,bubble,68,97,131,2604,0,1
1743860685850,HUAWEI NEN-LX1,TFLite,efficientnet_lite0_int8,bubble.JPEG,bikini,50,59,82,0,0,0
1743860685850,HUAWEI NEN-LX1,PyTorch,mobilenet_v2,bubble.JPEG,bubble,13,67,581,2936,0,1
1743860687343,HUAWEI NEN-LX1,TFLite,efficientnet_lite0,bucket.JPEG,bucket,87,12,135,0,0,1
1743860687344,HUAWEI NEN-LX1,TFLite,efficientnet_lite0_int8,bucket.JPEG,oxcart,54,90,80,365,0,0
1743860687344,HUAWEI NEN-LX1,PyTorch,mobilenet_v2,bucket.JPEG,bucket,0,75,579,2936,0,1
1743860688811,HUAWEI NEN-LX1,TFLite,efficientnet_lite0,buckeye.JPEG,buckeye,96,71,138,0,0,1
1743860688812,HUAWEI NEN-LX1,TFLite,efficientnet_lite0_int8,buckeye.JPEG,coil,51,76,82,0,0,0
1743860688812,HUAWEI NEN-LX1,PyTorch,mobilenet_v2,buckeye.JPEG,buckeye,4,50,495,2520,0,1
1743860690195,HUAWEI NEN-LX1,TFLite,efficientnet_lite0,buckle.JPEG,buckle,90,73,133,0,0,1
1743860690196,HUAWEI NEN-LX1,TFLite,efficientnet_lite0_int8,buckle.JPEG,hamper,52,16,80,365,0,0
1743860690196,HUAWEI NEN-LX1,PyTorch,mobilenet_v2,buckle.JPEG,buckle,0,86,493,2504,0,1
1743860691644,HUAWEI NEN-LX1,TFLite,efficientnet_lite0,bulbul.JPEG,bulbul,94,14,132,0,0,1
1743860691644,HUAWEI NEN-LX1,TFLite,efficientnet_lite0_int8,bulbul.JPEG,chickadee,50,59,83,365,0,0
1743860691645,HUAWEI NEN-LX1,PyTorch,mobilenet_v2,bulbul.JPEG,bulbul,2,42,517,0,0,1
1743860692885,HUAWEI NEN-LX1,TFLite,efficientnet_lite0,bull_mastiff.JPEG,bull mastiff,54,12,131,2588,0,1
1743860692886,HUAWEI NEN-LX1,TFLite,efficientnet_lite0_int8,bull_mastiff.JPEG,Samoyed,78,04,79,349,0,0
1743860692886,HUAWEI NEN-LX1,PyTorch,mobilenet_v2,bull_mastiff.JPEG,bull mastiff,1,66,338,1544,0,1
1743860694363,HUAWEI NEN-LX1,TFLite,efficientnet_lite0,bullet_train.JPEG,bullet train,93,00,136,0,0,1
1743860694364,HUAWEI NEN-LX1,TFLite,efficientnet_lite0_int8,bullet_train.JPEG,face powder,50,59,83,349,0,0
1743860694364,HUAWEI NEN-LX1,PyTorch,mobilenet_v2,bullet_train.JPEG,bullet train,3,85,509,2604,0,1
1743860695437,HUAWEI NEN-LX1,TFLite,efficientnet_lite0,bulletproof_vest.JPEG,bulletproof vest,97,08,155,0,0,1
1743860695437,HUAWEI NEN-LX1,TFLite,efficientnet_lite0_int8,bulletproof_vest.JPEG,dial telephone,50,59,82,0,0,0
1743860695437,HUAWEI NEN-LX1,PyTorch,mobilenet_v2,bulletproof_vest.JPEG,bulletproof vest,96,58,178,512,0,1
1743860696831,HUAWEI NEN-LX1,TFLite,efficientnet_lite0,bullfrog.JPEG,bullfrog,93,83,138,0,0,1
1743860696831,HUAWEI NEN-LX1,TFLite,efficientnet_lite0_int8,bullfrog.JPEG,terrapin,50,98,80,365,0,0
1743860696832,HUAWEI NEN-LX1,PyTorch,mobilenet_v2,bullfrog.JPEG,bullfrog,6,89,485,2412,0,1
1743860698356,HUAWEI NEN-LX1,TFLite,efficientnet_lite0,burrito.JPEG,burrito,71,72,132,0,0,1
1743860698357,HUAWEI NEN-LX1,TFLite,efficientnet_lite0_int8,burrito.JPEG,trifle,60,00,80,349,0,0
1743860698357,HUAWEI NEN-LX1,PyTorch,mobilenet_v2,burrito.JPEG,burrito,1,64,594,0,0,1
1743860699766,HUAWEI NEN-LX1,TFLite,efficientnet_lite0,bustard.JPEG,bustard,94,88,129,2588,0,1
1743860699767,HUAWEI NEN-LX1,TFLite,efficientnet_lite0_int8,bustard.JPEG,junco,50,59,78,349,0,0
1743860699767,HUAWEI NEN-LX1,PyTorch,mobilenet_v2,bustard.JPEG,bustard,5,94,514,0,0,1
1743860701191,HUAWEI NEN-LX1,TFLite,efficientnet_lite0,butcher_shop.JPEG,Dutch oven,11,75,130,2588,0,4
1743860701192,HUAWEI NEN-LX1,TFLite,efficientnet_lite0_int8,butcher_shop.JPEG,entertainment center,67,84,83,0,0,0
1743860701192,HUAWEI NEN-LX1,PyTorch,mobilenet_v2,butcher_shop.JPEG,butcher shop,1,03,511,2604,0,1
1743860702639,HUAWEI NEN-LX1,TFLite,efficientnet_lite0,butternut_squash.JPEG,butternut squash,96,91,130,0,0,1
1743860702639,HUAWEI NEN-LX1,TFLite,efficientnet_lite0_int8,butternut_squash.JPEG,cardoon,88,63,79,365,0,0
1743860702639,HUAWEI NEN-LX1,PyTorch,mobilenet_v2,butternut_squash.JPEG,butternut squash,6,58,502,0,0,1
1743860704124,HUAWEI NEN-LX1,TFLite,efficientnet_lite0,cab.JPEG,cab,95,60,133,0,0,0
1743860704124,HUAWEI NEN-LX1,TFLite,efficientnet_lite0_int8,cab.JPEG,screw,51,37,80,365,0,0
1743860704125,HUAWEI NEN-LX1,PyTorch,mobilenet_v2,cab.JPEG,cab,16,48,582,2920,0,0
1743860705952,HUAWEI NEN-LX1,TFLite,efficientnet_lite0,cabbage_butterfly.JPEG,cabbage butterfly,93,12,136,2604,0,0
1743860705953,HUAWEI NEN-LX1,TFLite,efficientnet_lite0_int8,cabbage_butterfly.JPEG,lycaenid,50,98,80,365,0,0
1743860705953,HUAWEI NEN-LX1,PyTorch,mobilenet_v2,cabbage_butterfly.JPEG,cabbage butterfly,0,82,832,0,0,0
1743860707166,HUAWEI NEN-LX1,TFLite,efficientnet_lite0,cairn.JPEG,cairn,64,43,130,2588,0,1
1743860707167,HUAWEI NEN-LX1,TFLite,efficientnet_lite0_int8,cairn.JPEG,Sealyham terrier,61,18,79,349,0,0
1743860707167,HUAWEI NEN-LX1,PyTorch,mobilenet_v2,cairn.JPEG,cairn,4,58,310,1292,0,1
1743860708700,HUAWEI NEN-LX1,TFLite,efficientnet_lite0,caldron.JPEG,caldron,44,07,135,0,0,1
1743860708701,HUAWEI NEN-LX1,TFLite,efficientnet_lite0_int8,caldron.JPEG,can opener,75,69,80,349,0,0
1743860708701,HUAWEI NEN-LX1,PyTorch,mobilenet_v2,caldron.JPEG,barrel,0,87,589,2936,0,2
1743860710020,HUAWEI NEN-LX1,TFLite,efficientnet_lite0,can_opener.JPEG,can opener,94,39,136,0,0,1
1743860710020,HUAWEI NEN-LX1,TFLite,efficientnet_lite0_int8,can_opener.JPEG,tub,55,29,79,365,0,0
1743860710020,HUAWEI NEN-LX1,PyTorch,mobilenet_v2,can_opener.JPEG,can opener,2,26,419,1804,0,1
1743860711501,HUAWEI NEN-LX1,TFLite,efficientnet_lite0,candle.JPEG,candle,98,59,138,0,0,1
1743860711502,HUAWEI NEN-LX1,TFLite,efficientnet_lite0_int8,candle.JPEG,tractor,53,33,80,365,0,0
1743860711502,HUAWEI NEN-LX1,PyTorch,mobilenet_v2,candle.JPEG,candle,4,00,548,0,0,1
1743860713221,HUAWEI NEN-LX1,TFLite,efficientnet_lite0,cannon.JPEG,cannon,98,24,132,2588,0,1
1743860713222,HUAWEI NEN-LX1,TFLite,efficientnet_lite0_int8,cannon.JPEG,tench,50,20,79,365,0,0
1743860713222,HUAWEI NEN-LX1,PyTorch,mobilenet_v2,cannon.JPEG,cannon,1,54,772,0,0,1
1743860714745,HUAWEI NEN-LX1,TFLite,efficientnet_lite0,canoe.JPEG,canoe,97,39,136,0,0,1
1743860714746,HUAWEI NEN-LX1,TFLite,efficientnet_lite0_int8,canoe.JPEG,pajama,51,76,79,365,0,0
1743860714746,HUAWEI NEN-LX1,PyTorch,mobilenet_v2,canoe.JPEG,canoe,1,89,602,2936,0,1
1743860716153,HUAWEI NEN-LX1,TFLite,efficientnet_lite0,capuchin.JPEG,capuchin,31,85,135,2604,0,1
1743860716154,HUAWEI NEN-LX1,TFLite,efficientnet_lite0_int8,capuchin.JPEG,squirrel monkey,75,69,80,365,0,5
1743860716154,HUAWEI NEN-LX1,PyTorch,mobilenet_v2,capuchin.JPEG,titi,1,83,467,0,0,4
1743860717454,HUAWEI NEN-LX1,TFLite,efficientnet_lite0,car_mirror.JPEG,car mirror,92,29,134,0,0,1
1743860717454,HUAWEI NEN-LX1,TFLite,efficientnet_lite0_int8,car_mirror.JPEG,thimble,50,98,80,365,0,0
1743860717454,HUAWEI NEN-LX1,PyTorch,mobilenet_v2,car_mirror.JPEG,car mirror,27,46,417,1948,0,1
1743860718616,HUAWEI NEN-LX1,TFLite,efficientnet_lite0,car_wheel.JPEG,car wheel,96,13,133,0,0,0
1743860718616,HUAWEI NEN-LX1,TFLite,efficientnet_lite0_int8,car_wheel.JPEG,doormat,52,94,80,365,0,0
1743860718617,HUAWEI NEN-LX1,PyTorch,mobilenet_v2,car_wheel.JPEG,car wheel,8,37,278,1056,0,0
1743860719957,HUAWEI NEN-LX1,TFLite,efficientnet_lite0,carbonara.JPEG,carbonara,63,49,159,0,0,1
1743860719958,HUAWEI NEN-LX1,TFLite,efficientnet_lite0_int8,carbonara.JPEG,pizza,88,24,82,0,0,0
1743860719958,HUAWEI NEN-LX1,PyTorch,mobilenet_v2,carbonara.JPEG,hot pot,4,30,423,1824,0,4
1743860721625,HUAWEI NEN-LX1,TFLite,efficientnet_lite0,cardoon.JPEG,cardoon,65,20,136,0,0,1
1743860721625,HUAWEI NEN-LX1,TFLite,efficientnet_lite0_int8,cardoon.JPEG,Granny Smith,60,00,80,365,0,0
1743860721625,HUAWEI NEN-LX1,PyTorch,mobilenet_v2,cardoon.JPEG,cardoon,1,94,735,3116,0,1
1743860723177,HUAWEI NEN-LX1,TFLite,efficientnet_lite0,carousel.JPEG,golfcart,41,66,133,0,0,0
1743860723177,HUAWEI NEN-LX1,TFLite,efficientnet_lite0_int8,carousel.JPEG,castle,53,73,80,349,0,0
1743860723178,HUAWEI NEN-LX1,PyTorch,mobilenet_v2,carousel.JPEG,golfcart,0,88,602,0,0,0
1743860724679,HUAWEI NEN-LX1,TFLite,efficientnet_lite0,carpenter's_kit.JPEG,Christmas stocking,16,51,145,0,0,0
1743860724680,HUAWEI NEN-LX1,TFLite,efficientnet_lite0_int8,carpenter's_kit.JPEG,projector,56,47,80,349,0,0
1743860724680,HUAWEI NEN-LX1,PyTorch,mobilenet_v2,carpenter's_kit.JPEG,quilt,0,54,574,0,0,0
1743860726888,HUAWEI NEN-LX1,TFLite,efficientnet_lite0,carton.JPEG,carton,97,89,136,0,0,1
1743860726888,HUAWEI NEN-LX1,TFLite,efficientnet_lite0_int8,carton.JPEG,crutch,50,59,80,365,0,0
1743860726889,HUAWEI NEN-LX1,PyTorch,mobilenet_v2,carton.JPEG,carton,1,65,1246,4925,0,1
1743860730355,HUAWEI NEN-LX1,TFLite,efficientnet_lite0,cash_machine.JPEG,cash machine,83,96,131,2588,0,1
1743860730355,HUAWEI NEN-LX1,TFLite,efficientnet_lite0_int8,cash_machine.JPEG,perfume,63,14,79,349,0,0
1743860730356,HUAWEI NEN-LX1,PyTorch,mobilenet_v2,cash_machine.JPEG,cash machine,0,29,2402,1078,0,1
1743860731874,HUAWEI NEN-LX1,TFLite,efficientnet_lite0,cassette.JPEG,cassette,77,98,132,2588,0,1
1743860731874,HUAWEI NEN-LX1,TFLite,efficientnet_lite0_int8,cassette.JPEG,cello,55,69,79,349,0,0
1743860731874,HUAWEI NEN-LX1,PyTorch,mobilenet_v2,cassette.JPEG,cassette,1,75,589,2936,0,1
1743860733352,HUAWEI NEN-LX1,TFLite,efficientnet_lite0,cassette_player.JPEG,hard disc,49,30,129,2588,0,0
1743860733353,HUAWEI NEN-LX1,TFLite,efficientnet_lite0_int8,cassette_player.JPEG,puck,67,45,83,349,0,5
1743860733353,HUAWEI NEN-LX1,PyTorch,mobilenet_v2,cassette_player.JPEG,hard disc,0,86,527,2604,0,2
1743860734940,HUAWEI NEN-LX1,TFLite,efficientnet_lite0,castle.JPEG,castle,98,81,137,0,0,1
1743860734941,HUAWEI NEN-LX1,TFLite,efficientnet_lite0_int8,castle.JPEG,cloak,50,59,79,349,0,0
1743860734941,HUAWEI NEN-LX1,PyTorch,mobilenet_v2,castle.JPEG,castle,3,61,650,3192,0,1
1743860736464,HUAWEI NEN-LX1,TFLite,efficientnet_lite0,catamaran.JPEG,catamaran,70,19,133,0,0,1
1743860736464,HUAWEI NEN-LX1,TFLite,efficientnet_lite0_int8,catamaran.JPEG,trombone,76,86,80,365,0,0
1743860736464,HUAWEI NEN-LX1,PyTorch,mobilenet_v2,catamaran.JPEG,catamaran,1,26,610,2936,0,1
1743860738089,HUAWEI NEN-LX1,TFLite,efficientnet_lite0,cauliflower.JPEG,cauliflower,77,79,139,0,0,1
1743860738090,HUAWEI NEN-LX1,TFLite,efficientnet_lite0_int8,cauliflower.JPEG,spaghetti squash,50,59,80,365,0,0
1743860738090,HUAWEI NEN-LX1,PyTorch,mobilenet_v2,cauliflower.JPEG,cauliflower,4,60,690,2916,0,1
1743860739617,HUAWEI NEN-LX1,TFLite,efficientnet_lite0,cello.JPEG,cello,43,48,132,0,0,1
1743860739618,HUAWEI NEN-LX1,TFLite,efficientnet_lite0_int8,cello.JPEG,altar,81,18,81,349,0,0
1743860739618,HUAWEI NEN-LX1,PyTorch,mobilenet_v2,cello.JPEG,cello,1,55,590,0,0,1
1743860740719,HUAWEI NEN-LX1,TFLite,efficientnet_lite0,cellular_telephone.JPEG,hand-held computer,30,05,137,0,0,2
1743860740720,HUAWEI NEN-LX1,TFLite,efficientnet_lite0_int8,cellular_telephone.JPEG,chain saw,67,84,80,349,0,0
1743860740720,HUAWEI NEN-LX1,PyTorch,mobilenet_v2,cellular_telephone.JPEG,cellular telephone,84,38,216,0,0,1
1743860742172,HUAWEI NEN-LX1,TFLite,efficientnet_lite0,centipede.JPEG,centipede,87,99,137,0,0,1
1743860742173,HUAWEI NEN-LX1,TFLite,efficientnet_lite0_int8,centipede.JPEG,rock python,50,59,83,365,0,0
1743860742173,HUAWEI NEN-LX1,PyTorch,mobilenet_v2,centipede.JPEG,centipede,8,08,523,2620,0,1
1743860743359,HUAWEI NEN-LX1,TFLite,efficientnet_lite0,chain.JPEG,chain,51,09,137,0,0,1
1743860743360,HUAWEI NEN-LX1,TFLite,efficientnet_lite0_int8,chain.JPEG,Windsor tie,61,18,80,349,0,0
1743860743360,HUAWEI NEN-LX1,PyTorch,mobilenet_v2,chain.JPEG,chain,9,60,232,0,0,1
1743860744880,HUAWEI NEN-LX1,TFLite,efficientnet_lite0,chain_mail.JPEG,chain mail,85,67,137,2588,0,0
1743860744881,HUAWEI NEN-LX1,TFLite,efficientnet_lite0_int8,chain_mail.JPEG,carton,50,98,79,349,0,0
1743860744881,HUAWEI NEN-LX1,PyTorch,mobilenet_v2,chain_mail.JPEG,chain mail,5,66,587,0,0,0
1743860746021,HUAWEI NEN-LX1,TFLite,efficientnet_lite0,chain_saw.JPEG,lumbermill,88,14,134,0,0,0
1743860746022,HUAWEI NEN-LX1,TFLite,efficientnet_lite0_int8,chain_saw.JPEG,china cabinet,72,16,80,365,0,0
1743860746022,HUAWEI NEN-LX1,PyTorch,mobilenet_v2,chain_saw.JPEG,lumbermill,11,88,256,952,0,0
1743860747579,HUAWEI NEN-LX1,TFLite,efficientnet_lite0,chainlink_fence.JPEG,chainlink fence,94,22,135,0,0,0
1743860747579,HUAWEI NEN-LX1,TFLite,efficientnet_lite0_int8,chainlink_fence.JPEG,punching bag,51,76,80,365,0,0
1743860747579,HUAWEI NEN-LX1,PyTorch,mobilenet_v2,chainlink_fence.JPEG,chainlink fence,4,74,633,3128,0,4
1743860748689,HUAWEI NEN-LX1,TFLite,efficientnet_lite0,chambered_nautilus.JPEG,chambered nautilus,91,24,135,0,0,1
1743860748690,HUAWEI NEN-LX1,TFLite,efficientnet_lite0_int8,chambered_nautilus.JPEG,chambered nautilus,50,98,80,365,0,1
1743860748690,HUAWEI NEN-LX1,PyTorch,mobilenet_v2,chambered_nautilus.JPEG,chambered nautilus,39,35,229,800,0,1
1743860750118,HUAWEI NEN-LX1,TFLite,efficientnet_lite0,cheeseburger.JPEG,cheeseburger,97,84,133,2588,0,1
1743860750118,HUAWEI NEN-LX1,TFLite,efficientnet_lite0_int8,cheeseburger.JPEG,mashed potato,50,59,82,0,0,0
1743860750118,HUAWEI NEN-LX1,PyTorch,mobilenet_v2,cheeseburger.JPEG,cheeseburger,3,71,520,2616,0,1
1743860751573,HUAWEI NEN-LX1,TFLite,efficientnet_lite0,cheetah.JPEG,cheetah,85,55,137,0,0,1
1743860751574,HUAWEI NEN-LX1,TFLite,efficientnet_lite0_int8,cheetah.JPEG,cheetah,66,27,83,365,0,1
1743860751574,HUAWEI NEN-LX1,PyTorch,mobilenet_v2,cheetah.JPEG,cheetah,0,71,522,2584,0,1
1743860753498,HUAWEI NEN-LX1,TFLite,efficientnet_lite0,chest.JPEG,chest,85,19,135,0,0,1
1743860753498,HUAWEI NEN-LX1,TFLite,efficientnet_lite0_int8,chest.JPEG,crutch,53,73,80,349,0,0
1743860753499,HUAWEI NEN-LX1,PyTorch,mobilenet_v2,chest.JPEG,chest,0,56,972,694,0,1
1743860754956,HUAWEI NEN-LX1,TFLite,efficientnet_lite0,chickadee.JPEG,chickadee,94,95,132,2588,0,1
1743860754956,HUAWEI NEN-LX1,TFLite,efficientnet_lite0_int8,chickadee.JPEG,robin,50,59,80,349,0,0
1743860754956,HUAWEI NEN-LX1,PyTorch,mobilenet_v2,chickadee.JPEG,chickadee,1,27,523,2616,0,1
1743860756319,HUAWEI NEN-LX1,TFLite,efficientnet_lite0,chiffonier.JPEG,chiffonier,80,93,133,0,0,1
1743860756320,HUAWEI NEN-LX1,TFLite,efficientnet_lite0_int8,chiffonier.JPEG,velvet,54,90,80,349,0,0
1743860756320,HUAWEI NEN-LX1,PyTorch,mobilenet_v2,chiffonier.JPEG,chiffonier,3,22,464,2252,0,1
1743860757738,HUAWEI NEN-LX1,TFLite,efficientnet_lite0,chime.JPEG,chime,83,69,139,0,0,1
1743860757738,HUAWEI NEN-LX1,TFLite,efficientnet_lite0_int8,chime.JPEG,cloak,60,78,79,365,0,0
1743860757739,HUAWEI NEN-LX1,PyTorch,mobilenet_v2,chime.JPEG,chime,2,45,503,2456,0,1
1743860759261,HUAWEI NEN-LX1,TFLite,efficientnet_lite0,chimpanzee.JPEG,gorilla,61,02,134,0,0,2
1743860759262,HUAWEI NEN-LX1,TFLite,efficientnet_lite0_int8,chimpanzee.JPEG,patas,64,71,79,365,0,0
1743860759262,HUAWEI NEN-LX1,PyTorch,mobilenet_v2,chimpanzee.JPEG,chimpanzee,1,11,601,0,0,1
1743860760796,HUAWEI NEN-LX1,TFLite,efficientnet_lite0,china_cabinet.JPEG,china cabinet,95,15,130,2588,0,0
1743860760796,HUAWEI NEN-LX1,TFLite,efficientnet_lite0_int8,china_cabinet.JPEG,feather boa,51,37,80,349,0,0
1743860760797,HUAWEI NEN-LX1,PyTorch,mobilenet_v2,china_cabinet.JPEG,china cabinet,8,50,593,0,0,0
1743860762253,HUAWEI NEN-LX1,TFLite,efficientnet_lite0,chiton.JPEG,chiton,83,93,134,0,0,1
1743860762254,HUAWEI NEN-LX1,TFLite,efficientnet_lite0_int8,chiton.JPEG,barn spider,53,33,82,365,0,0
1743860762254,HUAWEI NEN-LX1,PyTorch,mobilenet_v2,chiton.JPEG,chiton,8,20,525,2604,0,1
1743860763824,HUAWEI NEN-LX1,TFLite,efficientnet_lite0,chocolate_sauce.JPEG,chocolate sauce,48,93,132,0,0,1
1743860763824,HUAWEI NEN-LX1,TFLite,efficientnet_lite0_int8,chocolate_sauce.JPEG,potpie,96,08,83,365,0,0
1743860763824,HUAWEI NEN-LX1,PyTorch,mobilenet_v2,chocolate_sauce.JPEG,waffle iron,0,83,612,0,0,0
1743860765209,HUAWEI NEN-LX1,TFLite,efficientnet_lite0,chow.JPEG,chow,65,03,131,2588,0,1
1743860765209,HUAWEI NEN-LX1,TFLite,efficientnet_lite0_int8,chow.JPEG,Cardigan,98,43,79,349,0,0
1743860765210,HUAWEI NEN-LX1,PyTorch,mobilenet_v2,chow.JPEG,Samoyed,0,72,463,2312,0,2
1743860766743,HUAWEI NEN-LX1,TFLite,efficientnet_lite0,church.JPEG,church,83,07,137,0,0,1
1743860766744,HUAWEI NEN-LX1,TFLite,efficientnet_lite0_int8,church.JPEG,baseball,58,04,83,349,0,0
1743860766744,HUAWEI NEN-LX1,PyTorch,mobilenet_v2,church.JPEG,church,1,01,558,0,0,1
1743860768414,HUAWEI NEN-LX1,TFLite,efficientnet_lite0,cicada.JPEG,cicada,63,33,130,2588,0,1
1743860768414,HUAWEI NEN-LX1,TFLite,efficientnet_lite0_int8,cicada.JPEG,admiral,55,29,79,349,0,0
1743860768414,HUAWEI NEN-LX1,PyTorch,mobilenet_v2,cicada.JPEG,cicada,1,59,732,0,0,1
1743860769902,HUAWEI NEN-LX1,TFLite,efficientnet_lite0,cinema.JPEG,cinema,74,54,134,0,0,1
1743860769903,HUAWEI NEN-LX1,TFLite,efficientnet_lite0_int8,cinema.JPEG,barrow,56,47,81,365,0,0
1743860769903,HUAWEI NEN-LX1,PyTorch,mobilenet_v2,cinema.JPEG,barbershop,2,04,567,2872,0,2
1743860771364,HUAWEI NEN-LX1,TFLite,efficientnet_lite0,cleaver.JPEG,butcher shop,92,28,135,2604,0,2
1743860771364,HUAWEI NEN-LX1,TFLite,efficientnet_lite0_int8,cleaver.JPEG,cocktail shaker,52,16,79,349,0,0
1743860771364,HUAWEI NEN-LX1,PyTorch,mobilenet_v2,cleaver.JPEG,butcher shop,16,31,526,0,0,3
1743860772884,HUAWEI NEN-LX1,TFLite,efficientnet_lite0,cliff.JPEG,cliff,87,05,132,2588,0,4
1743860772885,HUAWEI NEN-LX1,TFLite,efficientnet_lite0_int8,cliff.JPEG,coffee mug,51,37,79,365,0,0
1743860772885,HUAWEI NEN-LX1,PyTorch,mobilenet_v2,cliff.JPEG,cliff,1,32,586,0,0,0
1743860774419,HUAWEI NEN-LX1,TFLite,efficientnet_lite0,cliff_dwelling.JPEG,cliff dwelling,75,83,138,0,0,1
1743860774422,HUAWEI NEN-LX1,TFLite,efficientnet_lite0_int8,cliff_dwelling.JPEG,promontory,59,61,79,365,0,0
1743860774422,HUAWEI NEN-LX1,PyTorch,mobilenet_v2,cliff_dwelling.JPEG,cliff dwelling,3,41,614,2936,0,1
1743860775901,HUAWEI NEN-LX1,TFLite,efficientnet_lite0,cloak.JPEG,gown,22,02,137,0,0,2
1743860775902,HUAWEI NEN-LX1,TFLite,efficientnet_lite0_int8,cloak.JPEG,ladle,70,59,80,349,0,0
1743860775902,HUAWEI NEN-LX1,PyTorch,mobilenet_v2,cloak.JPEG,overskirt,1,30,530,0,0,0
1743860777288,HUAWEI NEN-LX1,TFLite,efficientnet_lite0,clog.JPEG,Loafer,34,01,132,2588,0,3
1743860777289,HUAWEI NEN-LX1,TFLite,efficientnet_lite0_int8,clog.JPEG,scale,83,14,79,349,0,0
1743860777289,HUAWEI NEN-LX1,PyTorch,mobilenet_v2,clog.JPEG,Loafer,2,14,461,0,0,3
1743860778797,HUAWEI NEN-LX1,TFLite,efficientnet_lite0,clumber.JPEG,clumber,94,35,132,2588,0,1
1743860778797,HUAWEI NEN-LX1,TFLite,efficientnet_lite0_int8,clumber.JPEG,clumber,51,76,94,0,0,1
1743860778798,HUAWEI NEN-LX1,PyTorch,mobilenet_v2,clumber.JPEG,clumber,1,02,589,2936,0,1
1743860780288,HUAWEI NEN-LX1,TFLite,efficientnet_lite0,cock.JPEG,cock,15,44,131,0,0,1
1743860780289,HUAWEI NEN-LX1,TFLite,efficientnet_lite0_int8,cock.JPEG,tusker,66,27,79,349,0,0
1743860780289,HUAWEI NEN-LX1,PyTorch,mobilenet_v2,cock.JPEG,partridge,0,74,547,0,0,4
1743860781748,HUAWEI NEN-LX1,TFLite,efficientnet_lite0,cocker_spaniel.JPEG,cocker spaniel,70,44,131,2588,0,0
1743860781749,HUAWEI NEN-LX1,TFLite,efficientnet_lite0_int8,cocker_spaniel.JPEG,Sussex spaniel,54,12,79,349,0,0
1743860781749,HUAWEI NEN-LX1,PyTorch,mobilenet_v2,cocker_spaniel.JPEG,cocker spaniel,1,04,538,0,0,0
1743860783172,HUAWEI NEN-LX1,TFLite,efficientnet_lite0,cockroach.JPEG,thimble,26,80,131,2588,0,0
1743860783172,HUAWEI NEN-LX1,TFLite,efficientnet_lite0_int8,cockroach.JPEG,toaster,73,73,84,0,0,0
1743860783172,HUAWEI NEN-LX1,PyTorch,mobilenet_v2,cockroach.JPEG,cockroach,1,11,523,2600,0,0
1743860785057,HUAWEI NEN-LX1,TFLite,efficientnet_lite0,cocktail_shaker.JPEG,cocktail shaker,66,74,138,2620,0,0
1743860785058,HUAWEI NEN-LX1,TFLite,efficientnet_lite0_int8,cocktail_shaker.JPEG,bikini,71,37,85,0,0,0
1743860785058,HUAWEI NEN-LX1,PyTorch,mobilenet_v2,cocktail_shaker.JPEG,medicine chest,0,52,877,3712,0,0
1743860788188,HUAWEI NEN-LX1,TFLite,efficientnet_lite0,coffee_mug.JPEG,coffee mug,87,74,131,2588,0,1
1743860788189,HUAWEI NEN-LX1,TFLite,efficientnet_lite0_int8,coffee_mug.JPEG,cliff,60,39,79,365,0,0
1743860788189,HUAWEI NEN-LX1,PyTorch,mobilenet_v2,coffee_mug.JPEG,coffee mug,0,49,2088,1950,0,1
1743860789713,HUAWEI NEN-LX1,TFLite,efficientnet_lite0,coffeepot.JPEG,coffeepot,45,80,132,2588,0,1
1743860789714,HUAWEI NEN-LX1,TFLite,efficientnet_lite0_int8,coffeepot.JPEG,computer keyboard,82,75,80,349,0,0
1743860789714,HUAWEI NEN-LX1,PyTorch,mobilenet_v2,coffeepot.JPEG,coffeepot,1,82,596,2936,0,1
1743860791288,HUAWEI NEN-LX1,TFLite,efficientnet_lite0,coho.JPEG,coho,88,74,131,2588,0,1
1743860791289,HUAWEI NEN-LX1,TFLite,efficientnet_lite0_int8,coho.JPEG,abaya,52,16,79,349,0,0
1743860791289,HUAWEI NEN-LX1,PyTorch,mobilenet_v2,coho.JPEG,coho,2,64,635,0,0,1
1743860792636,HUAWEI NEN-LX1,TFLite,efficientnet_lite0,coil.JPEG,coil,88,41,131,2588,0,1
1743860792637,HUAWEI NEN-LX1,TFLite,efficientnet_lite0_int8,coil.JPEG,Granny Smith,51,37,79,365,0,0
1743860792637,HUAWEI NEN-LX1,PyTorch,mobilenet_v2,coil.JPEG,hen-of-the-woods,0,72,434,2108,0,3
1743860794171,HUAWEI NEN-LX1,TFLite,efficientnet_lite0,collie.JPEG,collie,24,99,131,2588,0,1
1743860794172,HUAWEI NEN-LX1,TFLite,efficientnet_lite0_int8,collie.JPEG,German shepherd,96,08,79,349,0,0
1743860794172,HUAWEI NEN-LX1,PyTorch,mobilenet_v2,collie.JPEG,collie,0,36,632,0,0,1
1743860795689,HUAWEI NEN-LX1,TFLite,efficientnet_lite0,colobus.JPEG,langur,53,91,131,2588,0,2
1743860795690,HUAWEI NEN-LX1,TFLite,efficientnet_lite0_int8,colobus.JPEG,capuchin,94,90,80,349,0,5
1743860795690,HUAWEI NEN-LX1,PyTorch,mobilenet_v2,colobus.JPEG,colobus,2,45,562,0,0,1
1743860797076,HUAWEI NEN-LX1,TFLite,efficientnet_lite0,combination_lock.JPEG,combination lock,90,68,132,2588,0,1
1743860797076,HUAWEI NEN-LX1,TFLite,efficientnet_lite0_int8,combination_lock.JPEG,pickelhaube,50,59,85,0,0,0
1743860797076,HUAWEI NEN-LX1,PyTorch,mobilenet_v2,combination_lock.JPEG,combination lock,2,62,450,2224,0,1
1743860798552,HUAWEI NEN-LX1,TFLite,efficientnet_lite0,comic_book.JPEG,comic book,73,97,129,0,0,1
1743860798553,HUAWEI NEN-LX1,TFLite,efficientnet_lite0_int8,comic_book.JPEG,brass,67,45,79,365,0,0
1743860798553,HUAWEI NEN-LX1,PyTorch,mobilenet_v2,comic_book.JPEG,bookshop,4,01,529,0,0,2
1743860800104,HUAWEI NEN-LX1,TFLite,efficientnet_lite0,common_iguana.JPEG,common iguana,96,09,131,0,0,1
1743860800104,HUAWEI NEN-LX1,TFLite,efficientnet_lite0_int8,common_iguana.JPEG,thunder snake,52,94,105,0,0,0
1743860800105,HUAWEI NEN-LX1,PyTorch,mobilenet_v2,common_iguana.JPEG,common iguana,1,85,589,2936,0,1
1743860801368,HUAWEI NEN-LX1,TFLite,efficientnet_lite0,common_newt.JPEG,common newt,30,27,131,0,0,1
1743860801368,HUAWEI NEN-LX1,TFLite,efficientnet_lite0_int8,common_newt.JPEG,bullfrog,88,63,79,349,0,0
1743860801368,HUAWEI NEN-LX1,PyTorch,mobilenet_v2,common_newt.JPEG,common newt,2,71,356,0,0,1
1743860802896,HUAWEI NEN-LX1,TFLite,efficientnet_lite0,computer_keyboard.JPEG,computer keyboard,40,81,133,2588,0,1
1743860802896,HUAWEI NEN-LX1,TFLite,efficientnet_lite0_int8,computer_keyboard.JPEG,speedboat,59,61,79,349,0,0
1743860802896,HUAWEI NEN-LX1,PyTorch,mobilenet_v2,computer_keyboard.JPEG,computer keyboard,1,62,590,0,0,1
1743860804344,HUAWEI NEN-LX1,TFLite,efficientnet_lite0,conch.JPEG,conch,95,48,133,0,0,1
1743860804344,HUAWEI NEN-LX1,TFLite,efficientnet_lite0_int8,conch.JPEG,chambered nautilus,53,33,80,365,0,0
1743860804345,HUAWEI NEN-LX1,PyTorch,mobilenet_v2,conch.JPEG,conch,1,71,532,2604,0,1
1743860805892,HUAWEI NEN-LX1,TFLite,efficientnet_lite0,confectionery.JPEG,grocery store,64,40,135,2604,0,2
1743860805893,HUAWEI NEN-LX1,TFLite,efficientnet_lite0_int8,confectionery.JPEG,half track,65,10,80,349,0,0
1743860805893,HUAWEI NEN-LX1,PyTorch,mobilenet_v2,confectionery.JPEG,feather boa,0,70,596,0,0,0
1743860807345,HUAWEI NEN-LX1,TFLite,efficientnet_lite0,consomme.JPEG,consomme,48,18,132,2588,0,1
1743860807346,HUAWEI NEN-LX1,TFLite,efficientnet_lite0_int8,consomme.JPEG,bubble,86,67,80,365,0,0
1743860807346,HUAWEI NEN-LX1,PyTorch,mobilenet_v2,consomme.JPEG,consomme,1,34,522,0,0,1
1743860808845,HUAWEI NEN-LX1,TFLite,efficientnet_lite0,container_ship.JPEG,container ship,92,96,136,2604,0,1
1743860808846,HUAWEI NEN-LX1,TFLite,efficientnet_lite0_int8,container_ship.JPEG,lipstick,50,59,104,0,0,0
1743860808846,HUAWEI NEN-LX1,PyTorch,mobilenet_v2,container_ship.JPEG,container ship,2,20,533,2652,0,1
1743860810374,HUAWEI NEN-LX1,TFLite,efficientnet_lite0,convertible.JPEG,convertible,89,43,132,0,0,1
1743860810374,HUAWEI NEN-LX1,TFLite,efficientnet_lite0_int8,convertible.JPEG,pillow,57,25,79,365,0,0
1743860810374,HUAWEI NEN-LX1,PyTorch,mobilenet_v2,convertible.JPEG,convertible,1,46,589,470,0,1
1743860812019,HUAWEI NEN-LX1,TFLite,efficientnet_lite0,coral_fungus.JPEG,agaric,21,61,131,2588,0,3
1743860812020,HUAWEI NEN-LX1,TFLite,efficientnet_lite0_int8,coral_fungus.JPEG,earthstar,67,06,80,349,0,0
1743860812020,HUAWEI NEN-LX1,PyTorch,mobilenet_v2,coral_fungus.JPEG,gyromitra,0,39,704,0,0,0
1743860813551,HUAWEI NEN-LX1,TFLite,efficientnet_lite0,coral_reef.JPEG,coral reef,84,62,136,0,0,1
1743860813552,HUAWEI NEN-LX1,TFLite,efficientnet_lite0_int8,coral_reef.JPEG,sandbar,90,20,83,365,0,0
1743860813552,HUAWEI NEN-LX1,PyTorch,mobilenet_v2,coral_reef.JPEG,coral reef,2,09,578,2792,0,1
1743860822417,HUAWEI NEN-LX1,TFLite,efficientnet_lite0,corkscrew.JPEG,corkscrew,52,73,138,2588,0,1
1743860822418,HUAWEI NEN-LX1,TFLite,efficientnet_lite0_int8,corkscrew.JPEG,carpenter's kit,53,73,80,349,0,0
1743860822418,HUAWEI NEN-LX1,PyTorch,mobilenet_v2,corkscrew.JPEG,window screen,0,31,7520,26281,0,0
1743860823873,HUAWEI NEN-LX1,TFLite,efficientnet_lite0,corn.JPEG,megalith,3,95,137,2588,0,0
1743860823874,HUAWEI NEN-LX1,TFLite,efficientnet_lite0_int8,corn.JPEG,laptop,62,35,80,365,0,0
1743860823874,HUAWEI NEN-LX1,PyTorch,mobilenet_v2,corn.JPEG,book jacket,1,11,514,2632,0,0
1743860825796,HUAWEI NEN-LX1,TFLite,efficientnet_lite0,cornet.JPEG,French horn,55,11,131,2588,0,2
1743860825796,HUAWEI NEN-LX1,TFLite,efficientnet_lite0_int8,cornet.JPEG,crane,69,80,79,349,0,0
1743860825797,HUAWEI NEN-LX1,PyTorch,mobilenet_v2,cornet.JPEG,cornet,0,62,986,4808,0,1
1743860827223,HUAWEI NEN-LX1,TFLite,efficientnet_lite0,coucal.JPEG,coucal,82,90,131,2588,0,1
1743860827223,HUAWEI NEN-LX1,TFLite,efficientnet_lite0_int8,coucal.JPEG,jacamar,81,18,82,349,0,0
1743860827224,HUAWEI NEN-LX1,PyTorch,mobilenet_v2,coucal.JPEG,howler monkey,1,40,512,2604,0,2
1743860828744,HUAWEI NEN-LX1,TFLite,efficientnet_lite0,cougar.JPEG,cougar,25,83,137,0,0,1
1743860828744,HUAWEI NEN-LX1,TFLite,efficientnet_lite0_int8,cougar.JPEG,ground beetle,81,18,79,365,0,0
1743860828744,HUAWEI NEN-LX1,PyTorch,mobilenet_v2,cougar.JPEG,cliff dwelling,2,46,588,2936,0,2
1743860830847,HUAWEI NEN-LX1,TFLite,efficientnet_lite0,cowboy_boot.JPEG,cowboy boot,99,05,133,0,0,1
1743860830847,HUAWEI NEN-LX1,TFLite,efficientnet_lite0_int8,cowboy_boot.JPEG,tench,50,20,79,365,0,0
1743860830848,HUAWEI NEN-LX1,PyTorch,mobilenet_v2,cowboy_boot.JPEG,cowboy boot,1,48,1158,5456,0,1
1743860832449,HUAWEI NEN-LX1,TFLite,efficientnet_lite0,cowboy_hat.JPEG,cowboy hat,92,06,186,0,0,1
1743860832450,HUAWEI NEN-LX1,TFLite,efficientnet_lite0_int8,cowboy_hat.JPEG,space shuttle,76,47,83,365,0,0
1743860832450,HUAWEI NEN-LX1,PyTorch,mobilenet_v2,cowboy_hat.JPEG,cowboy hat,1,86,605,0,0,1
1743860833871,HUAWEI NEN-LX1,TFLite,efficientnet_lite0,coyote.JPEG,white wolf,12,80,144,0,0,4
1743860833872,HUAWEI NEN-LX1,TFLite,efficientnet_lite0_int8,coyote.JPEG,dhole,85,49,80,349,0,0
1743860833872,HUAWEI NEN-LX1,PyTorch,mobilenet_v2,coyote.JPEG,white wolf,0,75,509,2460,0,0
1743860835266,HUAWEI NEN-LX1,TFLite,efficientnet_lite0,cradle.JPEG,cradle,77,91,133,0,0,1
1743860835267,HUAWEI NEN-LX1,TFLite,efficientnet_lite0_int8,cradle.JPEG,grocery store,54,90,80,349,0,0
1743860835267,HUAWEI NEN-LX1,PyTorch,mobilenet_v2,cradle.JPEG,cradle,1,87,494,2444,0,1
1743860836764,HUAWEI NEN-LX1,TFLite,efficientnet_lite0,crane.JPEG,little blue heron,9,30,132,2604,0,0
1743860836765,HUAWEI NEN-LX1,TFLite,efficientnet_lite0_int8,crane.JPEG,limpkin,51,37,84,0,0,0
1743860836765,HUAWEI NEN-LX1,PyTorch,mobilenet_v2,crane.JPEG,crane,1,54,587,2539,0,1
1743860838330,HUAWEI NEN-LX1,TFLite,efficientnet_lite0,crash_helmet.JPEG,crash helmet,93,59,183,0,0,1
1743860838331,HUAWEI NEN-LX1,TFLite,efficientnet_lite0_int8,crash_helmet.JPEG,mousetrap,52,16,83,349,0,0
1743860838332,HUAWEI NEN-LX1,PyTorch,mobilenet_v2,crash_helmet.JPEG,crash helmet,3,78,569,0,0,1
1743860840930,HUAWEI NEN-LX1,TFLite,efficientnet_lite0,crate.JPEG,crate,13,25,167,0,0,1
1743860840930,HUAWEI NEN-LX1,TFLite,efficientnet_lite0_int8,crate.JPEG,crutch,61,57,80,349,0,0
1743860840930,HUAWEI NEN-LX1,PyTorch,mobilenet_v2,crate.JPEG,studio couch,0,32,1568,4391,0,0
1743860842517,HUAWEI NEN-LX1,TFLite,efficientnet_lite0,crayfish.JPEG,crayfish,66,80,130,2588,0,1
1743860842518,HUAWEI NEN-LX1,TFLite,efficientnet_lite0_int8,crayfish.JPEG,black stork,89,02,80,349,0,5
1743860842518,HUAWEI NEN-LX1,PyTorch,mobilenet_v2,crayfish.JPEG,crayfish,0,75,629,2920,0,1
1743860844363,HUAWEI NEN-LX1,TFLite,efficientnet_lite0,crib.JPEG,crib,68,00,130,2588,0,1
1743860844364,HUAWEI NEN-LX1,TFLite,efficientnet_lite0_int8,crib.JPEG,crib,60,39,79,349,0,1
1743860844364,HUAWEI NEN-LX1,PyTorch,mobilenet_v2,crib.JPEG,studio couch,0,58,888,0,0,2
1743860845807,HUAWEI NEN-LX1,TFLite,efficientnet_lite0,cricket.JPEG,cricket,93,91,130,2588,0,1
1743860845808,HUAWEI NEN-LX1,TFLite,efficientnet_lite0_int8,cricket.JPEG,mantis,59,22,79,365,0,0
1743860845808,HUAWEI NEN-LX1,PyTorch,mobilenet_v2,cricket.JPEG,cricket,1,97,512,2604,0,1
1743860847359,HUAWEI NEN-LX1,TFLite,efficientnet_lite0,croquet_ball.JPEG,croquet ball,98,34,141,0,0,1
1743860847360,HUAWEI NEN-LX1,TFLite,efficientnet_lite0_int8,croquet_ball.JPEG,gown,53,73,85,0,0,0
1743860847360,HUAWEI NEN-LX1,PyTorch,mobilenet_v2,croquet_ball.JPEG,croquet ball,3,59,595,2936,0,1
1743860848861,HUAWEI NEN-LX1,TFLite,efficientnet_lite0,crossword_puzzle.JPEG,crossword puzzle,15,93,142,0,0,1
1743860848862,HUAWEI NEN-LX1,TFLite,efficientnet_lite0_int8,crossword_puzzle.JPEG,electric guitar,78,82,80,349,0,0
1743860848862,HUAWEI NEN-LX1,PyTorch,mobilenet_v2,crossword_puzzle.JPEG,rubber eraser,1,42,584,0,0,0
1743860850312,HUAWEI NEN-LX1,TFLite,efficientnet_lite0,crutch.JPEG,crutch,19,77,136,0,0,1
1743860850313,HUAWEI NEN-LX1,TFLite,efficientnet_lite0_int8,crutch.JPEG,desktop computer,67,84,80,365,0,0
1743860850313,HUAWEI NEN-LX1,PyTorch,mobilenet_v2,crutch.JPEG,crutch,1,97,546,2736,0,1
1743860851856,HUAWEI NEN-LX1,TFLite,efficientnet_lite0,cucumber.JPEG,cucumber,27,78,136,2620,0,0
1743860851856,HUAWEI NEN-LX1,TFLite,efficientnet_lite0_int8,cucumber.JPEG,mushroom,71,37,79,365,0,0
1743860851856,HUAWEI NEN-LX1,PyTorch,mobilenet_v2,cucumber.JPEG,cucumber,3,24,582,0,0,0
1743860853324,HUAWEI NEN-LX1,TFLite,efficientnet_lite0,cuirass.JPEG,cuirass,75,73,132,2588,0,1
1743860853325,HUAWEI NEN-LX1,TFLite,efficientnet_lite0_int8,cuirass.JPEG,bulletproof vest,65,88,79,365,0,0
1743860853325,HUAWEI NEN-LX1,PyTorch,mobilenet_v2,cuirass.JPEG,cuirass,6,49,526,0,0,1
1743860854807,HUAWEI NEN-LX1,TFLite,efficientnet_lite0,cup.JPEG,cup,60,34,131,2588,0,0
1743860854807,HUAWEI NEN-LX1,TFLite,efficientnet_lite0_int8,cup.JPEG,computer keyboard,78,04,92,0,0,0
1743860854808,HUAWEI NEN-LX1,PyTorch,mobilenet_v2,cup.JPEG,coffee mug,5,82,547,2768,0,0
1743860856211,HUAWEI NEN-LX1,TFLite,efficientnet_lite0,curly-coated_retriever.JPEG,curly-coated retriever,76,07,132,0,1,0
1743860856212,HUAWEI NEN-LX1,TFLite,efficientnet_lite0_int8,curly-coated_retriever.JPEG,malinois,56,08,79,365,1,0
1743860856212,HUAWEI NEN-LX1,PyTorch,mobilenet_v2,curly-coated_retriever.JPEG,curly-coated retriever,8,98,456,0,1,0
1743860857763,HUAWEI NEN-LX1,TFLite,efficientnet_lite0,custard_apple.JPEG,custard apple,79,08,132,2604,0,1
1743860857764,HUAWEI NEN-LX1,TFLite,efficientnet_lite0_int8,custard_apple.JPEG,butternut squash,60,78,79,349,0,0
1743860857764,HUAWEI NEN-LX1,PyTorch,mobilenet_v2,custard_apple.JPEG,custard apple,0,28,598,0,0,1
1743860859315,HUAWEI NEN-LX1,TFLite,efficientnet_lite0,daisy.JPEG,daisy,98,84,135,0,0,1
1743860859316,HUAWEI NEN-LX1,TFLite,efficientnet_lite0_int8,daisy.JPEG,tench,50,20,79,365,0,0
1743860859316,HUAWEI NEN-LX1,PyTorch,mobilenet_v2,daisy.JPEG,daisy,4,92,635,2936,0,1
1743860860887,HUAWEI NEN-LX1,TFLite,efficientnet_lite0,dalmatian.JPEG,dalmatian,97,01,137,2604,0,1
1743860860888,HUAWEI NEN-LX1,TFLite,efficientnet_lite0_int8,dalmatian.JPEG,tench,50,20,82,0,0,0
1743860860888,HUAWEI NEN-LX1,PyTorch,mobilenet_v2,dalmatian.JPEG,dalmatian,1,27,588,2936,0,1
1743860862411,HUAWEI NEN-LX1,TFLite,efficientnet_lite0,dam.JPEG,dam,97,96,131,2588,0,0
1743860862412,HUAWEI NEN-LX1,TFLite,efficientnet_lite0_int8,dam.JPEG,wall clock,50,59,79,365,0,0
1743860862412,HUAWEI NEN-LX1,PyTorch,mobilenet_v2,dam.JPEG,dam,4,39,592,0,0,0
1743860863889,HUAWEI NEN-LX1,TFLite,efficientnet_lite0,damselfly.JPEG,dragonfly,47,13,131,2588,0,3
1743860863890,HUAWEI NEN-LX1,TFLite,efficientnet_lite0_int8,damselfly.JPEG,monarch,99,61,79,365,0,0
1743860863890,HUAWEI NEN-LX1,PyTorch,mobilenet_v2,damselfly.JPEG,damselfly,2,17,536,0,0,3
1743860865373,HUAWEI NEN-LX1,TFLite,efficientnet_lite0,desk.JPEG,desk,50,43,130,2604,0,1
1743860865373,HUAWEI NEN-LX1,TFLite,efficientnet_lite0_int8,desk.JPEG,digital clock,76,47,93,0,0,0
1743860865373,HUAWEI NEN-LX1,PyTorch,mobilenet_v2,desk.JPEG,desk,1,42,522,2620,0,1
1743860866927,HUAWEI NEN-LX1,TFLite,efficientnet_lite0,desktop_computer.JPEG,monitor,35,82,133,0,0,4
1743860866927,HUAWEI NEN-LX1,TFLite,efficientnet_lite0_int8,desktop_computer.JPEG,mosque,74,12,79,365,0,0
1743860866927,HUAWEI NEN-LX1,PyTorch,mobilenet_v2,desktop_computer.JPEG,desktop computer,1,23,597,0,0,0
1743860868481,HUAWEI NEN-LX1,TFLite,efficientnet_lite0,dhole.JPEG,dhole,79,20,132,0,0,1
1743860868482,HUAWEI NEN-LX1,TFLite,efficientnet_lite0_int8,dhole.JPEG,red fox,59,22,106,0,0,0
1743860868482,HUAWEI NEN-LX1,PyTorch,mobilenet_v2,dhole.JPEG,dhole,2,33,606,2952,0,1
1743860870222,HUAWEI NEN-LX1,TFLite,efficientnet_lite0,dial_telephone.JPEG,dial telephone,75,88,132,0,0,1
1743860870222,HUAWEI NEN-LX1,TFLite,efficientnet_lite0_int8,dial_telephone.JPEG,convertible,60,39,79,349,0,0
1743860870222,HUAWEI NEN-LX1,PyTorch,mobilenet_v2,dial_telephone.JPEG,dial telephone,0,94,787,377,0,1
1743860871685,HUAWEI NEN-LX1,TFLite,efficientnet_lite0,diamondback.JPEG,diamondback,37,16,133,2588,0,1
1743860871686,HUAWEI NEN-LX1,TFLite,efficientnet_lite0_int8,diamondback.JPEG,water snake,61,57,79,365,0,0
1743860871686,HUAWEI NEN-LX1,PyTorch,mobilenet_v2,diamondback.JPEG,diamondback,1,47,524,2604,0,1
1743860873413,HUAWEI NEN-LX1,TFLite,efficientnet_lite0,diaper.JPEG,diaper,40,84,138,2604,0,1
1743860873414,HUAWEI NEN-LX1,TFLite,efficientnet_lite0_int8,diaper.JPEG,dishrag,76,08,79,349,0,0
1743860873414,HUAWEI NEN-LX1,PyTorch,mobilenet_v2,diaper.JPEG,diaper,0,99,755,3744,0,1
1743860874918,HUAWEI NEN-LX1,TFLite,efficientnet_lite0,digital_clock.JPEG,digital clock,95,29,135,0,0,1
1743860874918,HUAWEI NEN-LX1,TFLite,efficientnet_lite0_int8,digital_clock.JPEG,seat belt,51,37,81,349,0,0
1743860874918,HUAWEI NEN-LX1,PyTorch,mobilenet_v2,digital_clock.JPEG,digital clock,2,87,595,2936,0,1
1743860876417,HUAWEI NEN-LX1,TFLite,efficientnet_lite0,digital_watch.JPEG,cassette player,28,12,135,0,0,0
1743860876417,HUAWEI NEN-LX1,TFLite,efficientnet_lite0_int8,digital_watch.JPEG,cello,78,82,80,349,0,0
1743860876417,HUAWEI NEN-LX1,PyTorch,mobilenet_v2,digital_watch.JPEG,dishwasher,0,78,589,2936,0,5
1743860878228,HUAWEI NEN-LX1,TFLite,efficientnet_lite0,dingo.JPEG,dingo,66,20,135,0,0,1
1743860878228,HUAWEI NEN-LX1,TFLite,efficientnet_lite0_int8,dingo.JPEG,jaguar,58,04,80,365,0,0
1743860878228,HUAWEI NEN-LX1,PyTorch,mobilenet_v2,dingo.JPEG,dingo,0,81,883,1823,0,1
1743860879766,HUAWEI NEN-LX1,TFLite,efficientnet_lite0,dining_table.JPEG,dining table,88,43,132,2588,0,1
1743860879766,HUAWEI NEN-LX1,TFLite,efficientnet_lite0_int8,dining_table.JPEG,cleaver,52,94,79,349,0,0
1743860879767,HUAWEI NEN-LX1,PyTorch,mobilenet_v2,dining_table.JPEG,dining table,2,16,596,0,0,1
1743860881232,HUAWEI NEN-LX1,TFLite,efficientnet_lite0,dishrag.JPEG,dishrag,59,08,130,2588,0,1
1743860881233,HUAWEI NEN-LX1,TFLite,efficientnet_lite0_int8,dishrag.JPEG,dogsled,83,92,84,0,0,0
1743860881233,HUAWEI NEN-LX1,PyTorch,mobilenet_v2,dishrag.JPEG,dishrag,3,25,557,2604,0,1
1743860882854,HUAWEI NEN-LX1,TFLite,efficientnet_lite0,dishwasher.JPEG,Dungeness crab,19,00,136,2620,0,4
1743860882855,HUAWEI NEN-LX1,TFLite,efficientnet_lite0_int8,dishwasher.JPEG,running shoe,83,14,83,349,0,0
1743860882855,HUAWEI NEN-LX1,PyTorch,mobilenet_v2,dishwasher.JPEG,dishwasher,3,78,611,0,0,1
1743860884311,HUAWEI NEN-LX1,TFLite,efficientnet_lite0,disk_brake.JPEG,disk brake,81,04,132,2588,0,1
1743860884312,HUAWEI NEN-LX1,TFLite,efficientnet_lite0_int8,disk_brake.JPEG,revolver,85,49,80,349,0,0
1743860884312,HUAWEI NEN-LX1,PyTorch,mobilenet_v2,disk_brake.JPEG,disk brake,1,07,526,0,0,1
1743860885746,HUAWEI NEN-LX1,TFLite,efficientnet_lite0,dock.JPEG,dock,46,21,131,2588,0,1
1743860885747,HUAWEI NEN-LX1,TFLite,efficientnet_lite0_int8,dock.JPEG,sunglasses,57,25,79,381,0,0
1743860885747,HUAWEI NEN-LX1,PyTorch,mobilenet_v2,dock.JPEG,dock,2,84,498,0,0,1
1743860887275,HUAWEI NEN-LX1,TFLite,efficientnet_lite0,dogsled.JPEG,dogsled,97,90,132,0,0,1
1743860887276,HUAWEI NEN-LX1,TFLite,efficientnet_lite0_int8,dogsled.JPEG,Norwegian elkhound,50,98,79,365,0,0
1743860887276,HUAWEI NEN-LX1,PyTorch,mobilenet_v2,dogsled.JPEG,dogsled,4,71,593,518,0,1
1743860888817,HUAWEI NEN-LX1,TFLite,efficientnet_lite0,dome.JPEG,dome,76,71,130,2588,0,1
1743860888818,HUAWEI NEN-LX1,TFLite,efficientnet_lite0_int8,dome.JPEG,mountain tent,59,61,79,365,0,0
1743860888818,HUAWEI NEN-LX1,PyTorch,mobilenet_v2,dome.JPEG,dome,1,39,605,0,0,1
1743860890207,HUAWEI NEN-LX1,TFLite,efficientnet_lite0,doormat.JPEG,doormat,91,35,130,2604,0,1
1743860890207,HUAWEI NEN-LX1,TFLite,efficientnet_lite0_int8,doormat.JPEG,file,57,25,85,0,0,0
1743860890208,HUAWEI NEN-LX1,PyTorch,mobilenet_v2,doormat.JPEG,doormat,12,54,466,2300,0,1
1743860891703,HUAWEI NEN-LX1,TFLite,efficientnet_lite0,dough.JPEG,guacamole,21,82,138,0,0,3
1743860891704,HUAWEI NEN-LX1,TFLite,efficientnet_lite0_int8,dough.JPEG,ice cream,64,31,80,349,0,0
1743860891704,HUAWEI NEN-LX1,PyTorch,mobilenet_v2,dough.JPEG,wooden spoon,0,49,529,0,0,0
1743860893153,HUAWEI NEN-LX1,TFLite,efficientnet_lite0,dowitcher.JPEG,dowitcher,65,68,132,2588,0,1
1743860893154,HUAWEI NEN-LX1,TFLite,efficientnet_lite0_int8,dowitcher.JPEG,king penguin,56,08,79,349,0,0
1743860893154,HUAWEI NEN-LX1,PyTorch,mobilenet_v2,dowitcher.JPEG,dowitcher,1,84,517,0,0,1
1743860895001,HUAWEI NEN-LX1,TFLite,efficientnet_lite0,dragonfly.JPEG,dragonfly,36,98,131,2588,0,0
1743860895002,HUAWEI NEN-LX1,TFLite,efficientnet_lite0_int8,dragonfly.JPEG,monarch,90,59,82,0,0,0
1743860895002,HUAWEI NEN-LX1,PyTorch,mobilenet_v2,dragonfly.JPEG,dragonfly,0,89,910,3904,0,0
1743860896459,HUAWEI NEN-LX1,TFLite,efficientnet_lite0,drake.JPEG,drake,74,00,132,2588,0,1
1743860896459,HUAWEI NEN-LX1,TFLite,efficientnet_lite0_int8,drake.JPEG,tusker,71,37,79,349,0,0
1743860896459,HUAWEI NEN-LX1,PyTorch,mobilenet_v2,drake.JPEG,drake,1,88,519,2632,0,1
1743860897549,HUAWEI NEN-LX1,TFLite,efficientnet_lite0,drilling_platform.JPEG,drilling platform,60,57,138,0,0,1
1743860897549,HUAWEI NEN-LX1,TFLite,efficientnet_lite0_int8,drilling_platform.JPEG,ambulance,60,78,79,365,0,4
1743860897550,HUAWEI NEN-LX1,PyTorch,mobilenet_v2,drilling_platform.JPEG,drilling platform,16,20,198,576,0,1
1743860899106,HUAWEI NEN-LX1,TFLite,efficientnet_lite0,drum.JPEG,drum,88,23,139,3,0,1
1743860899107,HUAWEI NEN-LX1,TFLite,efficientnet_lite0_int8,drum.JPEG,barbershop,52,55,83,365,0,0
1743860899107,HUAWEI NEN-LX1,PyTorch,mobilenet_v2,drum.JPEG,drum,4,68,604,20,0,1
1743860900624,HUAWEI NEN-LX1,TFLite,efficientnet_lite0,drumstick.JPEG,drumstick,98,98,131,2588,0,0
1743860900625,HUAWEI NEN-LX1,TFLite,efficientnet_lite0_int8,drumstick.JPEG,electric fan,50,59,79,349,0,0
1743860900625,HUAWEI NEN-LX1,PyTorch,mobilenet_v2,drumstick.JPEG,drumstick,20,20,589,0,0,0
1743860902059,HUAWEI NEN-LX1,TFLite,efficientnet_lite0,dugong.JPEG,dugong,98,97,134,0,0,1
1743860902060,HUAWEI NEN-LX1,TFLite,efficientnet_lite0_int8,dugong.JPEG,pinwheel,50,59,80,365,0,0
1743860902060,HUAWEI NEN-LX1,PyTorch,mobilenet_v2,dugong.JPEG,dugong,4,09,526,2616,0,1
1743860903515,HUAWEI NEN-LX1,TFLite,efficientnet_lite0,dumbbell.JPEG,dumbbell,35,83,132,0,0,1
1743860903516,HUAWEI NEN-LX1,TFLite,efficientnet_lite0_int8,dumbbell.JPEG,electric locomotive,59,61,80,349,0,0
1743860903516,HUAWEI NEN-LX1,PyTorch,mobilenet_v2,dumbbell.JPEG,dumbbell,0,81,551,0,0,1
1743860905052,HUAWEI NEN-LX1,TFLite,efficientnet_lite0,dung_beetle.JPEG,dung beetle,42,01,129,2588,0,1
1743860905053,HUAWEI NEN-LX1,TFLite,efficientnet_lite0_int8,dung_beetle.JPEG,bee,91,76,79,349,0,0
1743860905053,HUAWEI NEN-LX1,PyTorch,mobilenet_v2,dung_beetle.JPEG,dung beetle,0,76,600,0,0,1
1743860906612,HUAWEI NEN-LX1,TFLite,efficientnet_lite0,ear.JPEG,corn,69,31,133,0,0,0
1743860906613,HUAWEI NEN-LX1,TFLite,efficientnet_lite0_int8,ear.JPEG,Unknown,72,94,79,365,0,0
1743860906613,HUAWEI NEN-LX1,PyTorch,mobilenet_v2,ear.JPEG,corn,0,65,642,3216,0,0
1743860908091,HUAWEI NEN-LX1,TFLite,efficientnet_lite0,earthstar.JPEG,earthstar,98,00,137,0,0,1
1743860908092,HUAWEI NEN-LX1,TFLite,efficientnet_lite0_int8,earthstar.JPEG,agaric,50,59,80,365,0,0
1743860908092,HUAWEI NEN-LX1,PyTorch,mobilenet_v2,earthstar.JPEG,earthstar,2,02,528,0,0,1
1743860909612,HUAWEI NEN-LX1,TFLite,efficientnet_lite0,echidna.JPEG,echidna,91,36,130,2588,0,1
1743860909612,HUAWEI NEN-LX1,TFLite,efficientnet_lite0_int8,echidna.JPEG,guinea pig,50,98,79,365,0,0
1743860909612,HUAWEI NEN-LX1,PyTorch,mobilenet_v2,echidna.JPEG,echidna,4,02,590,0,0,1
1743860911048,HUAWEI NEN-LX1,TFLite,efficientnet_lite0,eel.JPEG,eel,33,91,135,0,0,1
1743860911049,HUAWEI NEN-LX1,TFLite,efficientnet_lite0_int8,eel.JPEG,sturgeon,66,27,79,365,0,0
1743860911049,HUAWEI NEN-LX1,PyTorch,mobilenet_v2,eel.JPEG,eel,2,13,525,2588,0,1
1743860912491,HUAWEI NEN-LX1,TFLite,efficientnet_lite0,eft.JPEG,eft,85,48,131,0,0,1
1743860912492,HUAWEI NEN-LX1,TFLite,efficientnet_lite0_int8,eft.JPEG,bullfrog,58,43,80,365,0,0
1743860912492,HUAWEI NEN-LX1,PyTorch,mobilenet_v2,eft.JPEG,eft,1,46,533,0,0,1
1743860913666,HUAWEI NEN-LX1,TFLite,efficientnet_lite0,eggnog.JPEG,eggnog,95,20,129,2588,0,1
1743860913667,HUAWEI NEN-LX1,TFLite,efficientnet_lite0_int8,eggnog.JPEG,combination lock,52,16,80,365,0,0
1743860913667,HUAWEI NEN-LX1,PyTorch,mobilenet_v2,eggnog.JPEG,eggnog,27,88,286,1208,0,1
1743860915179,HUAWEI NEN-LX1,TFLite,efficientnet_lite0,electric_fan.JPEG,loudspeaker,34,14,133,0,0,2
1743860915179,HUAWEI NEN-LX1,TFLite,efficientnet_lite0_int8,electric_fan.JPEG,reel,75,29,80,365,0,0
1743860915180,HUAWEI NEN-LX1,PyTorch,mobilenet_v2,electric_fan.JPEG,space heater,1,46,591,2936,0,0
1743860916879,HUAWEI NEN-LX1,TFLite,efficientnet_lite0,electric_guitar.JPEG,electric guitar,97,49,187,0,0,1
1743860916880,HUAWEI NEN-LX1,TFLite,efficientnet_lite0_int8,electric_guitar.JPEG,altar,50,98,79,349,0,0
1743860916880,HUAWEI NEN-LX1,PyTorch,mobilenet_v2,electric_guitar.JPEG,electric guitar,3,41,714,0,0,1
1743860918361,HUAWEI NEN-LX1,TFLite,efficientnet_lite0,electric_locomotive.JPEG,electric locomotive,50,55,132,2588,0,1
1743860918362,HUAWEI NEN-LX1,TFLite,efficientnet_lite0_int8,electric_locomotive.JPEG,face powder,89,02,80,365,0,0
1743860918362,HUAWEI NEN-LX1,PyTorch,mobilenet_v2,electric_locomotive.JPEG,electric locomotive,1,04,537,0,0,1
1743860920069,HUAWEI NEN-LX1,TFLite,efficientnet_lite0,electric_ray.JPEG,electric ray,51,44,139,0,0,1
1743860920070,HUAWEI NEN-LX1,TFLite,efficientnet_lite0_int8,electric_ray.JPEG,ostrich,85,49,80,365,0,0
1743860920070,HUAWEI NEN-LX1,PyTorch,mobilenet_v2,electric_ray.JPEG,electric ray,2,14,761,3236,0,1
1743860921569,HUAWEI NEN-LX1,TFLite,efficientnet_lite0,entertainment_center.JPEG,entertainment center,66,18,142,0,0,1
1743860921569,HUAWEI NEN-LX1,TFLite,efficientnet_lite0_int8,entertainment_center.JPEG,bow tie,63,53,82,0,0,0
1743860921570,HUAWEI NEN-LX1,PyTorch,mobilenet_v2,entertainment_center.JPEG,entertainment center,1,15,582,2936,0,1
1743860923101,HUAWEI NEN-LX1,TFLite,efficientnet_lite0,envelope.JPEG,envelope,80,04,142,0,0,1
1743860923101,HUAWEI NEN-LX1,TFLite,efficientnet_lite0_int8,envelope.JPEG,chest,55,69,80,349,0,0
1743860923102,HUAWEI NEN-LX1,PyTorch,mobilenet_v2,envelope.JPEG,envelope,1,79,589,0,0,1
1743860924607,HUAWEI NEN-LX1,TFLite,efficientnet_lite0,espresso.JPEG,espresso,53,32,183,0,0,5
1743860924608,HUAWEI NEN-LX1,TFLite,efficientnet_lite0_int8,espresso.JPEG,bubble,88,24,80,349,0,0
1743860924608,HUAWEI NEN-LX1,PyTorch,mobilenet_v2,espresso.JPEG,espresso,1,59,526,0,0,0
1743860925838,HUAWEI NEN-LX1,TFLite,efficientnet_lite0,espresso_maker.JPEG,espresso maker,98,94,135,0,0,1
1743860925838,HUAWEI NEN-LX1,TFLite,efficientnet_lite0_int8,espresso_maker.JPEG,confectionery,50,59,80,365,0,0
1743860925838,HUAWEI NEN-LX1,PyTorch,mobilenet_v2,espresso_maker.JPEG,espresso maker,28,59,352,1500,0,1
1743860927267,HUAWEI NEN-LX1,TFLite,efficientnet_lite0,face_powder.JPEG,face powder,62,65,134,0,0,1
1743860927267,HUAWEI NEN-LX1,TFLite,efficientnet_lite0_int8,face_powder.JPEG,toaster,61,57,83,365,0,0
1743860927267,HUAWEI NEN-LX1,PyTorch,mobilenet_v2,face_powder.JPEG,matchstick,0,95,505,2488,0,3
1743860928719,HUAWEI NEN-LX1,TFLite,efficientnet_lite0,feather_boa.JPEG,feather boa,92,61,134,0,0,1
1743860928720,HUAWEI NEN-LX1,TFLite,efficientnet_lite0_int8,feather_boa.JPEG,wine bottle,50,98,80,365,0,0
1743860928720,HUAWEI NEN-LX1,PyTorch,mobilenet_v2,feather_boa.JPEG,feather boa,24,04,548,2684,0,1
1743860930227,HUAWEI NEN-LX1,TFLite,efficientnet_lite0,fiddler_crab.JPEG,fiddler crab,97,37,136,2604,0,1
1743860930228,HUAWEI NEN-LX1,TFLite,efficientnet_lite0_int8,fiddler_crab.JPEG,spiny lobster,50,59,80,349,0,0
1743860930229,HUAWEI NEN-LX1,PyTorch,mobilenet_v2,fiddler_crab.JPEG,fiddler crab,2,84,549,0,0,1
1743860931752,HUAWEI NEN-LX1,TFLite,efficientnet_lite0,fig.JPEG,fig,87,96,130,2588,0,1
1743860931753,HUAWEI NEN-LX1,TFLite,efficientnet_lite0_int8,fig.JPEG,banana,50,98,79,365,0,0
1743860931753,HUAWEI NEN-LX1,PyTorch,mobilenet_v2,fig.JPEG,fig,0,97,592,0,0,1
1743860940357,HUAWEI NEN-LX1,TFLite,efficientnet_lite0,file.JPEG,file,69,69,137,0,0,1
1743860940358,HUAWEI NEN-LX1,TFLite,efficientnet_lite0_int8,file.JPEG,Christmas stocking,65,10,80,365,0,0
1743860940358,HUAWEI NEN-LX1,PyTorch,mobilenet_v2,file.JPEG,velvet,0,30,7282,28901,0,2
1743860942972,HUAWEI NEN-LX1,TFLite,efficientnet_lite0,fire_engine.JPEG,fire engine,37,48,131,2588,0,1
1743860942972,HUAWEI NEN-LX1,TFLite,efficientnet_lite0_int8,fire_engine.JPEG,folding chair,75,29,79,349,0,0
1743860942972,HUAWEI NEN-LX1,PyTorch,mobilenet_v2,fire_engine.JPEG,Model T,0,38,1596,7472,0,2
1743860944043,HUAWEI NEN-LX1,TFLite,efficientnet_lite0,fire_screen.JPEG,fire screen,73,51,132,2588,0,1
1743860944043,HUAWEI NEN-LX1,TFLite,efficientnet_lite0_int8,fire_screen.JPEG,studio couch,58,82,79,349,0,0
1743860944043,HUAWEI NEN-LX1,PyTorch,mobilenet_v2,fire_screen.JPEG,fire screen,23,31,161,408,0,1
1743860945513,HUAWEI NEN-LX1,TFLite,efficientnet_lite0,fireboat.JPEG,fireboat,94,65,139,0,0,1
1743860945513,HUAWEI NEN-LX1,TFLite,efficientnet_lite0_int8,fireboat.JPEG,loudspeaker,50,59,82,365,0,0
1743860945514,HUAWEI NEN-LX1,PyTorch,mobilenet_v2,fireboat.JPEG,fireboat,6,15,520,2620,0,1
1743860947038,HUAWEI NEN-LX1,TFLite,efficientnet_lite0,flagpole.JPEG,flagpole,95,51,137,0,0,1
1743860947038,HUAWEI NEN-LX1,TFLite,efficientnet_lite0_int8,flagpole.JPEG,clog,50,98,80,349,0,0
1743860947038,HUAWEI NEN-LX1,PyTorch,mobilenet_v2,flagpole.JPEG,flagpole,0,92,566,0,0,1
1743860948734,HUAWEI NEN-LX1,TFLite,efficientnet_lite0,flamingo.JPEG,flamingo,98,28,131,2588,0,1
1743860948734,HUAWEI NEN-LX1,TFLite,efficientnet_lite0_int8,flamingo.JPEG,tench,50,20,79,365,0,0
1743860948734,HUAWEI NEN-LX1,PyTorch,mobilenet_v2,flamingo.JPEG,flamingo,1,34,753,0,0,1
1743860950279,HUAWEI NEN-LX1,TFLite,efficientnet_lite0,flat-coated_retriever.JPEG,flat-coated retriever,18,24,134,0,0,0
1743860950280,HUAWEI NEN-LX1,TFLite,efficientnet_lite0_int8,flat-coated_retriever.JPEG,Chesapeake Bay retriever,74,51,80,365,0,0
1743860950280,HUAWEI NEN-LX1,PyTorch,mobilenet_v2,flat-coated_retriever.JPEG,little blue heron,0,89,616,2628,0,0
1743860954890,HUAWEI NEN-LX1,TFLite,efficientnet_lite0,flatworm.JPEG,flatworm,79,09,131,0,0,1
1743860954890,HUAWEI NEN-LX1,TFLite,efficientnet_lite0_int8,flatworm.JPEG,hare,52,16,81,365,0,0
1743860954890,HUAWEI NEN-LX1,PyTorch,mobilenet_v2,flatworm.JPEG,flatworm,1,32,3512,14453,0,1
1743860956401,HUAWEI NEN-LX1,TFLite,efficientnet_lite0,flute.JPEG,flute,94,77,130,2588,0,1
1743860956401,HUAWEI NEN-LX1,TFLite,efficientnet_lite0_int8,flute.JPEG,holster,52,94,79,365,0,0
1743860956402,HUAWEI NEN-LX1,PyTorch,mobilenet_v2,flute.JPEG,flute,3,20,584,2936,0,1
1743860957897,HUAWEI NEN-LX1,TFLite,efficientnet_lite0,fly.JPEG,fly,83,88,129,2588,0,1
1743860957898,HUAWEI NEN-LX1,TFLite,efficientnet_lite0_int8,fly.JPEG,monarch,57,65,79,349,0,0
1743860957898,HUAWEI NEN-LX1,PyTorch,mobilenet_v2,fly.JPEG,fly,2,35,573,2936,0,1
1743860959318,HUAWEI NEN-LX1,TFLite,efficientnet_lite0,folding_chair.JPEG,folding chair,87,09,134,0,0,1
1743860959319,HUAWEI NEN-LX1,TFLite,efficientnet_lite0_int8,folding_chair.JPEG,fountain pen,78,43,79,365,0,0
1743860959319,HUAWEI NEN-LX1,PyTorch,mobilenet_v2,folding_chair.JPEG,folding chair,1,57,520,2600,0,1
1743860960916,HUAWEI NEN-LX1,TFLite,efficientnet_lite0,football_helmet.JPEG,football helmet,88,36,138,2604,0,1
1743860960917,HUAWEI NEN-LX1,TFLite,efficientnet_lite0_int8,football_helmet.JPEG,safety pin,51,76,79,349,0,0
1743860960917,HUAWEI NEN-LX1,PyTorch,mobilenet_v2,football_helmet.JPEG,football helmet,4,04,603,0,0,1
1743860962419,HUAWEI NEN-LX1,TFLite,efficientnet_lite0,forklift.JPEG,forklift,98,73,129,2588,0,1
1743860962420,HUAWEI NEN-LX1,TFLite,efficientnet_lite0_int8,forklift.JPEG,tench,50,20,79,365,0,0
1743860962420,HUAWEI NEN-LX1,PyTorch,mobilenet_v2,forklift.JPEG,forklift,1,73,570,0,0,1
1743860963919,HUAWEI NEN-LX1,TFLite,efficientnet_lite0,fountain.JPEG,fountain,47,82,129,2588,0,1
1743860963920,HUAWEI NEN-LX1,TFLite,efficientnet_lite0_int8,fountain.JPEG,vase,83,14,82,0,0,0
1743860963920,HUAWEI NEN-LX1,PyTorch,mobilenet_v2,fountain.JPEG,umbrella,1,01,597,2904,0,3
1743860965286,HUAWEI NEN-LX1,TFLite,efficientnet_lite0,fountain_pen.JPEG,iron,7,90,143,135,0,0
1743860965286,HUAWEI NEN-LX1,TFLite,efficientnet_lite0_int8,fountain_pen.JPEG,totem pole,62,75,82,365,0,0
1743860965286,HUAWEI NEN-LX1,PyTorch,mobilenet_v2,fountain_pen.JPEG,radiator,1,08,415,1888,0,0
1743860966728,HUAWEI NEN-LX1,TFLite,efficientnet_lite0,four-poster.JPEG,four-poster,67,43,134,0,0,0
1743860966729,HUAWEI NEN-LX1,TFLite,efficientnet_lite0_int8,four-poster.JPEG,mouse,81,57,80,365,0,0
1743860966729,HUAWEI NEN-LX1,PyTorch,mobilenet_v2,four-poster.JPEG,four-poster,5,88,530,0,0,0
1743860967730,HUAWEI NEN-LX1,TFLite,efficientnet_lite0,fox_squirrel.JPEG,barn spider,6,58,131,2588,0,0
1743860967730,HUAWEI NEN-LX1,TFLite,efficientnet_lite0_int8,fox_squirrel.JPEG,sea slug,54,12,79,349,0,0
1743860967731,HUAWEI NEN-LX1,PyTorch,mobilenet_v2,fox_squirrel.JPEG,American alligator,83,91,128,152,0,0
1743860969168,HUAWEI NEN-LX1,TFLite,efficientnet_lite0,freight_car.JPEG,freight car,78,86,138,0,0,1
1743860969169,HUAWEI NEN-LX1,TFLite,efficientnet_lite0_int8,freight_car.JPEG,bassoon,50,59,79,365,0,2
1743860969169,HUAWEI NEN-LX1,PyTorch,mobilenet_v2,freight_car.JPEG,freight car,11,11,518,2604,0,1
1743860971935,HUAWEI NEN-LX1,TFLite,efficientnet_lite0,frilled_lizard.JPEG,frilled lizard,84,15,137,0,0,1
1743860971936,HUAWEI NEN-LX1,TFLite,efficientnet_lite0_int8,frilled_lizard.JPEG,triceratops,60,00,80,365,0,2
1743860971936,HUAWEI NEN-LX1,PyTorch,mobilenet_v2,frilled_lizard.JPEG,frilled lizard,0,39,1755,7707,0,1
1743860973508,HUAWEI NEN-LX1,TFLite,efficientnet_lite0,frying_pan.JPEG,frying pan,69,08,131,2604,0,1
1743860973508,HUAWEI NEN-LX1,TFLite,efficientnet_lite0_int8,frying_pan.JPEG,espresso,60,00,82,349,0,0
1743860973508,HUAWEI NEN-LX1,PyTorch,mobilenet_v2,frying_pan.JPEG,frying pan,5,24,589,2936,0,1
1743860975052,HUAWEI NEN-LX1,TFLite,efficientnet_lite0,fur_coat.JPEG,fur coat,10,14,134,2588,0,1
1743860975053,HUAWEI NEN-LX1,TFLite,efficientnet_lite0_int8,fur_coat.JPEG,school bus,60,00,79,349,0,0
1743860975053,HUAWEI NEN-LX1,PyTorch,mobilenet_v2,fur_coat.JPEG,tile roof,1,07,598,0,0,0
1743860976575,HUAWEI NEN-LX1,TFLite,efficientnet_lite0,gar.JPEG,gar,36,14,131,2588,0,0
1743860976576,HUAWEI NEN-LX1,TFLite,efficientnet_lite0_int8,gar.JPEG,abaya,94,51,79,349,0,0
1743860976576,HUAWEI NEN-LX1,PyTorch,mobilenet_v2,gar.JPEG,gar,2,73,589,2956,0,0
1743860978570,HUAWEI NEN-LX1,TFLite,efficientnet_lite0,garbage_truck.JPEG,garbage truck,99,34,137,0,0,0
1743860978570,HUAWEI NEN-LX1,TFLite,efficientnet_lite0_int8,garbage_truck.JPEG,crutch,53,33,79,365,0,0
1743860978570,HUAWEI NEN-LX1,PyTorch,mobilenet_v2,garbage_truck.JPEG,cowboy boot,0,54,1051,3786,0,0
1743860980390,HUAWEI NEN-LX1,TFLite,efficientnet_lite0,garden_spider.JPEG,garden spider,55,70,131,2588,0,2
1743860980391,HUAWEI NEN-LX1,TFLite,efficientnet_lite0_int8,garden_spider.JPEG,tarantula,70,20,80,349,0,0
1743860980391,HUAWEI NEN-LX1,PyTorch,mobilenet_v2,garden_spider.JPEG,garden spider,1,45,856,3912,0,2
1743860981602,HUAWEI NEN-LX1,TFLite,efficientnet_lite0,garter_snake.JPEG,garter snake,83,02,136,0,0,1
1743860981602,HUAWEI NEN-LX1,TFLite,efficientnet_lite0_int8,garter_snake.JPEG,king snake,51,76,80,365,0,0
1743860981602,HUAWEI NEN-LX1,PyTorch,mobilenet_v2,garter_snake.JPEG,garter snake,11,75,297,1208,0,1
1743860983152,HUAWEI NEN-LX1,TFLite,efficientnet_lite0,gas_pump.JPEG,gas pump,56,83,131,2588,0,1
1743860983152,HUAWEI NEN-LX1,TFLite,efficientnet_lite0_int8,gas_pump.JPEG,golfcart,88,63,79,349,0,0
1743860983153,HUAWEI NEN-LX1,PyTorch,mobilenet_v2,gas_pump.JPEG,cash machine,0,57,606,0,0,2
1743860984468,HUAWEI NEN-LX1,TFLite,efficientnet_lite0,gasmask.JPEG,gasmask,80,90,131,0,0,1
1743860984469,HUAWEI NEN-LX1,TFLite,efficientnet_lite0_int8,gasmask.JPEG,stupa,53,33,83,0,0,0
1743860984469,HUAWEI NEN-LX1,PyTorch,mobilenet_v2,gasmask.JPEG,sombrero,1,32,434,2028,0,0
1743860985990,HUAWEI NEN-LX1,TFLite,efficientnet_lite0,gazelle.JPEG,gazelle,48,68,133,0,0,1
1743860985990,HUAWEI NEN-LX1,TFLite,efficientnet_lite0_int8,gazelle.JPEG,weasel,92,16,79,365,0,0
1743860985990,HUAWEI NEN-LX1,PyTorch,mobilenet_v2,gazelle.JPEG,gazelle,2,80,582,399,0,1
1743860987824,HUAWEI NEN-LX1,TFLite,efficientnet_lite0,geyser.JPEG,geyser,79,92,131,2588,0,1
1743860987825,HUAWEI NEN-LX1,TFLite,efficientnet_lite0_int8,geyser.JPEG,seashore,77,65,79,365,0,0
1743860987825,HUAWEI NEN-LX1,PyTorch,mobilenet_v2,geyser.JPEG,geyser,1,23,881,497,0,1
1743860989357,HUAWEI NEN-LX1,TFLite,efficientnet_lite0,giant_panda.JPEG,giant panda,94,55,135,0,0,0
1743860989358,HUAWEI NEN-LX1,TFLite,efficientnet_lite0_int8,giant_panda.JPEG,tench,50,20,79,349,0,0
1743860989358,HUAWEI NEN-LX1,PyTorch,mobilenet_v2,giant_panda.JPEG,giant panda,3,42,622,2936,0,0
1743860990594,HUAWEI NEN-LX1,TFLite,efficientnet_lite0,giant_schnauzer.JPEG,giant schnauzer,68,95,137,0,0,1
1743860990594,HUAWEI NEN-LX1,TFLite,efficientnet_lite0_int8,giant_schnauzer.JPEG,soft-coated wheaten terrier,66,27,90,0,0,0
1743860990594,HUAWEI NEN-LX1,PyTorch,mobilenet_v2,giant_schnauzer.JPEG,giant schnauzer,15,16,308,1240,0,1
1743860992106,HUAWEI NEN-LX1,TFLite,efficientnet_lite0,gibbon.JPEG,gibbon,55,00,134,0,0,1
1743860992107,HUAWEI NEN-LX1,TFLite,efficientnet_lite0_int8,gibbon.JPEG,baboon,83,14,79,365,0,0
1743860992107,HUAWEI NEN-LX1,PyTorch,mobilenet_v2,gibbon.JPEG,gibbon,0,88,581,138,0,1
1743860993588,HUAWEI NEN-LX1,TFLite,efficientnet_lite0,go-kart.JPEG,go-kart,83,99,131,2604,0,0
1743860993589,HUAWEI NEN-LX1,TFLite,efficientnet_lite0_int8,go-kart.JPEG,croquet ball,65,49,83,349,0,0
1743860993589,HUAWEI NEN-LX1,PyTorch,mobilenet_v2,go-kart.JPEG,go-kart,1,90,530,0,0,0
1743860995045,HUAWEI NEN-LX1,TFLite,efficientnet_lite0,goblet.JPEG,goblet,45,90,133,2604,0,1
1743860995045,HUAWEI NEN-LX1,TFLite,efficientnet_lite0_int8,goblet.JPEG,lens cap,52,55,85,0,0,0
1743860995046,HUAWEI NEN-LX1,PyTorch,mobilenet_v2,goblet.JPEG,mortar,3,22,525,2604,0,4
1743860996455,HUAWEI NEN-LX1,TFLite,efficientnet_lite0,golden_retriever.JPEG,golden retriever,61,69,137,2604,0,1
1743860996456,HUAWEI NEN-LX1,TFLite,efficientnet_lite0_int8,golden_retriever.JPEG,Irish setter,54,90,82,0,0,0
1743860996456,HUAWEI NEN-LX1,PyTorch,mobilenet_v2,golden_retriever.JPEG,soccer ball,1,06,471,2364,0,2
1743860997993,HUAWEI NEN-LX1,TFLite,efficientnet_lite0,goldfinch.JPEG,goldfinch,94,41,134,0,0,1
1743860997993,HUAWEI NEN-LX1,TFLite,efficientnet_lite0_int8,goldfinch.JPEG,tench,50,20,79,365,0,0
1743860997993,HUAWEI NEN-LX1,PyTorch,mobilenet_v2,goldfinch.JPEG,goldfinch,2,54,605,470,0,1
1743860999243,HUAWEI NEN-LX1,TFLite,efficientnet_lite0,goldfish.JPEG,goldfish,89,07,131,2588,0,1
1743860999243,HUAWEI NEN-LX1,TFLite,efficientnet_lite0_int8,goldfish.JPEG,hammerhead,51,76,80,349,0,5
1743860999243,HUAWEI NEN-LX1,PyTorch,mobilenet_v2,goldfish.JPEG,goldfish,4,74,349,1548,0,1
1743861000321,HUAWEI NEN-LX1,TFLite,efficientnet_lite0,golf_ball.JPEG,golf ball,85,32,132,0,0,1
1743861000322,HUAWEI NEN-LX1,TFLite,efficientnet_lite0_int8,golf_ball.JPEG,tench,50,20,80,365,0,0
1743861000322,HUAWEI NEN-LX1,PyTorch,mobilenet_v2,golf_ball.JPEG,golf ball,83,27,203,636,0,1
1743861001849,HUAWEI NEN-LX1,TFLite,efficientnet_lite0,golfcart.JPEG,golfcart,98,76,139,0,0,1
1743861001850,HUAWEI NEN-LX1,TFLite,efficientnet_lite0_int8,golfcart.JPEG,tench,50,20,79,365,0,0
1743861001850,HUAWEI NEN-LX1,PyTorch,mobilenet_v2,golfcart.JPEG,golfcart,7,09,602,2936,0,1
1743861003437,HUAWEI NEN-LX1,TFLite,efficientnet_lite0,gondola.JPEG,gondola,98,40,138,2604,0,1
1743861003437,HUAWEI NEN-LX1,TFLite,efficientnet_lite0_int8,gondola.JPEG,tench,50,20,80,349,0,0
1743861003438,HUAWEI NEN-LX1,PyTorch,mobilenet_v2,gondola.JPEG,gondola,6,53,608,0,0,1
1743861004816,HUAWEI NEN-LX1,TFLite,efficientnet_lite0,gong.JPEG,gong,75,64,132,0,0,0
1743861004816,HUAWEI NEN-LX1,TFLite,efficientnet_lite0_int8,gong.JPEG,cinema,68,63,83,0,0,0
1743861004816,HUAWEI NEN-LX1,PyTorch,mobilenet_v2,gong.JPEG,gong,14,99,477,2300,0,0
1743861006325,HUAWEI NEN-LX1,TFLite,efficientnet_lite0,goose.JPEG,goose,77,83,133,0,0,1
1743861006325,HUAWEI NEN-LX1,TFLite,efficientnet_lite0_int8,goose.JPEG,tusker,64,71,80,365,0,0
1743861006325,HUAWEI NEN-LX1,PyTorch,mobilenet_v2,goose.JPEG,goose,1,04,587,327,0,1
1743861007852,HUAWEI NEN-LX1,TFLite,efficientnet_lite0,gorilla.JPEG,spider monkey,19,79,130,2588,0,0
1743861007853,HUAWEI NEN-LX1,TFLite,efficientnet_lite0_int8,gorilla.JPEG,Indian elephant,76,08,79,349,0,0
1743861007853,HUAWEI NEN-LX1,PyTorch,mobilenet_v2,gorilla.JPEG,spider monkey,0,63,594,0,0,0
1743861009280,HUAWEI NEN-LX1,TFLite,efficientnet_lite0,gown.JPEG,gown,92,71,135,0,0,0
1743861009281,HUAWEI NEN-LX1,TFLite,efficientnet_lite0_int8,gown.JPEG,yellow lady's slipper,53,33,80,365,0,0
1743861009281,HUAWEI NEN-LX1,PyTorch,mobilenet_v2,gown.JPEG,groom,1,46,522,2604,0,0
1743861011002,HUAWEI NEN-LX1,TFLite,efficientnet_lite0,grand_piano.JPEG,grand piano,97,13,132,0,0,1
1743861011002,HUAWEI NEN-LX1,TFLite,efficientnet_lite0_int8,grand_piano.JPEG,velvet,50,59,80,365,0,0
1743861011002,HUAWEI NEN-LX1,PyTorch,mobilenet_v2,grand_piano.JPEG,grand piano,0,95,775,19,0,1
1743861012458,HUAWEI NEN-LX1,TFLite,efficientnet_lite0,grasshopper.JPEG,cricket,59,09,132,2588,0,2
1743861012458,HUAWEI NEN-LX1,TFLite,efficientnet_lite0_int8,grasshopper.JPEG,mantis,60,78,79,365,0,0
1743861012459,HUAWEI NEN-LX1,PyTorch,mobilenet_v2,grasshopper.JPEG,cricket,4,21,523,2604,0,2
1743861015050,HUAWEI NEN-LX1,TFLite,efficientnet_lite0,great_grey_owl.JPEG,great grey owl,93,95,138,2604,0,1
1743861015050,HUAWEI NEN-LX1,TFLite,efficientnet_lite0_int8,great_grey_owl.JPEG,tench,50,20,80,365,0,0
1743861015050,HUAWEI NEN-LX1,PyTorch,mobilenet_v2,great_grey_owl.JPEG,great grey owl,0,59,1554,573,0,1
1743861016522,HUAWEI NEN-LX1,TFLite,efficientnet_lite0,great_white_shark.JPEG,great white shark,88,84,132,2604,0,1
1743861016522,HUAWEI NEN-LX1,TFLite,efficientnet_lite0_int8,great_white_shark.JPEG,cock,51,76,80,349,0,0
1743861016523,HUAWEI NEN-LX1,PyTorch,mobilenet_v2,great_white_shark.JPEG,great white shark,7,42,523,2604,0,1
1743861018142,HUAWEI NEN-LX1,TFLite,efficientnet_lite0,green_lizard.JPEG,green lizard,32,51,132,2588,0,1
1743861018142,HUAWEI NEN-LX1,TFLite,efficientnet_lite0_int8,green_lizard.JPEG,American alligator,87,84,79,365,0,0
1743861018143,HUAWEI NEN-LX1,PyTorch,mobilenet_v2,green_lizard.JPEG,American chameleon,0,94,676,0,0,2
1743861019493,HUAWEI NEN-LX1,TFLite,efficientnet_lite0,green_mamba.JPEG,green mamba,51,67,129,2588,0,1
1743861019493,HUAWEI NEN-LX1,TFLite,efficientnet_lite0_int8,green_mamba.JPEG,sidewinder,94,90,79,349,0,0
1743861019493,HUAWEI NEN-LX1,PyTorch,mobilenet_v2,green_mamba.JPEG,green mamba,1,98,434,2112,0,1
1743861021021,HUAWEI NEN-LX1,TFLite,efficientnet_lite0,green_snake.JPEG,green mamba,76,00,137,0,0,2
1743861021022,HUAWEI NEN-LX1,TFLite,efficientnet_lite0_int8,green_snake.JPEG,vine snake,62,75,80,365,0,0
1743861021022,HUAWEI NEN-LX1,PyTorch,mobilenet_v2,green_snake.JPEG,green mamba,1,60,596,2936,0,2
1743861022483,HUAWEI NEN-LX1,TFLite,efficientnet_lite0,greenhouse.JPEG,greenhouse,56,40,136,2604,0,1
1743861022483,HUAWEI NEN-LX1,TFLite,efficientnet_lite0_int8,greenhouse.JPEG,pencil sharpener,55,69,84,0,0,0
1743861022483,HUAWEI NEN-LX1,PyTorch,mobilenet_v2,greenhouse.JPEG,greenhouse,16,79,516,2616,0,1
1743861023993,HUAWEI NEN-LX1,TFLite,efficientnet_lite0,grey_fox.JPEG,grey fox,80,77,137,0,0,1
1743861023994,HUAWEI NEN-LX1,TFLite,efficientnet_lite0_int8,grey_fox.JPEG,sorrel,56,08,80,365,0,0
1743861023994,HUAWEI NEN-LX1,PyTorch,mobilenet_v2,grey_fox.JPEG,grey fox,1,61,592,2936,0,1
1743861025550,HUAWEI NEN-LX1,TFLite,efficientnet_lite0,grey_whale.JPEG,grey whale,93,80,137,2604,0,1
1743861025551,HUAWEI NEN-LX1,TFLite,efficientnet_lite0_int8,grey_whale.JPEG,buckle,50,98,80,349,0,0
1743861025551,HUAWEI NEN-LX1,PyTorch,mobilenet_v2,grey_whale.JPEG,grey whale,7,02,599,0,0,1
1743861027037,HUAWEI NEN-LX1,TFLite,efficientnet_lite0,grille.JPEG,beach wagon,20,19,128,2588,0,2
1743861027038,HUAWEI NEN-LX1,TFLite,efficientnet_lite0_int8,grille.JPEG,beer bottle,81,96,89,0,0,0
1743861027038,HUAWEI NEN-LX1,PyTorch,mobilenet_v2,grille.JPEG,grille,0,54,567,2952,0,1
1743861031042,HUAWEI NEN-LX1,TFLite,efficientnet_lite0,grocery_store.JPEG,grocery store,62,10,129,2588,0,1
1743861031043,HUAWEI NEN-LX1,TFLite,efficientnet_lite0_int8,grocery_store.JPEG,pomegranate,61,57,79,349,0,0
1743861031043,HUAWEI NEN-LX1,PyTorch,mobilenet_v2,grocery_store.JPEG,grocery store,0,28,2918,10049,0,1
1743861032523,HUAWEI NEN-LX1,TFLite,efficientnet_lite0,groenendael.JPEG,groenendael,85,29,132,2588,0,1
1743861032523,HUAWEI NEN-LX1,TFLite,efficientnet_lite0_int8,groenendael.JPEG,chow,50,98,80,365,0,0
1743861032523,HUAWEI NEN-LX1,PyTorch,mobilenet_v2,groenendael.JPEG,groenendael,0,79,527,2600,0,1
1743861033958,HUAWEI NEN-LX1,TFLite,efficientnet_lite0,groom.JPEG,groom,99,60,131,2604,0,1
1743861033959,HUAWEI NEN-LX1,TFLite,efficientnet_lite0_int8,groom.JPEG,ladle,50,59,80,349,0,0
1743861033959,HUAWEI NEN-LX1,PyTorch,mobilenet_v2,groom.JPEG,groom,6,48,521,2604,0,1
1743861035439,HUAWEI NEN-LX1,TFLite,efficientnet_lite0,ground_beetle.JPEG,ground beetle,89,79,138,0,0,1
1743861035440,HUAWEI NEN-LX1,TFLite,efficientnet_lite0_int8,ground_beetle.JPEG,bee,53,33,79,349,0,0
1743861035440,HUAWEI NEN-LX1,PyTorch,mobilenet_v2,ground_beetle.JPEG,ground beetle,1,56,556,2780,0,1
1743861036858,HUAWEI NEN-LX1,TFLite,efficientnet_lite0,guacamole.JPEG,guacamole,77,39,133,0,0,1
1743861036858,HUAWEI NEN-LX1,TFLite,efficientnet_lite0_int8,guacamole.JPEG,ice cream,76,47,80,365,0,0
1743861036858,HUAWEI NEN-LX1,PyTorch,mobilenet_v2,guacamole.JPEG,guacamole,0,96,517,2620,0,1
1743861038288,HUAWEI NEN-LX1,TFLite,efficientnet_lite0,guenon.JPEG,guenon,90,72,135,0,0,1
1743861038289,HUAWEI NEN-LX1,TFLite,efficientnet_lite0_int8,guenon.JPEG,colobus,51,37,80,365,0,0
1743861038289,HUAWEI NEN-LX1,PyTorch,mobilenet_v2,guenon.JPEG,guenon,2,50,532,2544,0,1
1743861039839,HUAWEI NEN-LX1,TFLite,efficientnet_lite0,guillotine.JPEG,guillotine,88,77,134,0,0,1
1743861039840,HUAWEI NEN-LX1,TFLite,efficientnet_lite0_int8,guillotine.JPEG,rule,53,33,80,365,0,0
1743861039841,HUAWEI NEN-LX1,PyTorch,mobilenet_v2,guillotine.JPEG,guillotine,5,79,632,0,0,1
1743861042133,HUAWEI NEN-LX1,TFLite,efficientnet_lite0,guinea_pig.JPEG,guinea pig,64,34,131,2588,0,1
1743861042133,HUAWEI NEN-LX1,TFLite,efficientnet_lite0_int8,guinea_pig.JPEG,wild boar,97,25,79,365,0,0
1743861042134,HUAWEI NEN-LX1,PyTorch,mobilenet_v2,guinea_pig.JPEG,electric ray,0,83,1317,2329,0,2
1743861043405,HUAWEI NEN-LX1,TFLite,efficientnet_lite0,gyromitra.JPEG,gyromitra,94,38,201,0,0,1
1743861043406,HUAWEI NEN-LX1,TFLite,efficientnet_lite0_int8,gyromitra.JPEG,tench,50,20,88,0,0,0
1743861043406,HUAWEI NEN-LX1,PyTorch,mobilenet_v2,gyromitra.JPEG,gyromitra,7,55,312,1340,0,1
1743861044836,HUAWEI NEN-LX1,TFLite,efficientnet_lite0,hair_slide.JPEG,pencil sharpener,22,69,139,0,0,2
1743861044837,HUAWEI NEN-LX1,TFLite,efficientnet_lite0_int8,hair_slide.JPEG,hamper,62,75,80,365,0,0
1743861044837,HUAWEI NEN-LX1,PyTorch,mobilenet_v2,hair_slide.JPEG,dishrag,0,66,524,2600,0,0
1743861046481,HUAWEI NEN-LX1,TFLite,efficientnet_lite0,hair_spray.JPEG,hair spray,83,79,136,2604,0,1
1743861046482,HUAWEI NEN-LX1,TFLite,efficientnet_lite0_int8,hair_spray.JPEG,loupe,61,18,80,365,0,0
1743861046482,HUAWEI NEN-LX1,PyTorch,mobilenet_v2,hair_spray.JPEG,bathtub,0,75,696,0,0,5
1743861048015,HUAWEI NEN-LX1,TFLite,efficientnet_lite0,half_track.JPEG,half track,37,89,132,2588,0,1
1743861048015,HUAWEI NEN-LX1,TFLite,efficientnet_lite0_int8,half_track.JPEG,lifeboat,74,90,80,349,0,0
1743861048015,HUAWEI NEN-LX1,PyTorch,mobilenet_v2,half_track.JPEG,half track,0,69,594,2940,0,1
1743861049744,HUAWEI NEN-LX1,TFLite,efficientnet_lite0,hammer.JPEG,spindle,27,45,137,2604,0,0
1743861049745,HUAWEI NEN-LX1,TFLite,efficientnet_lite0_int8,hammer.JPEG,steam locomotive,66,67,79,349,0,0
1743861049745,HUAWEI NEN-LX1,PyTorch,mobilenet_v2,hammer.JPEG,hammer,0,55,766,0,0,0
1743861051207,HUAWEI NEN-LX1,TFLite,efficientnet_lite0,hammerhead.JPEG,swimming trunks,49,52,130,2588,0,0
1743861051207,HUAWEI NEN-LX1,TFLite,efficientnet_lite0_int8,hammerhead.JPEG,table lamp,87,06,79,365,0,0
1743861051207,HUAWEI NEN-LX1,PyTorch,mobilenet_v2,hammerhead.JPEG,sandbar,1,66,527,2604,0,0
1743861052419,HUAWEI NEN-LX1,TFLite,efficientnet_lite0,hamper.JPEG,hamper,99,52,139,0,0,1
1743861052420,HUAWEI NEN-LX1,TFLite,efficientnet_lite0_int8,hamper.JPEG,tench,50,20,80,349,0,0
1743861052420,HUAWEI NEN-LX1,PyTorch,mobilenet_v2,hamper.JPEG,hamper,73,87,296,1160,0,1
1743861054160,HUAWEI NEN-LX1,TFLite,efficientnet_lite0,hamster.JPEG,hamster,95,93,138,0,0,1
1743861054160,HUAWEI NEN-LX1,TFLite,efficientnet_lite0_int8,hamster.JPEG,otter,51,76,79,365,0,0
1743861054161,HUAWEI NEN-LX1,PyTorch,mobilenet_v2,hamster.JPEG,hamster,2,36,792,3324,0,1
1743861055296,HUAWEI NEN-LX1,TFLite,efficientnet_lite0,hand-held_computer.JPEG,hand-held computer,66,84,199,0,0,0
1743861055297,HUAWEI NEN-LX1,TFLite,efficientnet_lite0_int8,hand-held_computer.JPEG,packet,58,04,82,0,0,0
1743861055297,HUAWEI NEN-LX1,PyTorch,mobilenet_v2,hand-held_computer.JPEG,hand-held computer,24,38,192,624,0,0
1743861057119,HUAWEI NEN-LX1,TFLite,efficientnet_lite0,hand_blower.JPEG,hand blower,88,84,140,0,0,1
1743861057120,HUAWEI NEN-LX1,TFLite,efficientnet_lite0_int8,hand_blower.JPEG,loupe,51,76,80,365,0,0
1743861057120,HUAWEI NEN-LX1,PyTorch,mobilenet_v2,hand_blower.JPEG,hand blower,4,83,887,1825,0,1
1743861058630,HUAWEI NEN-LX1,TFLite,efficientnet_lite0,handkerchief.JPEG,handkerchief,72,32,131,2588,0,1
1743861058630,HUAWEI NEN-LX1,TFLite,efficientnet_lite0_int8,handkerchief.JPEG,file,53,73,79,349,0,0
1743861058630,HUAWEI NEN-LX1,PyTorch,mobilenet_v2,handkerchief.JPEG,handkerchief,2,30,567,0,0,1
1743861060460,HUAWEI NEN-LX1,TFLite,efficientnet_lite0,hard_disc.JPEG,hard disc,98,25,131,2588,0,1
1743861060460,HUAWEI NEN-LX1,TFLite,efficientnet_lite0_int8,hard_disc.JPEG,CD player,50,59,81,0,0,0
1743861060460,HUAWEI NEN-LX1,PyTorch,mobilenet_v2,hard_disc.JPEG,hard disc,3,21,896,3948,0,1
1743861062027,HUAWEI NEN-LX1,TFLite,efficientnet_lite0,hare.JPEG,hare,45,67,130,2604,0,1
1743861062028,HUAWEI NEN-LX1,TFLite,efficientnet_lite0_int8,hare.JPEG,bald eagle,82,35,82,349,0,0
1743861062028,HUAWEI NEN-LX1,PyTorch,mobilenet_v2,hare.JPEG,magpie,1,74,600,2936,0,2
1743861063121,HUAWEI NEN-LX1,TFLite,efficientnet_lite0,harmonica.JPEG,harmonica,99,84,135,0,0,1
1743861063122,HUAWEI NEN-LX1,TFLite,efficientnet_lite0_int8,harmonica.JPEG,tench,50,20,79,365,0,0
1743861063122,HUAWEI NEN-LX1,PyTorch,mobilenet_v2,harmonica.JPEG,harmonica,94,40,217,744,0,1
1743861064613,HUAWEI NEN-LX1,TFLite,efficientnet_lite0,harp.JPEG,harp,23,18,131,2588,0,1
1743861064613,HUAWEI NEN-LX1,TFLite,efficientnet_lite0_int8,harp.JPEG,chiton,58,04,82,0,0,0
1743861064614,HUAWEI NEN-LX1,PyTorch,mobilenet_v2,harp.JPEG,harp,1,89,587,2936,0,1
1743861065972,HUAWEI NEN-LX1,TFLite,efficientnet_lite0,hartebeest.JPEG,hartebeest,92,28,135,0,0,0
1743861065973,HUAWEI NEN-LX1,TFLite,efficientnet_lite0_int8,hartebeest.JPEG,llama,97,25,80,365,0,0
1743861065973,HUAWEI NEN-LX1,PyTorch,mobilenet_v2,hartebeest.JPEG,hartebeest,16,72,462,2284,0,0
1743861067300,HUAWEI NEN-LX1,TFLite,efficientnet_lite0,harvester.JPEG,harvester,64,01,131,0,0,1
1743861067300,HUAWEI NEN-LX1,TFLite,efficientnet_lite0_int8,harvester.JPEG,Crock Pot,58,04,80,365,0,0
1743861067300,HUAWEI NEN-LX1,PyTorch,mobilenet_v2,harvester.JPEG,harvester,1,84,443,0,0,1
1743861068775,HUAWEI NEN-LX1,TFLite,efficientnet_lite0,harvestman.JPEG,harvestman,85,88,133,2588,0,1
1743861068776,HUAWEI NEN-LX1,TFLite,efficientnet_lite0_int8,harvestman.JPEG,leafhopper,51,76,80,365,0,0
1743861068776,HUAWEI NEN-LX1,PyTorch,mobilenet_v2,harvestman.JPEG,harvestman,4,13,535,0,0,1
1743861070007,HUAWEI NEN-LX1,TFLite,efficientnet_lite0,hatchet.JPEG,hatchet,34,28,136,0,0,1
1743861070008,HUAWEI NEN-LX1,TFLite,efficientnet_lite0_int8,hatchet.JPEG,hook,81,18,79,365,0,0
1743861070008,HUAWEI NEN-LX1,PyTorch,mobilenet_v2,hatchet.JPEG,hatchet,5,16,346,1512,0,1
1743861071582,HUAWEI NEN-LX1,TFLite,efficientnet_lite0,hay.JPEG,hay,67,73,139,0,0,1
1743861071582,HUAWEI NEN-LX1,TFLite,efficientnet_lite0_int8,hay.JPEG,hartebeest,52,55,83,349,0,0
1743861071583,HUAWEI NEN-LX1,PyTorch,mobilenet_v2,hay.JPEG,hay,5,04,601,23,0,1
1743861073111,HUAWEI NEN-LX1,TFLite,efficientnet_lite0,head_cabbage.JPEG,head cabbage,98,04,131,2588,0,0
1743861073112,HUAWEI NEN-LX1,TFLite,efficientnet_lite0_int8,head_cabbage.JPEG,butternut squash,50,59,79,365,0,0
1743861073112,HUAWEI NEN-LX1,PyTorch,mobilenet_v2,head_cabbage.JPEG,head cabbage,4,28,597,0,0,0
1743861074425,HUAWEI NEN-LX1,TFLite,efficientnet_lite0,hen-of-the-woods.JPEG,hen-of-the-woods,97,44,130,2588,0,0
1743861074425,HUAWEI NEN-LX1,TFLite,efficientnet_lite0_int8,hen-of-the-woods.JPEG,lemon,50,59,81,0,0,0
1743861074426,HUAWEI NEN-LX1,PyTorch,mobilenet_v2,hen-of-the-woods.JPEG,hen-of-the-woods,2,55,418,1904,0,0
1743861075894,HUAWEI NEN-LX1,TFLite,efficientnet_lite0,hen.JPEG,hen,44,11,133,0,0,1
1743861075895,HUAWEI NEN-LX1,TFLite,efficientnet_lite0_int8,hen.JPEG,house finch,81,57,80,365,0,0
1743861075895,HUAWEI NEN-LX1,PyTorch,mobilenet_v2,hen.JPEG,hen,0,86,559,1488,0,1
1743861077431,HUAWEI NEN-LX1,TFLite,efficientnet_lite0,hermit_crab.JPEG,hermit crab,60,90,131,2604,0,1
1743861077432,HUAWEI NEN-LX1,TFLite,efficientnet_lite0_int8,hermit_crab.JPEG,chambered nautilus,61,18,82,349,0,0
1743861077432,HUAWEI NEN-LX1,PyTorch,mobilenet_v2,hermit_crab.JPEG,hermit crab,1,92,585,0,0,1
1743861078935,HUAWEI NEN-LX1,TFLite,efficientnet_lite0,hip.JPEG,hip,88,81,135,0,0,0
1743861078936,HUAWEI NEN-LX1,TFLite,efficientnet_lite0_int8,hip.JPEG,dough,84,31,80,365,0,0
1743861078936,HUAWEI NEN-LX1,PyTorch,mobilenet_v2,hip.JPEG,hip,3,69,594,2936,0,0
1743861080468,HUAWEI NEN-LX1,TFLite,efficientnet_lite0,hippopotamus.JPEG,hippopotamus,96,83,137,0,0,1
1743861080468,HUAWEI NEN-LX1,TFLite,efficientnet_lite0_int8,hippopotamus.JPEG,ox,51,37,80,349,0,0
1743861080468,HUAWEI NEN-LX1,PyTorch,mobilenet_v2,hippopotamus.JPEG,hippopotamus,6,96,590,0,0,1
1743861081906,HUAWEI NEN-LX1,TFLite,efficientnet_lite0,hog.JPEG,hog,93,91,131,2588,0,0
1743861081907,HUAWEI NEN-LX1,TFLite,efficientnet_lite0_int8,hog.JPEG,cannon,56,86,80,365,0,0
1743861081907,HUAWEI NEN-LX1,PyTorch,mobilenet_v2,hog.JPEG,hog,18,41,512,0,0,0
1743861083449,HUAWEI NEN-LX1,TFLite,efficientnet_lite0,hognose_snake.JPEG,hognose snake,71,02,130,2588,0,1
1743861083450,HUAWEI NEN-LX1,TFLite,efficientnet_lite0_int8,hognose_snake.JPEG,scorpion,64,31,90,0,0,0
1743861083450,HUAWEI NEN-LX1,PyTorch,mobilenet_v2,hognose_snake.JPEG,hognose snake,0,85,607,3040,0,1
1743861084900,HUAWEI NEN-LX1,TFLite,efficientnet_lite0,holster.JPEG,holster,72,37,131,2588,0,1
1743861084901,HUAWEI NEN-LX1,TFLite,efficientnet_lite0_int8,holster.JPEG,bathing cap,50,59,80,349,0,0
1743861084901,HUAWEI NEN-LX1,PyTorch,mobilenet_v2,holster.JPEG,holster,3,25,526,0,0,1
1743861086342,HUAWEI NEN-LX1,TFLite,efficientnet_lite0,home_theater.JPEG,home theater,37,91,132,2588,0,1
1743861086343,HUAWEI NEN-LX1,TFLite,efficientnet_lite0_int8,home_theater.JPEG,horizontal bar,97,25,79,349,0,0
1743861086343,HUAWEI NEN-LX1,PyTorch,mobilenet_v2,home_theater.JPEG,home theater,1,04,519,0,0,1
1743861087856,HUAWEI NEN-LX1,TFLite,efficientnet_lite0,honeycomb.JPEG,sea cucumber,44,91,130,2588,0,2
1743861087856,HUAWEI NEN-LX1,TFLite,efficientnet_lite0_int8,honeycomb.JPEG,horse cart,61,57,81,0,0,0
1743861087857,HUAWEI NEN-LX1,PyTorch,mobilenet_v2,honeycomb.JPEG,honeycomb,2,11,600,2936,0,1
1743861089318,HUAWEI NEN-LX1,TFLite,efficientnet_lite0,hook.JPEG,hook,79,54,137,71,0,1
1743861089318,HUAWEI NEN-LX1,TFLite,efficientnet_lite0_int8,hook.JPEG,hourglass,99,61,80,365,0,0
1743861089319,HUAWEI NEN-LX1,PyTorch,mobilenet_v2,hook.JPEG,hook,2,96,525,2604,0,1
1743861090842,HUAWEI NEN-LX1,TFLite,efficientnet_lite0,hoopskirt.JPEG,hoopskirt,83,85,131,0,0,1
1743861090843,HUAWEI NEN-LX1,TFLite,efficientnet_lite0_int8,hoopskirt.JPEG,paddle,68,24,80,365,0,0
1743861090843,HUAWEI NEN-LX1,PyTorch,mobilenet_v2,hoopskirt.JPEG,hoopskirt,1,66,603,0,0,1
1743861092299,HUAWEI NEN-LX1,TFLite,efficientnet_lite0,horizontal_bar.JPEG,parallel bars,52,51,130,2588,0,2
1743861092300,HUAWEI NEN-LX1,TFLite,efficientnet_lite0_int8,horizontal_bar.JPEG,iron,85,49,79,349,0,0
1743861092300,HUAWEI NEN-LX1,PyTorch,mobilenet_v2,horizontal_bar.JPEG,horizontal bar,5,39,528,0,0,1
1743861093776,HUAWEI NEN-LX1,TFLite,efficientnet_lite0,hornbill.JPEG,hornbill,82,70,130,2588,0,1
1743861093777,HUAWEI NEN-LX1,TFLite,efficientnet_lite0_int8,hornbill.JPEG,black swan,52,16,98,0,0,0
1743861093777,HUAWEI NEN-LX1,PyTorch,mobilenet_v2,hornbill.JPEG,hornbill,1,91,524,2620,0,1
1743861094890,HUAWEI NEN-LX1,TFLite,efficientnet_lite0,horned_viper.JPEG,night snake,6,09,131,0,0,3
1743861094890,HUAWEI NEN-LX1,TFLite,efficientnet_lite0_int8,horned_viper.JPEG,sea snake,59,61,79,365,0,4
1743861094891,HUAWEI NEN-LX1,PyTorch,mobilenet_v2,horned_viper.JPEG,night snake,52,41,185,0,0,0
1743861098839,HUAWEI NEN-LX1,TFLite,efficientnet_lite0,horse_cart.JPEG,horse cart,95,69,137,0,0,1
1743861098840,HUAWEI NEN-LX1,TFLite,efficientnet_lite0_int8,horse_cart.JPEG,paddlewheel,53,33,80,365,0,0
1743861098840,HUAWEI NEN-LX1,PyTorch,mobilenet_v2,horse_cart.JPEG,horse cart,0,39,2876,11181,0,1
1743861100010,HUAWEI NEN-LX1,TFLite,efficientnet_lite0,hot_pot.JPEG,hot pot,57,95,134,2604,0,0
1743861100011,HUAWEI NEN-LX1,TFLite,efficientnet_lite0_int8,hot_pot.JPEG,can opener,65,10,79,349,0,0
1743861100011,HUAWEI NEN-LX1,PyTorch,mobilenet_v2,hot_pot.JPEG,hot pot,15,90,300,1224,0,0
1743861101888,HUAWEI NEN-LX1,TFLite,efficientnet_lite0,hotdog.JPEG,mushroom,7,49,131,2588,0,4
1743861101888,HUAWEI NEN-LX1,TFLite,efficientnet_lite0_int8,hotdog.JPEG,lemon,64,31,79,349,0,0
1743861101889,HUAWEI NEN-LX1,PyTorch,mobilenet_v2,hotdog.JPEG,hot pot,0,73,942,4636,0,4
1743861103320,HUAWEI NEN-LX1,TFLite,efficientnet_lite0,hourglass.JPEG,hourglass,96,36,133,0,0,1
1743861103321,HUAWEI NEN-LX1,TFLite,efficientnet_lite0_int8,hourglass.JPEG,tench,50,20,79,349,0,0
1743861103321,HUAWEI NEN-LX1,PyTorch,mobilenet_v2,hourglass.JPEG,hourglass,4,77,520,2504,0,1
1743861104908,HUAWEI NEN-LX1,TFLite,efficientnet_lite0,house_finch.JPEG,house finch,97,57,135,0,0,1
1743861104909,HUAWEI NEN-LX1,TFLite,efficientnet_lite0_int8,house_finch.JPEG,tench,50,20,83,365,0,0
1743861104909,HUAWEI NEN-LX1,PyTorch,mobilenet_v2,house_finch.JPEG,house finch,1,29,648,3256,0,1
1743861107303,HUAWEI NEN-LX1,TFLite,efficientnet_lite0,howler_monkey.JPEG,howler monkey,73,02,135,0,0,1
1743861107303,HUAWEI NEN-LX1,TFLite,efficientnet_lite0_int8,howler_monkey.JPEG,Madagascar cat,92,16,79,365,0,2
1743861107303,HUAWEI NEN-LX1,PyTorch,mobilenet_v2,howler_monkey.JPEG,howler monkey,1,34,1415,5847,0,1
1743861108768,HUAWEI NEN-LX1,TFLite,efficientnet_lite0,hummingbird.JPEG,hummingbird,99,78,131,2588,0,1
1743861108768,HUAWEI NEN-LX1,TFLite,efficientnet_lite0_int8,hummingbird.JPEG,tench,50,20,79,365,0,0
1743861108768,HUAWEI NEN-LX1,PyTorch,mobilenet_v2,hummingbird.JPEG,hummingbird,10,53,523,2604,0,1
1743861110313,HUAWEI NEN-LX1,TFLite,efficientnet_lite0,hyena.JPEG,hyena,90,78,131,2604,0,1
1743861110313,HUAWEI NEN-LX1,TFLite,efficientnet_lite0_int8,hyena.JPEG,Arctic fox,54,51,79,349,0,0
1743861110314,HUAWEI NEN-LX1,PyTorch,mobilenet_v2,hyena.JPEG,hyena,1,91,623,0,0,1
1743861111836,HUAWEI NEN-LX1,TFLite,efficientnet_lite0,iPod.JPEG,iPod,98,71,130,2588,0,1
1743861111837,HUAWEI NEN-LX1,TFLite,efficientnet_lite0_int8,iPod.JPEG,tench,50,20,80,365,0,0
1743861111837,HUAWEI NEN-LX1,PyTorch,mobilenet_v2,iPod.JPEG,iPod,8,17,596,2936,0,1
1743861113333,HUAWEI NEN-LX1,TFLite,efficientnet_lite0,ibex.JPEG,ibex,94,36,137,0,0,1
1743861113334,HUAWEI NEN-LX1,TFLite,efficientnet_lite0_int8,ibex.JPEG,gazelle,53,73,79,365,0,0
1743861113334,HUAWEI NEN-LX1,PyTorch,mobilenet_v2,ibex.JPEG,ibex,6,71,578,2936,0,1
1743861114924,HUAWEI NEN-LX1,TFLite,efficientnet_lite0,ice_bear.JPEG,ice bear,85,03,138,2620,0,1
1743861114924,HUAWEI NEN-LX1,TFLite,efficientnet_lite0_int8,ice_bear.JPEG,dhole,52,94,89,0,0,0
1743861114924,HUAWEI NEN-LX1,PyTorch,mobilenet_v2,ice_bear.JPEG,ice bear,0,84,592,2936,0,1
1743861116558,HUAWEI NEN-LX1,TFLite,efficientnet_lite0,ice_cream.JPEG,ice cream,69,02,132,2604,0,1
1743861116559,HUAWEI NEN-LX1,TFLite,efficientnet_lite0_int8,ice_cream.JPEG,pretzel,99,22,82,365,0,0
1743861116559,HUAWEI NEN-LX1,PyTorch,mobilenet_v2,ice_cream.JPEG,ice cream,0,78,662,0,0,1
1743861118010,HUAWEI NEN-LX1,TFLite,efficientnet_lite0,ice_lolly.JPEG,ice lolly,92,00,131,2604,0,1
1743861118011,HUAWEI NEN-LX1,TFLite,efficientnet_lite0_int8,ice_lolly.JPEG,pretzel,58,43,79,365,0,0
1743861118011,HUAWEI NEN-LX1,PyTorch,mobilenet_v2,ice_lolly.JPEG,ice lolly,3,88,517,2604,0,1
1743861119487,HUAWEI NEN-LX1,TFLite,efficientnet_lite0,impala.JPEG,impala,69,44,138,2604,0,1
1743861119488,HUAWEI NEN-LX1,TFLite,efficientnet_lite0_int8,impala.JPEG,weasel,87,06,79,365,0,0
1743861119488,HUAWEI NEN-LX1,PyTorch,mobilenet_v2,impala.JPEG,impala,4,15,526,2604,0,1
1743861121164,HUAWEI NEN-LX1,TFLite,efficientnet_lite0,indigo_bunting.JPEG,indigo bunting,98,00,147,0,0,1
1743861121165,HUAWEI NEN-LX1,TFLite,efficientnet_lite0_int8,indigo_bunting.JPEG,jay,50,59,85,0,0,0
1743861121165,HUAWEI NEN-LX1,PyTorch,mobilenet_v2,indigo_bunting.JPEG,indigo bunting,1,49,722,3178,0,1
1743861122700,HUAWEI NEN-LX1,TFLite,efficientnet_lite0,indri.JPEG,three-toed sloth,84,32,130,2588,0,2
1743861122700,HUAWEI NEN-LX1,TFLite,efficientnet_lite0_int8,indri.JPEG,pill bottle,55,69,79,349,0,0
1743861122700,HUAWEI NEN-LX1,PyTorch,mobilenet_v2,indri.JPEG,howler monkey,0,92,604,0,0,4
1743861123750,HUAWEI NEN-LX1,TFLite,efficientnet_lite0,iron.JPEG,iron,70,33,132,2588,0,1
1743861123750,HUAWEI NEN-LX1,TFLite,efficientnet_lite0_int8,iron.JPEG,toyshop,56,47,79,349,0,0
1743861123751,HUAWEI NEN-LX1,PyTorch,mobilenet_v2,iron.JPEG,iron,100,00,128,0,0,1
1743861124909,HUAWEI NEN-LX1,TFLite,efficientnet_lite0,isopod.JPEG,isopod,89,41,140,0,0,1
1743861124910,HUAWEI NEN-LX1,TFLite,efficientnet_lite0_int8,isopod.JPEG,fiddler crab,50,98,83,365,0,0
1743861124910,HUAWEI NEN-LX1,PyTorch,mobilenet_v2,isopod.JPEG,isopod,19,63,251,940,0,1
1743861126428,HUAWEI NEN-LX1,TFLite,efficientnet_lite0,jacamar.JPEG,jacamar,80,97,137,0,0,1
1743861126429,HUAWEI NEN-LX1,TFLite,efficientnet_lite0_int8,jacamar.JPEG,toucan,52,94,82,365,0,0
1743861126429,HUAWEI NEN-LX1,PyTorch,mobilenet_v2,jacamar.JPEG,jacamar,2,65,569,2880,0,1
1743861127945,HUAWEI NEN-LX1,TFLite,efficientnet_lite0,jack-o'-lantern.JPEG,jack-o'-lantern,83,80,133,0,0,0
1743861127946,HUAWEI NEN-LX1,TFLite,efficientnet_lite0_int8,jack-o'-lantern.JPEG,artichoke,50,59,80,365,0,0
1743861127946,HUAWEI NEN-LX1,PyTorch,mobilenet_v2,jack-o'-lantern.JPEG,jack-o'-lantern,1,53,601,0,0,0
1743861129488,HUAWEI NEN-LX1,TFLite,efficientnet_lite0,jackfruit.JPEG,jackfruit,90,51,131,2604,0,1
1743861129488,HUAWEI NEN-LX1,TFLite,efficientnet_lite0_int8,jackfruit.JPEG,carbonara,85,49,82,349,0,0
1743861129488,HUAWEI NEN-LX1,PyTorch,mobilenet_v2,jackfruit.JPEG,bakery,1,75,583,0,0,3
1743861130917,HUAWEI NEN-LX1,TFLite,efficientnet_lite0,jaguar.JPEG,cougar,71,33,132,2588,0,3
1743861130917,HUAWEI NEN-LX1,TFLite,efficientnet_lite0_int8,jaguar.JPEG,American black bear,52,16,81,0,0,0
1743861130918,HUAWEI NEN-LX1,PyTorch,mobilenet_v2,jaguar.JPEG,cougar,1,26,529,2536,0,0
1743861132472,HUAWEI NEN-LX1,TFLite,efficientnet_lite0,jay.JPEG,jay,99,36,138,2604,0,1
1743861132472,HUAWEI NEN-LX1,TFLite,efficientnet_lite0_int8,jay.JPEG,tench,50,20,80,349,0,0
1743861132473,HUAWEI NEN-LX1,PyTorch,mobilenet_v2,jay.JPEG,jay,2,02,593,0,0,1
1743861134006,HUAWEI NEN-LX1,TFLite,efficientnet_lite0,jean.JPEG,jean,41,77,131,2620,0,1
1743861134007,HUAWEI NEN-LX1,TFLite,efficientnet_lite0_int8,jean.JPEG,cab,65,88,79,349,0,0
1743861134007,HUAWEI NEN-LX1,PyTorch,mobilenet_v2,jean.JPEG,jean,6,63,606,0,0,1
1743861139700,HUAWEI NEN-LX1,TFLite,efficientnet_lite0,jeep.JPEG,moving van,27,62,131,2588,0,2
1743861139701,HUAWEI NEN-LX1,TFLite,efficientnet_lite0_int8,jeep.JPEG,joystick,77,25,79,365,0,0
1743861139701,HUAWEI NEN-LX1,PyTorch,mobilenet_v2,jeep.JPEG,beach wagon,0,26,4511,12468,0,4
1743861140947,HUAWEI NEN-LX1,TFLite,efficientnet_lite0,jellyfish.JPEG,monitor,8,40,134,2588,0,0
1743861140948,HUAWEI NEN-LX1,TFLite,efficientnet_lite0_int8,jellyfish.JPEG,jean,60,39,80,349,0,0
1743861140948,HUAWEI NEN-LX1,PyTorch,mobilenet_v2,jellyfish.JPEG,perfume,1,01,346,1468,0,0
1743861142458,HUAWEI NEN-LX1,TFLite,efficientnet_lite0,jersey.JPEG,jersey,95,83,130,2588,0,1
1743861142458,HUAWEI NEN-LX1,TFLite,efficientnet_lite0_int8,jersey.JPEG,syringe,52,94,79,365,0,0
1743861142459,HUAWEI NEN-LX1,PyTorch,mobilenet_v2,jersey.JPEG,jersey,6,58,587,2936,0,1
1743861143895,HUAWEI NEN-LX1,TFLite,efficientnet_lite0,jigsaw_puzzle.JPEG,jigsaw puzzle,97,25,132,2588,0,1
1743861143896,HUAWEI NEN-LX1,TFLite,efficientnet_lite0_int8,jigsaw_puzzle.JPEG,tench,50,20,79,349,0,0
1743861143896,HUAWEI NEN-LX1,PyTorch,mobilenet_v2,jigsaw_puzzle.JPEG,jigsaw puzzle,26,83,521,2664,0,1
1743861145351,HUAWEI NEN-LX1,TFLite,efficientnet_lite0,jinrikisha.JPEG,jinrikisha,51,22,134,0,0,1
1743861145352,HUAWEI NEN-LX1,TFLite,efficientnet_lite0_int8,jinrikisha.JPEG,knot,97,25,79,349,0,0
1743861145352,HUAWEI NEN-LX1,PyTorch,mobilenet_v2,jinrikisha.JPEG,jinrikisha,1,48,524,2604,0,1
1743861146852,HUAWEI NEN-LX1,TFLite,efficientnet_lite0,joystick.JPEG,joystick,38,81,134,0,0,0
1743861146853,HUAWEI NEN-LX1,TFLite,efficientnet_lite0_int8,joystick.JPEG,harmonica,65,10,79,349,0,0
1743861146853,HUAWEI NEN-LX1,PyTorch,mobilenet_v2,joystick.JPEG,microphone,0,81,591,2936,0,0
1743861148347,HUAWEI NEN-LX1,TFLite,efficientnet_lite0,junco.JPEG,coucal,33,42,134,0,0,2
1743861148348,HUAWEI NEN-LX1,TFLite,efficientnet_lite0_int8,junco.JPEG,chickadee,70,98,79,365,0,0
1743861148348,HUAWEI NEN-LX1,PyTorch,mobilenet_v2,junco.JPEG,coucal,1,67,584,2936,0,4
1743861149829,HUAWEI NEN-LX1,TFLite,efficientnet_lite0,keeshond.JPEG,keeshond,95,22,139,0,0,1
1743861149829,HUAWEI NEN-LX1,TFLite,efficientnet_lite0_int8,keeshond.JPEG,komondor,50,59,80,349,0,0
1743861149829,HUAWEI NEN-LX1,PyTorch,mobilenet_v2,keeshond.JPEG,keeshond,1,37,516,0,0,1
1743861151291,HUAWEI NEN-LX1,TFLite,efficientnet_lite0,kelpie.JPEG,kelpie,89,76,132,2588,0,1
1743861151292,HUAWEI NEN-LX1,TFLite,efficientnet_lite0_int8,kelpie.JPEG,EntleBucher,54,12,80,365,0,0
1743861151292,HUAWEI NEN-LX1,PyTorch,mobilenet_v2,kelpie.JPEG,kelpie,1,23,529,0,0,1
1743861152815,HUAWEI NEN-LX1,TFLite,efficientnet_lite0,killer_whale.JPEG,killer whale,88,76,135,0,0,1
1743861152815,HUAWEI NEN-LX1,TFLite,efficientnet_lite0_int8,killer_whale.JPEG,bald eagle,51,76,79,365,0,0
1743861152816,HUAWEI NEN-LX1,PyTorch,mobilenet_v2,killer_whale.JPEG,killer whale,1,95,614,3100,0,1
1743861161058,HUAWEI NEN-LX1,TFLite,efficientnet_lite0,kimono.JPEG,cloak,25,33,137,2604,0,0
1743861161059,HUAWEI NEN-LX1,TFLite,efficientnet_lite0_int8,kimono.JPEG,strainer,63,14,83,365,0,0
1743861161059,HUAWEI NEN-LX1,PyTorch,mobilenet_v2,kimono.JPEG,velvet,0,21,6770,24638,0,0
1743861162400,HUAWEI NEN-LX1,TFLite,efficientnet_lite0,king_crab.JPEG,king crab,94,94,131,2588,0,1
1743861162401,HUAWEI NEN-LX1,TFLite,efficientnet_lite0_int8,king_crab.JPEG,white stork,52,55,80,365,0,0
1743861162401,HUAWEI NEN-LX1,PyTorch,mobilenet_v2,king_crab.JPEG,king crab,18,32,413,1880,0,1
1743861163906,HUAWEI NEN-LX1,TFLite,efficientnet_lite0,king_penguin.JPEG,king penguin,98,74,132,2588,0,1
1743861163906,HUAWEI NEN-LX1,TFLite,efficientnet_lite0_int8,king_penguin.JPEG,tench,50,20,80,349,0,0
1743861163907,HUAWEI NEN-LX1,PyTorch,mobilenet_v2,king_penguin.JPEG,king penguin,6,88,585,2936,0,1
1743861165401,HUAWEI NEN-LX1,TFLite,efficientnet_lite0,king_snake.JPEG,water snake,9,98,131,2588,0,0
1743861165402,HUAWEI NEN-LX1,TFLite,efficientnet_lite0_int8,king_snake.JPEG,scuba diver,61,18,79,349,0,0
1743861165402,HUAWEI NEN-LX1,PyTorch,mobilenet_v2,king_snake.JPEG,water snake,1,45,574,2936,0,3
1743861166927,HUAWEI NEN-LX1,TFLite,efficientnet_lite0,kit_fox.JPEG,grey fox,27,41,136,0,0,2
1743861166927,HUAWEI NEN-LX1,TFLite,efficientnet_lite0_int8,kit_fox.JPEG,Siamese cat,74,12,79,365,0,5
1743861166927,HUAWEI NEN-LX1,PyTorch,mobilenet_v2,kit_fox.JPEG,kit fox,0,80,592,2936,0,1
1743861168501,HUAWEI NEN-LX1,TFLite,efficientnet_lite0,kite.JPEG,spoonbill,41,90,131,0,0,0
1743861168502,HUAWEI NEN-LX1,TFLite,efficientnet_lite0_int8,kite.JPEG,bittern,60,00,80,349,0,0
1743861168502,HUAWEI NEN-LX1,PyTorch,mobilenet_v2,kite.JPEG,house finch,0,81,670,3128,0,0
1743861169932,HUAWEI NEN-LX1,TFLite,efficientnet_lite0,knee_pad.JPEG,knee pad,86,54,134,0,0,1
1743861169933,HUAWEI NEN-LX1,TFLite,efficientnet_lite0_int8,knee_pad.JPEG,ladle,56,86,80,365,0,0
1743861169934,HUAWEI NEN-LX1,PyTorch,mobilenet_v2,knee_pad.JPEG,knee pad,1,66,535,2604,0,1
1743861171406,HUAWEI NEN-LX1,TFLite,efficientnet_lite0,knot.JPEG,knot,97,07,133,0,0,1
1743861171406,HUAWEI NEN-LX1,TFLite,efficientnet_lite0_int8,knot.JPEG,hare,50,59,80,365,0,0
1743861171407,HUAWEI NEN-LX1,PyTorch,mobilenet_v2,knot.JPEG,knot,1,40,541,0,0,1
1743861172684,HUAWEI NEN-LX1,TFLite,efficientnet_lite0,koala.JPEG,koala,47,61,131,2588,0,1
1743861172685,HUAWEI NEN-LX1,TFLite,efficientnet_lite0_int8,koala.JPEG,brain coral,84,71,80,365,0,0
1743861172685,HUAWEI NEN-LX1,PyTorch,mobilenet_v2,koala.JPEG,koala,7,89,376,1660,0,1
1743861173906,HUAWEI NEN-LX1,TFLite,efficientnet_lite0,komondor.JPEG,komondor,97,53,136,0,0,1
1743861173907,HUAWEI NEN-LX1,TFLite,efficientnet_lite0_int8,komondor.JPEG,tench,50,20,80,365,0,0
1743861173907,HUAWEI NEN-LX1,PyTorch,mobilenet_v2,komondor.JPEG,komondor,31,53,320,1336,0,1
1743861177925,HUAWEI NEN-LX1,TFLite,efficientnet_lite0,kuvasz.JPEG,kuvasz,97,09,137,0,0,1
1743861177925,HUAWEI NEN-LX1,TFLite,efficientnet_lite0_int8,kuvasz.JPEG,Ibizan hound,50,59,80,365,0,0
1743861177926,HUAWEI NEN-LX1,PyTorch,mobilenet_v2,kuvasz.JPEG,kuvasz,0,50,2943,10002,0,1
1743861179437,HUAWEI NEN-LX1,TFLite,efficientnet_lite0,lab_coat.JPEG,lab coat,37,17,132,2588,0,1
1743861179438,HUAWEI NEN-LX1,TFLite,efficientnet_lite0_int8,lab_coat.JPEG,lawn mower,67,06,79,365,0,0
1743861179438,HUAWEI NEN-LX1,PyTorch,mobilenet_v2,lab_coat.JPEG,lab coat,1,71,590,2936,0,1
1743861180881,HUAWEI NEN-LX1,TFLite,efficientnet_lite0,lacewing.JPEG,lacewing,97,98,129,2604,0,1
1743861180882,HUAWEI NEN-LX1,TFLite,efficientnet_lite0_int8,lacewing.JPEG,tench,50,20,79,349,0,0
1743861180882,HUAWEI NEN-LX1,PyTorch,mobilenet_v2,lacewing.JPEG,lacewing,1,94,526,2600,0,1
1743861182707,HUAWEI NEN-LX1,TFLite,efficientnet_lite0,ladle.JPEG,ladle,99,67,137,0,0,1
1743861182707,HUAWEI NEN-LX1,TFLite,efficientnet_lite0_int8,ladle.JPEG,tench,50,20,79,349,0,0
1743861182707,HUAWEI NEN-LX1,PyTorch,mobilenet_v2,ladle.JPEG,ladle,3,15,884,4224,0,1
1743861184242,HUAWEI NEN-LX1,TFLite,efficientnet_lite0,ladybug.JPEG,ladybug,78,57,134,0,0,1
1743861184243,HUAWEI NEN-LX1,TFLite,efficientnet_lite0_int8,ladybug.JPEG,fly,69,80,79,365,0,0
1743861184243,HUAWEI NEN-LX1,PyTorch,mobilenet_v2,ladybug.JPEG,ladybug,2,11,621,3020,0,1
1743861185736,HUAWEI NEN-LX1,TFLite,efficientnet_lite0,lakeside.JPEG,lakeside,54,30,136,0,0,1
1743861185737,HUAWEI NEN-LX1,TFLite,efficientnet_lite0_int8,lakeside.JPEG,ballplayer,54,90,80,365,0,0
1743861185737,HUAWEI NEN-LX1,PyTorch,mobilenet_v2,lakeside.JPEG,lakeside,1,24,585,2968,0,1
1743861187063,HUAWEI NEN-LX1,TFLite,efficientnet_lite0,lampshade.JPEG,table lamp,54,99,137,0,0,2
1743861187064,HUAWEI NEN-LX1,TFLite,efficientnet_lite0_int8,lampshade.JPEG,letter opener,67,84,90,0,0,0
1743861187064,HUAWEI NEN-LX1,PyTorch,mobilenet_v2,lampshade.JPEG,table lamp,5,38,373,1676,0,2
1743861188527,HUAWEI NEN-LX1,TFLite,efficientnet_lite0,langur.JPEG,warthog,10,62,133,0,0,4
1743861188528,HUAWEI NEN-LX1,TFLite,efficientnet_lite0_int8,langur.JPEG,gazelle,62,35,79,349,0,0
1743861188528,HUAWEI NEN-LX1,PyTorch,mobilenet_v2,langur.JPEG,warthog,1,00,534,150,0,0
1743861190000,HUAWEI NEN-LX1,TFLite,efficientnet_lite0,laptop.JPEG,laptop,75,36,131,2588,0,1
1743861190001,HUAWEI NEN-LX1,TFLite,efficientnet_lite0_int8,laptop.JPEG,odometer,70,98,79,349,0,0
1743861190001,HUAWEI NEN-LX1,PyTorch,mobilenet_v2,laptop.JPEG,laptop,0,59,550,0,0,1
1743861191442,HUAWEI NEN-LX1,TFLite,efficientnet_lite0,lawn_mower.JPEG,harvester,22,92,134,0,0,2
1743861191443,HUAWEI NEN-LX1,TFLite,efficientnet_lite0_int8,lawn_mower.JPEG,tricycle,64,31,80,365,0,0
1743861191443,HUAWEI NEN-LX1,PyTorch,mobilenet_v2,lawn_mower.JPEG,tractor,1,37,532,2604,0,3
1743861192965,HUAWEI NEN-LX1,TFLite,efficientnet_lite0,leaf_beetle.JPEG,leaf beetle,51,63,135,0,0,1
1743861192966,HUAWEI NEN-LX1,TFLite,efficientnet_lite0_int8,leaf_beetle.JPEG,cricket,61,57,80,365,0,5
1743861192966,HUAWEI NEN-LX1,PyTorch,mobilenet_v2,leaf_beetle.JPEG,leaf beetle,1,24,612,1224,0,1
1743861194574,HUAWEI NEN-LX1,TFLite,efficientnet_lite0,leafhopper.JPEG,leafhopper,98,94,130,2588,0,1
1743861194575,HUAWEI NEN-LX1,TFLite,efficientnet_lite0_int8,leafhopper.JPEG,damselfly,50,59,79,365,0,0
1743861194575,HUAWEI NEN-LX1,PyTorch,mobilenet_v2,leafhopper.JPEG,leafhopper,2,20,647,0,0,1
1743861196050,HUAWEI NEN-LX1,TFLite,efficientnet_lite0,leatherback_turtle.JPEG,leatherback turtle,96,03,134,0,0,1
1743861196050,HUAWEI NEN-LX1,TFLite,efficientnet_lite0_int8,leatherback_turtle.JPEG,box turtle,50,98,79,365,0,0
1743861196051,HUAWEI NEN-LX1,PyTorch,mobilenet_v2,leatherback_turtle.JPEG,leatherback turtle,5,34,569,2784,0,1
1743861197516,HUAWEI NEN-LX1,TFLite,efficientnet_lite0,lemon.JPEG,lemon,77,60,135,0,0,1
1743861197517,HUAWEI NEN-LX1,TFLite,efficientnet_lite0_int8,lemon.JPEG,banana,81,57,80,365,0,0
1743861197517,HUAWEI NEN-LX1,PyTorch,mobilenet_v2,lemon.JPEG,orange,1,68,525,0,0,2
1743861198974,HUAWEI NEN-LX1,TFLite,efficientnet_lite0,lens_cap.JPEG,lens cap,93,99,131,2604,0,1
1743861198974,HUAWEI NEN-LX1,TFLite,efficientnet_lite0_int8,lens_cap.JPEG,brassiere,50,59,82,349,0,0
1743861198974,HUAWEI NEN-LX1,PyTorch,mobilenet_v2,lens_cap.JPEG,lens cap,4,71,513,0,0,1
1743861200394,HUAWEI NEN-LX1,TFLite,efficientnet_lite0,leopard.JPEG,leopard,97,13,131,2588,0,1
1743861200394,HUAWEI NEN-LX1,TFLite,efficientnet_lite0_int8,leopard.JPEG,brown bear,52,16,81,0,0,0
1743861200395,HUAWEI NEN-LX1,PyTorch,mobilenet_v2,leopard.JPEG,leopard,3,58,524,2604,0,1
1743861202029,HUAWEI NEN-LX1,TFLite,efficientnet_lite0,lesser_panda.JPEG,lesser panda,84,75,136,2604,0,1
1743861202030,HUAWEI NEN-LX1,TFLite,efficientnet_lite0_int8,lesser_panda.JPEG,long-horned beetle,51,76,86,0,0,5
1743861202030,HUAWEI NEN-LX1,PyTorch,mobilenet_v2,lesser_panda.JPEG,lesser panda,2,12,628,3152,0,1
1743861203568,HUAWEI NEN-LX1,TFLite,efficientnet_lite0,letter_opener.JPEG,letter opener,12,78,132,2604,0,1
1743861203568,HUAWEI NEN-LX1,TFLite,efficientnet_lite0_int8,letter_opener.JPEG,barbell,61,57,80,349,0,0
1743861203568,HUAWEI NEN-LX1,PyTorch,mobilenet_v2,letter_opener.JPEG,wooden spoon,2,07,601,0,0,4
1743861205090,HUAWEI NEN-LX1,TFLite,efficientnet_lite0,library.JPEG,library,61,09,131,2588,0,1
1743861205090,HUAWEI NEN-LX1,TFLite,efficientnet_lite0_int8,library.JPEG,brass,58,82,79,349,0,0
1743861205090,HUAWEI NEN-LX1,PyTorch,mobilenet_v2,library.JPEG,library,1,96,594,0,0,1
1743861206528,HUAWEI NEN-LX1,TFLite,efficientnet_lite0,lifeboat.JPEG,lifeboat,97,39,132,2588,0,1
1743861206529,HUAWEI NEN-LX1,TFLite,efficientnet_lite0_int8,lifeboat.JPEG,tench,50,20,82,0,0,0
1743861206529,HUAWEI NEN-LX1,PyTorch,mobilenet_v2,lifeboat.JPEG,lifeboat,2,90,534,2620,0,1
1743861207998,HUAWEI NEN-LX1,TFLite,efficientnet_lite0,lighter.JPEG,lighter,76,81,138,2620,0,1
1743861207998,HUAWEI NEN-LX1,TFLite,efficientnet_lite0_int8,lighter.JPEG,safe,57,25,84,0,0,0
1743861207998,HUAWEI NEN-LX1,PyTorch,mobilenet_v2,lighter.JPEG,remote control,0,75,539,2604,0,0
1743861209487,HUAWEI NEN-LX1,TFLite,efficientnet_lite0,limousine.JPEG,limousine,95,90,135,0,0,1
1743861209487,HUAWEI NEN-LX1,TFLite,efficientnet_lite0_int8,limousine.JPEG,pillow,50,59,80,365,0,0
1743861209488,HUAWEI NEN-LX1,PyTorch,mobilenet_v2,limousine.JPEG,limousine,1,42,586,2936,0,1
1743861212156,HUAWEI NEN-LX1,TFLite,efficientnet_lite0,limpkin.JPEG,limpkin,93,11,134,0,0,1
1743861212157,HUAWEI NEN-LX1,TFLite,efficientnet_lite0_int8,limpkin.JPEG,African grey,50,98,80,365,0,0
1743861212157,HUAWEI NEN-LX1,PyTorch,mobilenet_v2,limpkin.JPEG,limpkin,0,73,1677,3363,0,1
1743861214593,HUAWEI NEN-LX1,TFLite,efficientnet_lite0,liner.JPEG,liner,98,04,134,2588,1,0
1743861214593,HUAWEI NEN-LX1,TFLite,efficientnet_lite0_int8,liner.JPEG,drilling platform,50,98,79,349,1,0
1743861214593,HUAWEI NEN-LX1,PyTorch,mobilenet_v2,liner.JPEG,liner,0,79,1417,6652,1,0
1743861216063,HUAWEI NEN-LX1,TFLite,efficientnet_lite0,lion.JPEG,lion,22,02,135,0,0,0
1743861216064,HUAWEI NEN-LX1,TFLite,efficientnet_lite0_int8,lion.JPEG,grey fox,63,53,80,365,0,0
1743861216064,HUAWEI NEN-LX1,PyTorch,mobilenet_v2,lion.JPEG,hyena,0,48,561,2768,0,0
1743861217615,HUAWEI NEN-LX1,TFLite,efficientnet_lite0,lionfish.JPEG,lionfish,14,59,131,2604,0,0
1743861217616,HUAWEI NEN-LX1,TFLite,efficientnet_lite0_int8,lionfish.JPEG,sturgeon,68,63,79,349,0,0
1743861217616,HUAWEI NEN-LX1,PyTorch,mobilenet_v2,lionfish.JPEG,electric ray,1,54,604,0,0,0
1743861218952,HUAWEI NEN-LX1,TFLite,efficientnet_lite0,lipstick.JPEG,lipstick,96,01,131,2588,0,0
1743861218952,HUAWEI NEN-LX1,TFLite,efficientnet_lite0_int8,lipstick.JPEG,pickelhaube,50,98,79,365,0,0
1743861218953,HUAWEI NEN-LX1,PyTorch,mobilenet_v2,lipstick.JPEG,lipstick,6,31,422,1880,0,0
1743861220401,HUAWEI NEN-LX1,TFLite,efficientnet_lite0,little_blue_heron.JPEG,little blue heron,86,73,138,0,0,1
1743861220402,HUAWEI NEN-LX1,TFLite,efficientnet_lite0_int8,little_blue_heron.JPEG,drake,85,49,80,349,0,0
1743861220402,HUAWEI NEN-LX1,PyTorch,mobilenet_v2,little_blue_heron.JPEG,little blue heron,2,67,514,2604,0,1
1743861221943,HUAWEI NEN-LX1,TFLite,efficientnet_lite0,llama.JPEG,llama,65,17,140,0,0,1
1743861221943,HUAWEI NEN-LX1,TFLite,efficientnet_lite0_int8,llama.JPEG,black-footed ferret,98,82,79,365,0,0
1743861221944,HUAWEI NEN-LX1,PyTorch,mobilenet_v2,llama.JPEG,llama,2,42,611,2620,0,1
1743861223305,HUAWEI NEN-LX1,TFLite,efficientnet_lite0,loggerhead.JPEG,loggerhead,18,75,137,0,0,1
1743861223306,HUAWEI NEN-LX1,TFLite,efficientnet_lite0_int8,loggerhead.JPEG,box turtle,64,71,80,365,0,0
1743861223306,HUAWEI NEN-LX1,PyTorch,mobilenet_v2,loggerhead.JPEG,loggerhead,0,76,467,2316,0,1
1743861224751,HUAWEI NEN-LX1,TFLite,efficientnet_lite0,long-horned_beetle.JPEG,long-horned beetle,87,33,133,0,0,0
1743861224752,HUAWEI NEN-LX1,TFLite,efficientnet_lite0_int8,long-horned_beetle.JPEG,fly,50,59,80,365,0,0
1743861224752,HUAWEI NEN-LX1,PyTorch,mobilenet_v2,long-horned_beetle.JPEG,long-horned beetle,4,18,542,0,0,0
1743861226263,HUAWEI NEN-LX1,TFLite,efficientnet_lite0,lorikeet.JPEG,lorikeet,92,85,131,2588,0,1
1743861226264,HUAWEI NEN-LX1,TFLite,efficientnet_lite0_int8,lorikeet.JPEG,partridge,50,59,79,365,0,0
1743861226264,HUAWEI NEN-LX1,PyTorch,mobilenet_v2,lorikeet.JPEG,lorikeet,0,77,579,0,0,1
1743861227730,HUAWEI NEN-LX1,TFLite,efficientnet_lite0,lotion.JPEG,bottlecap,22,53,131,0,0,5
1743861227730,HUAWEI NEN-LX1,TFLite,efficientnet_lite0_int8,lotion.JPEG,lighter,71,76,79,365,0,0
1743861227731,HUAWEI NEN-LX1,PyTorch,mobilenet_v2,lotion.JPEG,bottlecap,0,74,565,2816,0,0
1743861229259,HUAWEI NEN-LX1,TFLite,efficientnet_lite0,loudspeaker.JPEG,loudspeaker,86,33,137,0,0,1
1743861229259,HUAWEI NEN-LX1,TFLite,efficientnet_lite0_int8,loudspeaker.JPEG,reel,56,08,79,349,0,0
1743861229259,HUAWEI NEN-LX1,PyTorch,mobilenet_v2,loudspeaker.JPEG,loudspeaker,5,57,593,0,0,1
1743861230696,HUAWEI NEN-LX1,TFLite,efficientnet_lite0,loupe.JPEG,loupe,99,09,131,2588,0,1
1743861230697,HUAWEI NEN-LX1,TFLite,efficientnet_lite0_int8,loupe.JPEG,cradle,50,59,79,365,0,0
1743861230697,HUAWEI NEN-LX1,PyTorch,mobilenet_v2,loupe.JPEG,loupe,1,32,516,0,0,1
1743861232174,HUAWEI NEN-LX1,TFLite,efficientnet_lite0,lumbermill.JPEG,lumbermill,55,77,130,2588,0,1
1743861232175,HUAWEI NEN-LX1,TFLite,efficientnet_lite0_int8,lumbermill.JPEG,baseball,93,73,80,365,0,0
1743861232175,HUAWEI NEN-LX1,PyTorch,mobilenet_v2,lumbermill.JPEG,lumbermill,1,01,556,0,0,1
1743861233642,HUAWEI NEN-LX1,TFLite,efficientnet_lite0,lycaenid.JPEG,lycaenid,79,29,132,0,0,1
1743861233642,HUAWEI NEN-LX1,TFLite,efficientnet_lite0_int8,lycaenid.JPEG,sea urchin,56,86,83,365,0,2
1743861233642,HUAWEI NEN-LX1,PyTorch,mobilenet_v2,lycaenid.JPEG,lycaenid,1,93,515,0,0,1
1743861235548,HUAWEI NEN-LX1,TFLite,efficientnet_lite0,lynx.JPEG,lynx,97,60,133,2588,0,1
1743861235548,HUAWEI NEN-LX1,TFLite,efficientnet_lite0_int8,lynx.JPEG,Egyptian cat,52,94,79,365,0,0
1743861235548,HUAWEI NEN-LX1,PyTorch,mobilenet_v2,lynx.JPEG,lynx,1,26,946,797,0,1
1743861237237,HUAWEI NEN-LX1,TFLite,efficientnet_lite0,macaque.JPEG,macaque,83,76,134,0,0,1
1743861237237,HUAWEI NEN-LX1,TFLite,efficientnet_lite0_int8,macaque.JPEG,proboscis monkey,55,29,80,365,0,0
1743861237238,HUAWEI NEN-LX1,PyTorch,mobilenet_v2,macaque.JPEG,macaque,1,13,766,3680,0,1
1743861238713,HUAWEI NEN-LX1,TFLite,efficientnet_lite0,macaw.JPEG,macaw,98,17,136,0,0,1
1743861238714,HUAWEI NEN-LX1,TFLite,efficientnet_lite0_int8,macaw.JPEG,macaw,50,59,79,365,0,1
1743861238714,HUAWEI NEN-LX1,PyTorch,mobilenet_v2,macaw.JPEG,macaw,0,75,534,0,0,1
1743861240749,HUAWEI NEN-LX1,TFLite,efficientnet_lite0,magnetic_compass.JPEG,magnetic compass,79,85,131,2588,0,1
1743861240749,HUAWEI NEN-LX1,TFLite,efficientnet_lite0_int8,magnetic_compass.JPEG,stretcher,62,35,79,349,0,0
1743861240749,HUAWEI NEN-LX1,PyTorch,mobilenet_v2,magnetic_compass.JPEG,magnetic compass,0,36,1073,1321,0,1
1743861242274,HUAWEI NEN-LX1,TFLite,efficientnet_lite0,magpie.JPEG,magpie,99,11,137,0,0,1
1743861242274,HUAWEI NEN-LX1,TFLite,efficientnet_lite0_int8,magpie.JPEG,goldfinch,53,33,79,365,0,0
1743861242274,HUAWEI NEN-LX1,PyTorch,mobilenet_v2,magpie.JPEG,magpie,2,70,608,2936,0,1
1743861243812,HUAWEI NEN-LX1,TFLite,efficientnet_lite0,mailbag.JPEG,mailbag,56,44,132,0,0,1
1743861243812,HUAWEI NEN-LX1,TFLite,efficientnet_lite0_int8,mailbag.JPEG,manhole cover,99,61,80,349,0,0
1743861243812,HUAWEI NEN-LX1,PyTorch,mobilenet_v2,mailbag.JPEG,purse,0,72,616,0,0,2
1743861245325,HUAWEI NEN-LX1,TFLite,efficientnet_lite0,mailbox.JPEG,mailbox,96,87,131,2588,0,0
1743861245326,HUAWEI NEN-LX1,TFLite,efficientnet_lite0_int8,mailbox.JPEG,catamaran,50,59,79,365,0,0
1743861245326,HUAWEI NEN-LX1,PyTorch,mobilenet_v2,mailbox.JPEG,mailbox,5,12,582,0,0,0
1743861246677,HUAWEI NEN-LX1,TFLite,efficientnet_lite0,maillot.JPEG,backpack,15,95,129,2588,0,5
1743861246678,HUAWEI NEN-LX1,TFLite,efficientnet_lite0_int8,maillot.JPEG,slot,68,24,82,0,0,0
1743861246678,HUAWEI NEN-LX1,PyTorch,mobilenet_v2,maillot.JPEG,brassiere,0,96,457,2204,0,5
1743861248175,HUAWEI NEN-LX1,TFLite,efficientnet_lite0,malamute.JPEG,malamute,24,31,136,0,0,1
1743861248176,HUAWEI NEN-LX1,TFLite,efficientnet_lite0_int8,malamute.JPEG,Bernese mountain dog,63,92,81,0,0,0
1743861248176,HUAWEI NEN-LX1,PyTorch,mobilenet_v2,malamute.JPEG,malamute,0,73,586,2936,0,1
1743861249728,HUAWEI NEN-LX1,TFLite,efficientnet_lite0,malinois.JPEG,malinois,90,84,131,0,0,1
1743861249728,HUAWEI NEN-LX1,TFLite,efficientnet_lite0_int8,malinois.JPEG,Bernese mountain dog,52,94,79,365,0,0
1743861249728,HUAWEI NEN-LX1,PyTorch,mobilenet_v2,malinois.JPEG,malinois,0,87,617,0,0,1
1743861251261,HUAWEI NEN-LX1,TFLite,efficientnet_lite0,manhole_cover.JPEG,manhole cover,83,03,130,2588,0,1
1743861251261,HUAWEI NEN-LX1,TFLite,efficientnet_lite0_int8,manhole_cover.JPEG,broom,50,98,79,365,0,0
1743861251262,HUAWEI NEN-LX1,PyTorch,mobilenet_v2,manhole_cover.JPEG,manhole cover,1,16,594,0,0,1
1743861252730,HUAWEI NEN-LX1,TFLite,efficientnet_lite0,mantis.JPEG,garden spider,30,39,131,2604,0,0
1743861252731,HUAWEI NEN-LX1,TFLite,efficientnet_lite0_int8,mantis.JPEG,tick,97,25,98,0,0,0
1743861252731,HUAWEI NEN-LX1,PyTorch,mobilenet_v2,mantis.JPEG,grasshopper,1,03,544,2620,0,0
1743861254228,HUAWEI NEN-LX1,TFLite,efficientnet_lite0,maraca.JPEG,pinwheel,31,29,133,0,0,0
1743861254229,HUAWEI NEN-LX1,TFLite,efficientnet_lite0_int8,maraca.JPEG,planetarium,93,33,80,365,0,0
1743861254229,HUAWEI NEN-LX1,PyTorch,mobilenet_v2,maraca.JPEG,pinwheel,0,88,539,0,0,0
1743861255680,HUAWEI NEN-LX1,TFLite,efficientnet_lite0,marimba.JPEG,marimba,99,22,135,0,0,1
1743861255681,HUAWEI NEN-LX1,TFLite,efficientnet_lite0_int8,marimba.JPEG,tench,50,20,80,365,0,0
1743861255681,HUAWEI NEN-LX1,PyTorch,mobilenet_v2,marimba.JPEG,marimba,4,16,545,2604,0,1
1743861257198,HUAWEI NEN-LX1,TFLite,efficientnet_lite0,marmoset.JPEG,marmoset,89,80,138,0,0,1
1743861257198,HUAWEI NEN-LX1,TFLite,efficientnet_lite0_int8,marmoset.JPEG,indri,50,98,80,349,0,0
1743861257198,HUAWEI NEN-LX1,PyTorch,mobilenet_v2,marmoset.JPEG,marmoset,1,45,579,0,0,1
1743861258719,HUAWEI NEN-LX1,TFLite,efficientnet_lite0,marmot.JPEG,marmot,99,26,130,2588,0,1
1743861258719,HUAWEI NEN-LX1,TFLite,efficientnet_lite0_int8,marmot.JPEG,tench,50,20,79,365,0,0
1743861258720,HUAWEI NEN-LX1,PyTorch,mobilenet_v2,marmot.JPEG,marmot,1,99,591,0,0,1
1743861260244,HUAWEI NEN-LX1,TFLite,efficientnet_lite0,mashed_potato.JPEG,mashed potato,95,18,130,2588,0,0
1743861260245,HUAWEI NEN-LX1,TFLite,efficientnet_lite0_int8,mashed_potato.JPEG,potpie,95,29,103,0,0,0
1743861260246,HUAWEI NEN-LX1,PyTorch,mobilenet_v2,mashed_potato.JPEG,mashed potato,2,99,586,2539,0,0
1743861261791,HUAWEI NEN-LX1,TFLite,efficientnet_lite0,mask.JPEG,mask,61,84,131,0,0,0
1743861261792,HUAWEI NEN-LX1,TFLite,efficientnet_lite0_int8,mask.JPEG,measuring cup,90,59,79,349,0,0
1743861261792,HUAWEI NEN-LX1,PyTorch,mobilenet_v2,mask.JPEG,mask,0,93,616,16,0,0
1743861263268,HUAWEI NEN-LX1,TFLite,efficientnet_lite0,matchstick.JPEG,lipstick,67,29,145,0,0,0
1743861263268,HUAWEI NEN-LX1,TFLite,efficientnet_lite0_int8,matchstick.JPEG,loupe,72,94,83,0,0,0
1743861263269,HUAWEI NEN-LX1,PyTorch,mobilenet_v2,matchstick.JPEG,red wine,0,51,546,2732,0,0
1743861264830,HUAWEI NEN-LX1,TFLite,efficientnet_lite0,maypole.JPEG,maypole,71,20,138,0,0,1
1743861264830,HUAWEI NEN-LX1,TFLite,efficientnet_lite0_int8,maypole.JPEG,megalith,61,57,80,349,0,0
1743861264830,HUAWEI NEN-LX1,PyTorch,mobilenet_v2,maypole.JPEG,maypole,2,40,587,0,0,1
1743861266550,HUAWEI NEN-LX1,TFLite,efficientnet_lite0,maze.JPEG,television,25,80,133,0,0,0
1743861266551,HUAWEI NEN-LX1,TFLite,efficientnet_lite0_int8,maze.JPEG,wing,58,82,79,365,0,0
1743861266551,HUAWEI NEN-LX1,PyTorch,mobilenet_v2,maze.JPEG,car mirror,1,11,802,3840,0,0
1743861271719,HUAWEI NEN-LX1,TFLite,efficientnet_lite0,measuring_cup.JPEG,beaker,14,18,135,0,0,2
1743861271719,HUAWEI NEN-LX1,TFLite,efficientnet_lite0_int8,measuring_cup.JPEG,bell cote,79,61,79,349,0,0
1743861271720,HUAWEI NEN-LX1,PyTorch,mobilenet_v2,measuring_cup.JPEG,measuring cup,0,71,4043,13771,0,1
1743861273254,HUAWEI NEN-LX1,TFLite,efficientnet_lite0,meat_loaf.JPEG,meat loaf,43,05,132,2588,0,1
1743861273254,HUAWEI NEN-LX1,TFLite,efficientnet_lite0_int8,meat_loaf.JPEG,zucchini,87,84,80,349,0,0
1743861273254,HUAWEI NEN-LX1,PyTorch,mobilenet_v2,meat_loaf.JPEG,mashed potato,2,98,582,2936,0,3
1743861274774,HUAWEI NEN-LX1,TFLite,efficientnet_lite0,medicine_chest.JPEG,medicine chest,46,45,131,2604,0,0
1743861274774,HUAWEI NEN-LX1,TFLite,efficientnet_lite0_int8,medicine_chest.JPEG,military uniform,75,29,79,365,0,0
1743861274774,HUAWEI NEN-LX1,PyTorch,mobilenet_v2,medicine_chest.JPEG,medicine chest,2,85,603,2936,0,0
1743861276268,HUAWEI NEN-LX1,TFLite,efficientnet_lite0,meerkat.JPEG,meerkat,90,17,131,2588,0,1
1743861276268,HUAWEI NEN-LX1,TFLite,efficientnet_lite0_int8,meerkat.JPEG,ground beetle,55,29,79,365,0,0
1743861276269,HUAWEI NEN-LX1,PyTorch,mobilenet_v2,meerkat.JPEG,meerkat,0,89,530,0,0,1
1743861277749,HUAWEI NEN-LX1,TFLite,efficientnet_lite0,megalith.JPEG,megalith,94,46,131,0,0,1
1743861277750,HUAWEI NEN-LX1,TFLite,efficientnet_lite0_int8,megalith.JPEG,tench,50,20,79,365,0,0
1743861277750,HUAWEI NEN-LX1,PyTorch,mobilenet_v2,megalith.JPEG,megalith,13,17,554,0,0,1
1743861279281,HUAWEI NEN-LX1,TFLite,efficientnet_lite0,menu.JPEG,menu,73,65,130,2604,0,1
1743861279282,HUAWEI NEN-LX1,TFLite,efficientnet_lite0_int8,menu.JPEG,book jacket,59,22,79,349,0,0
1743861279282,HUAWEI NEN-LX1,PyTorch,mobilenet_v2,menu.JPEG,menu,20,96,606,0,0,1
1743861282981,HUAWEI NEN-LX1,TFLite,efficientnet_lite0,microphone.JPEG,microphone,38,01,136,0,0,1
1743861282981,HUAWEI NEN-LX1,TFLite,efficientnet_lite0_int8,microphone.JPEG,minibus,89,02,80,365,0,0
1743861282982,HUAWEI NEN-LX1,PyTorch,mobilenet_v2,microphone.JPEG,ballpoint,0,43,2637,10893,0,2
1743861284492,HUAWEI NEN-LX1,TFLite,efficientnet_lite0,microwave.JPEG,microwave,79,77,138,2588,0,1
1743861284492,HUAWEI NEN-LX1,TFLite,efficientnet_lite0_int8,microwave.JPEG,studio couch,56,08,79,365,0,0
1743861284493,HUAWEI NEN-LX1,PyTorch,mobilenet_v2,microwave.JPEG,microwave,1,86,582,2936,0,1
1743861287073,HUAWEI NEN-LX1,TFLite,efficientnet_lite0,military_uniform.JPEG,military uniform,98,37,132,2588,0,1
1743861287074,HUAWEI NEN-LX1,TFLite,efficientnet_lite0_int8,military_uniform.JPEG,caldron,50,98,79,349,0,0
1743861287074,HUAWEI NEN-LX1,PyTorch,mobilenet_v2,military_uniform.JPEG,Band Aid,0,35,1569,0,0,0
1743861288534,HUAWEI NEN-LX1,TFLite,efficientnet_lite0,milk_can.JPEG,milk can,38,79,132,2588,0,1
1743861288534,HUAWEI NEN-LX1,TFLite,efficientnet_lite0_int8,milk_can.JPEG,butcher shop,67,84,80,349,0,3
1743861288534,HUAWEI NEN-LX1,PyTorch,mobilenet_v2,milk_can.JPEG,bolete,3,38,512,2620,0,2
1743861289968,HUAWEI NEN-LX1,TFLite,efficientnet_lite0,miniature_pinscher.JPEG,miniature pinscher,93,53,136,0,0,1
1743861289969,HUAWEI NEN-LX1,TFLite,efficientnet_lite0_int8,miniature_pinscher.JPEG,Greater Swiss Mountain dog,52,55,79,365,0,0
1743861289969,HUAWEI NEN-LX1,PyTorch,mobilenet_v2,miniature_pinscher.JPEG,miniature pinscher,2,00,523,2604,0,1
1743861291449,HUAWEI NEN-LX1,TFLite,efficientnet_lite0,miniature_poodle.JPEG,Irish water spaniel,39,94,133,0,0,2
1743861291450,HUAWEI NEN-LX1,TFLite,efficientnet_lite0_int8,miniature_poodle.JPEG,white wolf,84,31,79,365,0,0
1743861291450,HUAWEI NEN-LX1,PyTorch,mobilenet_v2,miniature_poodle.JPEG,miniature poodle,0,93,576,0,0,1
1743861292982,HUAWEI NEN-LX1,TFLite,efficientnet_lite0,miniature_schnauzer.JPEG,miniature schnauzer,55,47,131,2588,0,1
1743861292982,HUAWEI NEN-LX1,TFLite,efficientnet_lite0_int8,miniature_schnauzer.JPEG,Tibetan terrier,93,33,79,365,0,0
1743861292983,HUAWEI NEN-LX1,PyTorch,mobilenet_v2,miniature_schnauzer.JPEG,miniature schnauzer,1,20,592,0,0,1
1743861294371,HUAWEI NEN-LX1,TFLite,efficientnet_lite0,minibus.JPEG,minibus,39,01,135,0,0,1
1743861294372,HUAWEI NEN-LX1,TFLite,efficientnet_lite0_int8,minibus.JPEG,mitten,85,88,82,365,0,0
1743861294372,HUAWEI NEN-LX1,PyTorch,mobilenet_v2,minibus.JPEG,minibus,1,55,466,2200,0,1
1743861295871,HUAWEI NEN-LX1,TFLite,efficientnet_lite0,miniskirt.JPEG,miniskirt,14,11,133,0,0,1
1743861295871,HUAWEI NEN-LX1,TFLite,efficientnet_lite0_int8,miniskirt.JPEG,mixing bowl,78,43,79,365,0,0
1743861295872,HUAWEI NEN-LX1,PyTorch,mobilenet_v2,miniskirt.JPEG,home theater,0,89,587,0,0,0
1743861297797,HUAWEI NEN-LX1,TFLite,efficientnet_lite0,minivan.JPEG,minivan,98,33,132,2588,0,1
1743861297798,HUAWEI NEN-LX1,TFLite,efficientnet_lite0_int8,minivan.JPEG,beer bottle,54,12,79,365,0,0
1743861297798,HUAWEI NEN-LX1,PyTorch,mobilenet_v2,minivan.JPEG,minivan,0,68,971,1017,0,1
1743861300339,HUAWEI NEN-LX1,TFLite,efficientnet_lite0,mink.JPEG,mink,64,10,134,0,0,1
1743861300339,HUAWEI NEN-LX1,TFLite,efficientnet_lite0_int8,mink.JPEG,skunk,83,14,80,365,0,0
1743861300340,HUAWEI NEN-LX1,PyTorch,mobilenet_v2,mink.JPEG,mink,0,54,1541,5213,0,1
1743861302075,HUAWEI NEN-LX1,TFLite,efficientnet_lite0,missile.JPEG,missile,53,30,132,2588,0,1
1743861302076,HUAWEI NEN-LX1,TFLite,efficientnet_lite0_int8,missile.JPEG,purse,92,16,80,365,0,0
1743861302076,HUAWEI NEN-LX1,PyTorch,mobilenet_v2,missile.JPEG,aircraft carrier,0,99,767,3756,0,2
1743861303596,HUAWEI NEN-LX1,TFLite,efficientnet_lite0,mitten.JPEG,mitten,91,60,135,0,0,1
1743861303597,HUAWEI NEN-LX1,TFLite,efficientnet_lite0_int8,mitten.JPEG,space bar,53,33,80,365,0,0
1743861303597,HUAWEI NEN-LX1,PyTorch,mobilenet_v2,mitten.JPEG,mitten,2,24,609,2936,0,1
1743861305117,HUAWEI NEN-LX1,TFLite,efficientnet_lite0,mixing_bowl.JPEG,Granny Smith,40,50,132,0,0,0
1743861305117,HUAWEI NEN-LX1,TFLite,efficientnet_lite0_int8,mixing_bowl.JPEG,monastery,84,31,80,365,0,0
1743861305117,HUAWEI NEN-LX1,PyTorch,mobilenet_v2,mixing_bowl.JPEG,mixing bowl,0,83,607,0,0,0
1743861306509,HUAWEI NEN-LX1,TFLite,efficientnet_lite0,mobile_home.JPEG,mobile home,69,45,131,2588,0,1
1743861306510,HUAWEI NEN-LX1,TFLite,efficientnet_lite0_int8,mobile_home.JPEG,baseball,54,51,79,349,0,0
1743861306510,HUAWEI NEN-LX1,PyTorch,mobilenet_v2,mobile_home.JPEG,mobile home,4,38,478,2304,0,1
1743861307850,HUAWEI NEN-LX1,TFLite,efficientnet_lite0,modem.JPEG,notebook,64,55,133,0,0,0
1743861307850,HUAWEI NEN-LX1,TFLite,efficientnet_lite0_int8,modem.JPEG,library,67,84,81,349,0,0
1743861307850,HUAWEI NEN-LX1,PyTorch,mobilenet_v2,modem.JPEG,notebook,2,03,390,1660,0,0
1743861309291,HUAWEI NEN-LX1,TFLite,efficientnet_lite0,monarch.JPEG,monarch,94,37,134,0,0,1
1743861309292,HUAWEI NEN-LX1,TFLite,efficientnet_lite0_int8,monarch.JPEG,lycaenid,50,59,80,365,0,0
1743861309292,HUAWEI NEN-LX1,PyTorch,mobilenet_v2,monarch.JPEG,monarch,1,36,538,2748,0,1
1743861312063,HUAWEI NEN-LX1,TFLite,efficientnet_lite0,monastery.JPEG,castle,37,26,134,0,0,3
1743861312064,HUAWEI NEN-LX1,TFLite,efficientnet_lite0_int8,monastery.JPEG,cellular telephone,99,61,80,349,0,0
1743861312064,HUAWEI NEN-LX1,PyTorch,mobilenet_v2,monastery.JPEG,castle,0,52,1759,4845,0,2
1743861313558,HUAWEI NEN-LX1,TFLite,efficientnet_lite0,mongoose.JPEG,mongoose,85,71,133,2588,0,0
1743861313559,HUAWEI NEN-LX1,TFLite,efficientnet_lite0_int8,mongoose.JPEG,long-horned beetle,54,51,79,349,0,0
1743861313559,HUAWEI NEN-LX1,PyTorch,mobilenet_v2,mongoose.JPEG,mongoose,1,91,532,2604,0,0
1743861314992,HUAWEI NEN-LX1,TFLite,efficientnet_lite0,monitor.JPEG,screen,28,61,137,0,0,2
1743861314992,HUAWEI NEN-LX1,TFLite,efficientnet_lite0_int8,monitor.JPEG,sewing machine,82,35,81,365,0,0
1743861314992,HUAWEI NEN-LX1,PyTorch,mobilenet_v2,monitor.JPEG,screen,0,60,519,2528,0,0
1743861316515,HUAWEI NEN-LX1,TFLite,efficientnet_lite0,moped.JPEG,moped,92,50,134,0,0,1
1743861316515,HUAWEI NEN-LX1,TFLite,efficientnet_lite0_int8,moped.JPEG,mosquito net,80,78,80,365,0,0
1743861316515,HUAWEI NEN-LX1,PyTorch,mobilenet_v2,moped.JPEG,moped,3,29,608,0,0,1
1743861318105,HUAWEI NEN-LX1,TFLite,efficientnet_lite0,mortar.JPEG,mortar,93,33,129,2588,0,1
1743861318106,HUAWEI NEN-LX1,TFLite,efficientnet_lite0_int8,mortar.JPEG,prison,50,98,79,349,0,0
1743861318106,HUAWEI NEN-LX1,PyTorch,mobilenet_v2,mortar.JPEG,mortar,0,79,659,0,0,1
1743861319583,HUAWEI NEN-LX1,TFLite,efficientnet_lite0,mortarboard.JPEG,mortarboard,74,58,135,0,0,0
1743861319583,HUAWEI NEN-LX1,TFLite,efficientnet_lite0_int8,mortarboard.JPEG,mountain bike,67,84,83,365,0,0
1743861319584,HUAWEI NEN-LX1,PyTorch,mobilenet_v2,mortarboard.JPEG,mortarboard,1,29,539,2604,0,0
1743861321243,HUAWEI NEN-LX1,TFLite,efficientnet_lite0,mosque.JPEG,mosque,89,41,134,0,0,1
1743861321244,HUAWEI NEN-LX1,TFLite,efficientnet_lite0_int8,mosque.JPEG,mortarboard,50,59,79,365,0,0
1743861321244,HUAWEI NEN-LX1,PyTorch,mobilenet_v2,mosque.JPEG,mosque,3,44,729,0,0,1
1743861322753,HUAWEI NEN-LX1,TFLite,efficientnet_lite0,mosquito_net.JPEG,mosquito net,99,73,132,2588,0,1
1743861322754,HUAWEI NEN-LX1,TFLite,efficientnet_lite0_int8,mosquito_net.JPEG,tench,50,20,79,365,0,0
1743861322754,HUAWEI NEN-LX1,PyTorch,mobilenet_v2,mosquito_net.JPEG,mosquito net,5,32,583,2936,0,1
1743861324312,HUAWEI NEN-LX1,TFLite,efficientnet_lite0,motor_scooter.JPEG,motor scooter,46,17,136,2604,0,1
1743861324312,HUAWEI NEN-LX1,TFLite,efficientnet_lite0_int8,motor_scooter.JPEG,mousetrap,94,12,79,365,0,0
1743861324313,HUAWEI NEN-LX1,PyTorch,mobilenet_v2,motor_scooter.JPEG,motor scooter,0,67,601,2936,0,1
1743861325836,HUAWEI NEN-LX1,TFLite,efficientnet_lite0,mountain_bike.JPEG,mountain bike,25,86,143,0,0,1
1743861325836,HUAWEI NEN-LX1,TFLite,efficientnet_lite0_int8,mountain_bike.JPEG,vault,84,31,82,0,0,0
1743861325837,HUAWEI NEN-LX1,PyTorch,mobilenet_v2,mountain_bike.JPEG,mountain bike,1,02,605,2936,0,1
1743861327412,HUAWEI NEN-LX1,TFLite,efficientnet_lite0,mountain_tent.JPEG,mountain tent,62,12,182,0,0,1
1743861327412,HUAWEI NEN-LX1,TFLite,efficientnet_lite0_int8,mountain_tent.JPEG,muzzle,94,90,80,349,0,0
1743861327413,HUAWEI NEN-LX1,PyTorch,mobilenet_v2,mountain_tent.JPEG,mountain tent,0,76,591,0,0,1
1743861328916,HUAWEI NEN-LX1,TFLite,efficientnet_lite0,mouse.JPEG,desktop computer,26,17,170,0,0,2
1743861328917,HUAWEI NEN-LX1,TFLite,efficientnet_lite0_int8,mouse.JPEG,digital watch,61,96,80,349,0,0
1743861328917,HUAWEI NEN-LX1,PyTorch,mobilenet_v2,mouse.JPEG,monitor,0,72,552,0,0,5
1743861330678,HUAWEI NEN-LX1,TFLite,efficientnet_lite0,mousetrap.JPEG,mousetrap,99,08,135,0,0,0
1743861330678,HUAWEI NEN-LX1,TFLite,efficientnet_lite0_int8,mousetrap.JPEG,tench,50,20,80,365,0,0
1743861330679,HUAWEI NEN-LX1,PyTorch,mobilenet_v2,mousetrap.JPEG,mousetrap,1,78,839,3912,0,0
1743861331742,HUAWEI NEN-LX1,TFLite,efficientnet_lite0,moving_van.JPEG,moving van,88,64,136,0,0,1
1743861331742,HUAWEI NEN-LX1,TFLite,efficientnet_lite0_int8,moving_van.JPEG,trimaran,56,47,79,349,0,0
1743861331742,HUAWEI NEN-LX1,PyTorch,mobilenet_v2,moving_van.JPEG,moving van,77,67,165,400,0,1
1743861333242,HUAWEI NEN-LX1,TFLite,efficientnet_lite0,mud_turtle.JPEG,mud turtle,64,18,141,0,0,1
1743861333242,HUAWEI NEN-LX1,TFLite,efficientnet_lite0_int8,mud_turtle.JPEG,American chameleon,77,25,79,365,0,0
1743861333243,HUAWEI NEN-LX1,PyTorch,mobilenet_v2,mud_turtle.JPEG,mud turtle,0,95,582,2936,0,1
1743861334941,HUAWEI NEN-LX1,TFLite,efficientnet_lite0,mushroom.JPEG,mushroom,71,70,136,0,0,1
1743861334941,HUAWEI NEN-LX1,TFLite,efficientnet_lite0_int8,mushroom.JPEG,toilet tissue,53,73,80,365,0,0
1743861334941,HUAWEI NEN-LX1,PyTorch,mobilenet_v2,mushroom.JPEG,mushroom,0,41,766,0,0,1
1743861336189,HUAWEI NEN-LX1,TFLite,efficientnet_lite0,muzzle.JPEG,muzzle,99,15,132,2588,0,1
1743861336190,HUAWEI NEN-LX1,TFLite,efficientnet_lite0_int8,muzzle.JPEG,tench,50,20,79,365,0,0
1743861336190,HUAWEI NEN-LX1,PyTorch,mobilenet_v2,muzzle.JPEG,muzzle,33,48,340,1408,0,1
1743861337690,HUAWEI NEN-LX1,TFLite,efficientnet_lite0,n02963159_cardigan.JPEG,cardigan,90,34,141,0,0,1
1743861337691,HUAWEI NEN-LX1,TFLite,efficientnet_lite0_int8,n02963159_cardigan.JPEG,modem,52,55,79,365,0,0
1743861337691,HUAWEI NEN-LX1,PyTorch,mobilenet_v2,n02963159_cardigan.JPEG,mitten,1,18,582,2936,0,3
1743861339126,HUAWEI NEN-LX1,TFLite,efficientnet_lite0,n03126707_crane.JPEG,crane,32,16,136,0,0,1
1743861339127,HUAWEI NEN-LX1,TFLite,efficientnet_lite0_int8,n03126707_crane.JPEG,window screen,80,39,80,365,0,0
1743861339127,HUAWEI NEN-LX1,PyTorch,mobilenet_v2,n03126707_crane.JPEG,crane,0,96,529,0,0,1
1743861340822,HUAWEI NEN-LX1,TFLite,efficientnet_lite0,n03710721_maillot.JPEG,maillot,38,21,132,2588,0,1
1743861340822,HUAWEI NEN-LX1,TFLite,efficientnet_lite0_int8,n03710721_maillot.JPEG,marimba,93,73,80,365,0,0
1743861340823,HUAWEI NEN-LX1,PyTorch,mobilenet_v2,n03710721_maillot.JPEG,bikini,1,48,755,1,0,2
1743861341943,HUAWEI NEN-LX1,TFLite,efficientnet_lite0,nail.JPEG,hammer,26,52,138,0,0,0
1743861341944,HUAWEI NEN-LX1,TFLite,efficientnet_lite0_int8,nail.JPEG,schooner,68,24,79,365,0,0
1743861341944,HUAWEI NEN-LX1,PyTorch,mobilenet_v2,nail.JPEG,hammer,4,20,241,808,0,0
1743861343200,HUAWEI NEN-LX1,TFLite,efficientnet_lite0,neck_brace.JPEG,neck brace,29,87,135,0,0,1
1743861343201,HUAWEI NEN-LX1,TFLite,efficientnet_lite0_int8,neck_brace.JPEG,jersey,69,80,80,349,0,0
1743861343201,HUAWEI NEN-LX1,PyTorch,mobilenet_v2,neck_brace.JPEG,neck brace,1,91,366,0,0,1
1743861344717,HUAWEI NEN-LX1,TFLite,efficientnet_lite0,necklace.JPEG,candle,19,04,130,2588,0,0
1743861344718,HUAWEI NEN-LX1,TFLite,efficientnet_lite0_int8,necklace.JPEG,cardigan,68,63,79,349,0,0
1743861344718,HUAWEI NEN-LX1,PyTorch,mobilenet_v2,necklace.JPEG,modem,0,43,596,0,0,0
1743861345805,HUAWEI NEN-LX1,TFLite,efficientnet_lite0,nematode.JPEG,nematode,78,58,135,0,0,1
1743861345806,HUAWEI NEN-LX1,TFLite,efficientnet_lite0_int8,nematode.JPEG,hourglass,51,37,80,365,0,0
1743861345806,HUAWEI NEN-LX1,PyTorch,mobilenet_v2,nematode.JPEG,nematode,83,18,210,748,0,1
1743861347130,HUAWEI NEN-LX1,TFLite,efficientnet_lite0,night_snake.JPEG,thunder snake,56,07,141,0,0,3
1743861347130,HUAWEI NEN-LX1,TFLite,efficientnet_lite0_int8,night_snake.JPEG,king snake,90,59,80,365,0,5
1743861347131,HUAWEI NEN-LX1,PyTorch,mobilenet_v2,night_snake.JPEG,thunder snake,1,81,421,0,0,0
1743861348164,HUAWEI NEN-LX1,TFLite,efficientnet_lite0,nipple.JPEG,plunger,54,28,132,2588,0,2
1743861348164,HUAWEI NEN-LX1,TFLite,efficientnet_lite0_int8,nipple.JPEG,ocarina,57,25,79,365,0,0
1743861348164,HUAWEI NEN-LX1,PyTorch,mobilenet_v2,nipple.JPEG,plunger,86,74,148,252,0,2
1743861349731,HUAWEI NEN-LX1,TFLite,efficientnet_lite0,notebook.JPEG,notebook,28,30,142,0,0,1
1743861349731,HUAWEI NEN-LX1,TFLite,efficientnet_lite0_int8,notebook.JPEG,library,83,53,82,365,0,0
1743861349732,HUAWEI NEN-LX1,PyTorch,mobilenet_v2,notebook.JPEG,switch,2,34,603,2936,0,4
1743861351244,HUAWEI NEN-LX1,TFLite,efficientnet_lite0,obelisk.JPEG,obelisk,95,10,138,2604,0,1
1743861351245,HUAWEI NEN-LX1,TFLite,efficientnet_lite0_int8,obelisk.JPEG,binder,51,76,79,365,0,0
1743861351245,HUAWEI NEN-LX1,PyTorch,mobilenet_v2,obelisk.JPEG,obelisk,1,12,522,0,0,1
1743861353424,HUAWEI NEN-LX1,TFLite,efficientnet_lite0,oboe.JPEG,oboe,97,03,133,0,0,1
1743861353425,HUAWEI NEN-LX1,TFLite,efficientnet_lite0_int8,oboe.JPEG,fountain,52,55,82,0,0,0
1743861353425,HUAWEI NEN-LX1,PyTorch,mobilenet_v2,oboe.JPEG,oboe,7,15,1166,5561,0,1
1743861355269,HUAWEI NEN-LX1,TFLite,efficientnet_lite0,ocarina.JPEG,ocarina,83,86,131,2588,0,1
1743861355269,HUAWEI NEN-LX1,TFLite,efficientnet_lite0_int8,ocarina.JPEG,hamper,56,08,79,365,0,0
1743861355270,HUAWEI NEN-LX1,PyTorch,mobilenet_v2,ocarina.JPEG,ocarina,3,16,877,4224,0,1
1743861357102,HUAWEI NEN-LX1,TFLite,efficientnet_lite0,odometer.JPEG,odometer,98,01,134,0,0,0
1743861357102,HUAWEI NEN-LX1,TFLite,efficientnet_lite0_int8,odometer.JPEG,tench,50,20,79,365,0,0
1743861357102,HUAWEI NEN-LX1,PyTorch,mobilenet_v2,odometer.JPEG,odometer,1,85,895,3162,0,0
1743861368635,HUAWEI NEN-LX1,TFLite,efficientnet_lite0,oil_filter.JPEG,oil filter,97,15,131,2588,0,1
1743861368636,HUAWEI NEN-LX1,TFLite,efficientnet_lite0_int8,oil_filter.JPEG,maillot,50,98,79,365,0,0
1743861368636,HUAWEI NEN-LX1,PyTorch,mobilenet_v2,oil_filter.JPEG,wall clock,0,32,10031,31430,0,0
1743861370083,HUAWEI NEN-LX1,TFLite,efficientnet_lite0,orange.JPEG,orange,36,02,130,2588,0,1
1743861370084,HUAWEI NEN-LX1,TFLite,efficientnet_lite0_int8,orange.JPEG,spatula,88,24,79,349,0,0
1743861370084,HUAWEI NEN-LX1,PyTorch,mobilenet_v2,orange.JPEG,orange,1,06,519,2600,0,1
1743861371602,HUAWEI NEN-LX1,TFLite,efficientnet_lite0,orangutan.JPEG,orangutan,94,72,131,2604,0,1
1743861371603,HUAWEI NEN-LX1,TFLite,efficientnet_lite0_int8,orangutan.JPEG,Madagascar cat,57,25,79,349,0,0
1743861371603,HUAWEI NEN-LX1,PyTorch,mobilenet_v2,orangutan.JPEG,orangutan,4,64,596,2940,0,1
1743861373141,HUAWEI NEN-LX1,TFLite,efficientnet_lite0,organ.JPEG,organ,73,65,135,0,0,1
1743861373142,HUAWEI NEN-LX1,TFLite,efficientnet_lite0_int8,organ.JPEG,apiary,59,61,79,365,0,0
1743861373142,HUAWEI NEN-LX1,PyTorch,mobilenet_v2,organ.JPEG,altar,2,15,624,2984,0,2
1743861374359,HUAWEI NEN-LX1,TFLite,efficientnet_lite0,oscilloscope.JPEG,oscilloscope,97,19,136,0,0,1
1743861374360,HUAWEI NEN-LX1,TFLite,efficientnet_lite0_int8,oscilloscope.JPEG,sewing machine,50,59,84,0,0,0
1743861374360,HUAWEI NEN-LX1,PyTorch,mobilenet_v2,oscilloscope.JPEG,oscilloscope,11,78,299,1244,0,1
1743861375877,HUAWEI NEN-LX1,TFLite,efficientnet_lite0,ostrich.JPEG,ostrich,89,89,133,0,0,1
1743861375878,HUAWEI NEN-LX1,TFLite,efficientnet_lite0_int8,ostrich.JPEG,macaw,50,98,79,365,0,0
1743861375878,HUAWEI NEN-LX1,PyTorch,mobilenet_v2,ostrich.JPEG,ostrich,1,03,583,470,0,1
1743861377299,HUAWEI NEN-LX1,TFLite,efficientnet_lite0,otter.JPEG,otter,86,92,132,2588,0,0
1743861377300,HUAWEI NEN-LX1,TFLite,efficientnet_lite0_int8,otter.JPEG,hog,58,04,79,365,0,0
1743861377300,HUAWEI NEN-LX1,PyTorch,mobilenet_v2,otter.JPEG,beaver,2,01,495,0,0,0
1743861378802,HUAWEI NEN-LX1,TFLite,efficientnet_lite0,otterhound.JPEG,Norfolk terrier,68,67,132,2604,0,0
1743861378803,HUAWEI NEN-LX1,TFLite,efficientnet_lite0_int8,otterhound.JPEG,flat-coated retriever,55,29,97,0,0,0
1743861378803,HUAWEI NEN-LX1,PyTorch,mobilenet_v2,otterhound.JPEG,Yorkshire terrier,0,89,526,2620,0,0
1743861379806,HUAWEI NEN-LX1,TFLite,efficientnet_lite0,overskirt.JPEG,hoopskirt,41,58,131,0,0,2
1743861379806,HUAWEI NEN-LX1,TFLite,efficientnet_lite0_int8,overskirt.JPEG,iPod,76,47,83,0,0,0
1743861379807,HUAWEI NEN-LX1,PyTorch,mobilenet_v2,overskirt.JPEG,saltshaker,43,91,126,152,0,0
1743861382413,HUAWEI NEN-LX1,TFLite,efficientnet_lite0,ox.JPEG,ox,71,17,139,742,0,0
1743861382414,HUAWEI NEN-LX1,TFLite,efficientnet_lite0_int8,ox.JPEG,hartebeest,54,90,79,365,0,0
1743861382414,HUAWEI NEN-LX1,PyTorch,mobilenet_v2,ox.JPEG,briard,0,29,1596,5213,0,0
1743861383912,HUAWEI NEN-LX1,TFLite,efficientnet_lite0,oxcart.JPEG,oxcart,59,38,132,2604,0,3
1743861383913,HUAWEI NEN-LX1,TFLite,efficientnet_lite0_int8,oxcart.JPEG,jack-o'-lantern,92,16,83,349,0,0
1743861383913,HUAWEI NEN-LX1,PyTorch,mobilenet_v2,oxcart.JPEG,oxcart,1,69,521,2632,0,3
1743861385084,HUAWEI NEN-LX1,TFLite,efficientnet_lite0,oxygen_mask.JPEG,oxygen mask,76,41,131,2604,0,0
1743861385084,HUAWEI NEN-LX1,TFLite,efficientnet_lite0_int8,oxygen_mask.JPEG,padlock,91,76,82,349,0,0
1743861385085,HUAWEI NEN-LX1,PyTorch,mobilenet_v2,oxygen_mask.JPEG,oxygen mask,12,80,258,0,0,0
1743861386518,HUAWEI NEN-LX1,TFLite,efficientnet_lite0,oystercatcher.JPEG,oystercatcher,50,20,136,2588,0,1
1743861386519,HUAWEI NEN-LX1,TFLite,efficientnet_lite0_int8,oystercatcher.JPEG,grey whale,95,69,79,365,0,5
1743861386519,HUAWEI NEN-LX1,PyTorch,mobilenet_v2,oystercatcher.JPEG,oystercatcher,1,64,519,2616,0,1
1743861387982,HUAWEI NEN-LX1,TFLite,efficientnet_lite0,packet.JPEG,umbrella,17,97,129,2588,0,3
1743861387982,HUAWEI NEN-LX1,TFLite,efficientnet_lite0_int8,packet.JPEG,vase,77,25,79,365,0,0
1743861387983,HUAWEI NEN-LX1,PyTorch,mobilenet_v2,packet.JPEG,prayer rug,0,71,521,0,0,5
1743861389427,HUAWEI NEN-LX1,TFLite,efficientnet_lite0,paddle.JPEG,paddle,56,14,131,0,0,1
1743861389428,HUAWEI NEN-LX1,TFLite,efficientnet_lite0_int8,paddle.JPEG,carousel,93,73,79,365,0,0
1743861389428,HUAWEI NEN-LX1,PyTorch,mobilenet_v2,paddle.JPEG,paddle,1,16,526,0,0,1
1743861390947,HUAWEI NEN-LX1,TFLite,efficientnet_lite0,paddlewheel.JPEG,paddlewheel,94,92,131,2588,0,0
1743861390947,HUAWEI NEN-LX1,TFLite,efficientnet_lite0_int8,paddlewheel.JPEG,balance beam,50,59,79,365,0,0
1743861390948,HUAWEI NEN-LX1,PyTorch,mobilenet_v2,paddlewheel.JPEG,paddlewheel,5,58,590,0,0,0
1743861392456,HUAWEI NEN-LX1,TFLite,efficientnet_lite0,padlock.JPEG,padlock,94,88,133,0,0,1
1743861392457,HUAWEI NEN-LX1,TFLite,efficientnet_lite0_int8,padlock.JPEG,chest,54,90,80,365,0,0
1743861392457,HUAWEI NEN-LX1,PyTorch,mobilenet_v2,padlock.JPEG,padlock,6,55,596,2936,0,1
1743861394106,HUAWEI NEN-LX1,TFLite,efficientnet_lite0,paintbrush.JPEG,teddy,43,82,137,2620,0,3
1743861394106,HUAWEI NEN-LX1,TFLite,efficientnet_lite0_int8,paintbrush.JPEG,theater curtain,71,37,83,349,0,0
1743861394106,HUAWEI NEN-LX1,PyTorch,mobilenet_v2,paintbrush.JPEG,crossword puzzle,1,19,645,0,0,5
1743861396353,HUAWEI NEN-LX1,TFLite,efficientnet_lite0,pajama.JPEG,pajama,53,01,132,2588,0,1
1743861396354,HUAWEI NEN-LX1,TFLite,efficientnet_lite0_int8,pajama.JPEG,parachute,81,57,79,365,0,0
1743861396354,HUAWEI NEN-LX1,PyTorch,mobilenet_v2,pajama.JPEG,pajama,0,32,1254,2073,0,1
1743861397945,HUAWEI NEN-LX1,TFLite,efficientnet_lite0,palace.JPEG,palace,74,34,134,0,0,1
1743861397946,HUAWEI NEN-LX1,TFLite,efficientnet_lite0_int8,palace.JPEG,cellular telephone,58,04,81,365,0,0
1743861397946,HUAWEI NEN-LX1,PyTorch,mobilenet_v2,palace.JPEG,palace,1,46,665,2784,0,1
1743861398984,HUAWEI NEN-LX1,TFLite,efficientnet_lite0,panpipe.JPEG,panpipe,95,90,133,0,0,1
1743861398985,HUAWEI NEN-LX1,TFLite,efficientnet_lite0_int8,panpipe.JPEG,home theater,50,98,79,349,0,0
1743861398985,HUAWEI NEN-LX1,PyTorch,mobilenet_v2,panpipe.JPEG,panpipe,88,82,166,396,0,1
1743861400494,HUAWEI NEN-LX1,TFLite,efficientnet_lite0,paper_towel.JPEG,paper towel,69,75,136,2604,0,1
1743861400494,HUAWEI NEN-LX1,TFLite,efficientnet_lite0_int8,paper_towel.JPEG,parking meter,69,02,79,349,0,0
1743861400495,HUAWEI NEN-LX1,PyTorch,mobilenet_v2,paper_towel.JPEG,paper towel,0,50,583,0,0,1
1743861401981,HUAWEI NEN-LX1,TFLite,efficientnet_lite0,papillon.JPEG,papillon,94,45,132,2588,0,1
1743861401981,HUAWEI NEN-LX1,TFLite,efficientnet_lite0_int8,papillon.JPEG,Rottweiler,50,59,80,365,0,0
1743861401982,HUAWEI NEN-LX1,PyTorch,mobilenet_v2,papillon.JPEG,papillon,2,88,553,0,0,1
1743861403786,HUAWEI NEN-LX1,TFLite,efficientnet_lite0,parachute.JPEG,parachute,83,99,130,2588,0,1
1743861403787,HUAWEI NEN-LX1,TFLite,efficientnet_lite0_int8,parachute.JPEG,bannister,55,29,79,349,0,0
1743861403787,HUAWEI NEN-LX1,PyTorch,mobilenet_v2,parachute.JPEG,parachute,1,46,850,473,0,1
1743861405324,HUAWEI NEN-LX1,TFLite,efficientnet_lite0,parallel_bars.JPEG,parallel bars,57,88,134,0,0,1
1743861405325,HUAWEI NEN-LX1,TFLite,efficientnet_lite0_int8,parallel_bars.JPEG,patio,99,61,79,365,0,0
1743861405325,HUAWEI NEN-LX1,PyTorch,mobilenet_v2,parallel_bars.JPEG,balance beam,1,95,621,3000,0,2
1743861406854,HUAWEI NEN-LX1,TFLite,efficientnet_lite0,park_bench.JPEG,lakeside,44,59,137,2604,0,2
1743861406854,HUAWEI NEN-LX1,TFLite,efficientnet_lite0_int8,park_bench.JPEG,pay-phone,95,69,92,0,0,0
1743861406854,HUAWEI NEN-LX1,PyTorch,mobilenet_v2,park_bench.JPEG,lakeside,2,45,530,2616,0,2
1743861408385,HUAWEI NEN-LX1,TFLite,efficientnet_lite0,parking_meter.JPEG,parking meter,47,83,133,0,0,1
1743861408385,HUAWEI NEN-LX1,TFLite,efficientnet_lite0_int8,parking_meter.JPEG,pedestal,57,65,83,365,0,0
1743861408385,HUAWEI NEN-LX1,PyTorch,mobilenet_v2,parking_meter.JPEG,pay-phone,1,04,590,2936,0,3
1743861409897,HUAWEI NEN-LX1,TFLite,efficientnet_lite0,partridge.JPEG,partridge,69,33,137,2620,0,1
1743861409898,HUAWEI NEN-LX1,TFLite,efficientnet_lite0_int8,partridge.JPEG,partridge,78,04,97,0,0,1
1743861409898,HUAWEI NEN-LX1,PyTorch,mobilenet_v2,partridge.JPEG,partridge,2,95,523,2620,0,1
1743861411409,HUAWEI NEN-LX1,TFLite,efficientnet_lite0,passenger_car.JPEG,passenger car,90,47,132,0,0,1
1743861411410,HUAWEI NEN-LX1,TFLite,efficientnet_lite0_int8,passenger_car.JPEG,submarine,54,12,80,365,0,0
1743861411410,HUAWEI NEN-LX1,PyTorch,mobilenet_v2,passenger_car.JPEG,passenger car,3,69,537,0,0,1
1743861412872,HUAWEI NEN-LX1,TFLite,efficientnet_lite0,patas.JPEG,patas,79,22,133,0,0,1
1743861412872,HUAWEI NEN-LX1,TFLite,efficientnet_lite0_int8,patas.JPEG,long-horned beetle,73,73,79,349,0,0
1743861412872,HUAWEI NEN-LX1,PyTorch,mobilenet_v2,patas.JPEG,patas,1,44,539,0,0,1
1743861414344,HUAWEI NEN-LX1,TFLite,efficientnet_lite0,patio.JPEG,patio,50,52,133,2588,0,1
1743861414345,HUAWEI NEN-LX1,TFLite,efficientnet_lite0_int8,patio.JPEG,mortarboard,61,18,79,349,0,0
1743861414345,HUAWEI NEN-LX1,PyTorch,mobilenet_v2,patio.JPEG,patio,1,72,540,0,0,1
1743861415867,HUAWEI NEN-LX1,TFLite,efficientnet_lite0,pay-phone.JPEG,pay-phone,87,32,136,0,0,0
1743861415868,HUAWEI NEN-LX1,TFLite,efficientnet_lite0_int8,pay-phone.JPEG,golfcart,52,55,80,365,0,0
1743861415868,HUAWEI NEN-LX1,PyTorch,mobilenet_v2,pay-phone.JPEG,pay-phone,1,85,600,2936,0,0
1743861417338,HUAWEI NEN-LX1,TFLite,efficientnet_lite0,peacock.JPEG,peacock,97,53,136,2620,0,0
1743861417339,HUAWEI NEN-LX1,TFLite,efficientnet_lite0_int8,peacock.JPEG,tench,50,20,80,349,0,0
1743861417339,HUAWEI NEN-LX1,PyTorch,mobilenet_v2,peacock.JPEG,peacock,3,56,530,0,0,0
1743861418793,HUAWEI NEN-LX1,TFLite,efficientnet_lite0,pedestal.JPEG,pedestal,94,68,132,2588,0,1
1743861418793,HUAWEI NEN-LX1,TFLite,efficientnet_lite0_int8,pedestal.JPEG,beer glass,53,33,79,365,0,0
1743861418793,HUAWEI NEN-LX1,PyTorch,mobilenet_v2,pedestal.JPEG,pedestal,3,47,528,0,0,1
1743861420219,HUAWEI NEN-LX1,TFLite,efficientnet_lite0,pelican.JPEG,pelican,91,64,131,2588,0,1
1743861420219,HUAWEI NEN-LX1,TFLite,efficientnet_lite0_int8,pelican.JPEG,little blue heron,50,98,82,0,0,0
1743861420219,HUAWEI NEN-LX1,PyTorch,mobilenet_v2,pelican.JPEG,pelican,2,01,519,2616,0,1
1743861422004,HUAWEI NEN-LX1,TFLite,efficientnet_lite0,pencil_box.JPEG,pencil box,99,07,131,2588,0,0
1743861422005,HUAWEI NEN-LX1,TFLite,efficientnet_lite0_int8,pencil_box.JPEG,washer,51,76,79,365,0,0
1743861422005,HUAWEI NEN-LX1,PyTorch,mobilenet_v2,pencil_box.JPEG,pencil box,2,44,841,633,0,0
1743861423468,HUAWEI NEN-LX1,TFLite,efficientnet_lite0,pencil_sharpener.JPEG,pencil sharpener,43,85,130,2604,0,0
1743861423468,HUAWEI NEN-LX1,TFLite,efficientnet_lite0_int8,pencil_sharpener.JPEG,electric locomotive,58,04,82,349,0,0
1743861423469,HUAWEI NEN-LX1,PyTorch,mobilenet_v2,pencil_sharpener.JPEG,wine bottle,0,63,516,2620,0,0
1743861424932,HUAWEI NEN-LX1,TFLite,efficientnet_lite0,perfume.JPEG,perfume,65,69,135,0,0,1
1743861424932,HUAWEI NEN-LX1,TFLite,efficientnet_lite0_int8,perfume.JPEG,wool,68,24,83,365,0,0
1743861424933,HUAWEI NEN-LX1,PyTorch,mobilenet_v2,perfume.JPEG,perfume,1,55,525,2604,0,1
1743861426504,HUAWEI NEN-LX1,TFLite,efficientnet_lite0,photocopier.JPEG,photocopier,21,74,137,2620,0,1
1743861426504,HUAWEI NEN-LX1,TFLite,efficientnet_lite0_int8,photocopier.JPEG,velvet,78,43,79,349,0,0
1743861426504,HUAWEI NEN-LX1,PyTorch,mobilenet_v2,photocopier.JPEG,printer,0,74,596,0,0,4
1743861427596,HUAWEI NEN-LX1,TFLite,efficientnet_lite0,pick.JPEG,rock beauty,7,43,131,2588,0,4
1743861427597,HUAWEI NEN-LX1,TFLite,efficientnet_lite0_int8,pick.JPEG,harvester,63,14,79,365,0,0
1743861427597,HUAWEI NEN-LX1,PyTorch,mobilenet_v2,pick.JPEG,bow tie,2,54,204,680,0,2
1743861428783,HUAWEI NEN-LX1,TFLite,efficientnet_lite0,pickelhaube.JPEG,pickelhaube,97,42,138,0,0,0
1743861428783,HUAWEI NEN-LX1,TFLite,efficientnet_lite0_int8,pickelhaube.JPEG,minivan,53,73,79,365,0,0
1743861428784,HUAWEI NEN-LX1,PyTorch,mobilenet_v2,pickelhaube.JPEG,pickelhaube,19,84,306,1308,0,0
1743861430242,HUAWEI NEN-LX1,TFLite,efficientnet_lite0,picket_fence.JPEG,picket fence,84,50,136,0,0,0
1743861430243,HUAWEI NEN-LX1,TFLite,efficientnet_lite0_int8,picket_fence.JPEG,web site,50,59,80,365,0,0
1743861430243,HUAWEI NEN-LX1,PyTorch,mobilenet_v2,picket_fence.JPEG,picket fence,2,41,547,2604,0,0
1743861432656,HUAWEI NEN-LX1,TFLite,efficientnet_lite0,pickup.JPEG,pickup,33,58,135,2604,0,0
1743861432656,HUAWEI NEN-LX1,TFLite,efficientnet_lite0_int8,pickup.JPEG,pillow,89,80,80,349,0,0
1743861432656,HUAWEI NEN-LX1,PyTorch,mobilenet_v2,pickup.JPEG,cab,0,55,1406,2864,0,0
1743861434191,HUAWEI NEN-LX1,TFLite,efficientnet_lite0,pier.JPEG,pier,82,22,133,2588,0,0
1743861434192,HUAWEI NEN-LX1,TFLite,efficientnet_lite0_int8,pier.JPEG,stone wall,54,90,79,349,0,0
1743861434192,HUAWEI NEN-LX1,PyTorch,mobilenet_v2,pier.JPEG,pier,1,92,590,2936,0,0
1743861435603,HUAWEI NEN-LX1,TFLite,efficientnet_lite0,piggy_bank.JPEG,piggy bank,99,09,135,0,0,1
1743861435604,HUAWEI NEN-LX1,TFLite,efficientnet_lite0_int8,piggy_bank.JPEG,tench,50,20,79,365,0,0
1743861435604,HUAWEI NEN-LX1,PyTorch,mobilenet_v2,piggy_bank.JPEG,piggy bank,22,12,513,2604,0,1
1743861437464,HUAWEI NEN-LX1,TFLite,efficientnet_lite0,pill_bottle.JPEG,pill bottle,36,72,131,2588,0,1
1743861437464,HUAWEI NEN-LX1,TFLite,efficientnet_lite0_int8,pill_bottle.JPEG,pirate,76,08,79,349,0,0
1743861437465,HUAWEI NEN-LX1,PyTorch,mobilenet_v2,pill_bottle.JPEG,crate,0,68,901,0,0,0
1743861438988,HUAWEI NEN-LX1,TFLite,efficientnet_lite0,pillow.JPEG,pillow,99,46,130,2588,0,1
1743861438988,HUAWEI NEN-LX1,TFLite,efficientnet_lite0_int8,pillow.JPEG,tench,50,20,80,365,0,0
1743861438988,HUAWEI NEN-LX1,PyTorch,mobilenet_v2,pillow.JPEG,pillow,15,45,578,2936,0,1
1743861440501,HUAWEI NEN-LX1,TFLite,efficientnet_lite0,pineapple.JPEG,pineapple,96,68,134,0,0,1
1743861440502,HUAWEI NEN-LX1,TFLite,efficientnet_lite0_int8,pineapple.JPEG,tench,50,20,80,365,0,0
1743861440502,HUAWEI NEN-LX1,PyTorch,mobilenet_v2,pineapple.JPEG,pineapple,1,30,599,2936,0,1
1743861441601,HUAWEI NEN-LX1,TFLite,efficientnet_lite0,ping-pong_ball.JPEG,measuring cup,17,50,134,0,0,0
1743861441602,HUAWEI NEN-LX1,TFLite,efficientnet_lite0_int8,ping-pong_ball.JPEG,gas pump,57,25,82,365,0,0
1743861441602,HUAWEI NEN-LX1,PyTorch,mobilenet_v2,ping-pong_ball.JPEG,lotion,5,89,209,608,0,0
1743861442915,HUAWEI NEN-LX1,TFLite,efficientnet_lite0,pinwheel.JPEG,pinwheel,94,36,135,2604,0,0
1743861442915,HUAWEI NEN-LX1,TFLite,efficientnet_lite0_int8,pinwheel.JPEG,hamper,50,59,85,0,0,0
1743861442915,HUAWEI NEN-LX1,PyTorch,mobilenet_v2,pinwheel.JPEG,pinwheel,20,63,424,1932,0,0
1743861444419,HUAWEI NEN-LX1,TFLite,efficientnet_lite0,pirate.JPEG,pirate,79,87,135,0,0,1
1743861444419,HUAWEI NEN-LX1,TFLite,efficientnet_lite0_int8,pirate.JPEG,comic book,55,29,79,365,0,0
1743861444419,HUAWEI NEN-LX1,PyTorch,mobilenet_v2,pirate.JPEG,wreck,1,71,600,2800,0,2
1743861446072,HUAWEI NEN-LX1,TFLite,efficientnet_lite0,pitcher.JPEG,pitcher,41,18,134,0,0,1
1743861446073,HUAWEI NEN-LX1,TFLite,efficientnet_lite0_int8,pitcher.JPEG,wig,76,47,80,349,0,0
1743861446073,HUAWEI NEN-LX1,PyTorch,mobilenet_v2,pitcher.JPEG,measuring cup,0,82,691,0,0,5
1743861447639,HUAWEI NEN-LX1,TFLite,efficientnet_lite0,pizza.JPEG,pizza,93,11,132,2604,0,1
1743861447640,HUAWEI NEN-LX1,TFLite,efficientnet_lite0_int8,pizza.JPEG,bagel,50,98,82,349,0,0
1743861447640,HUAWEI NEN-LX1,PyTorch,mobilenet_v2,pizza.JPEG,pizza,2,17,593,0,0,1
1743861448859,HUAWEI NEN-LX1,TFLite,efficientnet_lite0,plane.JPEG,plane,48,49,131,2588,0,1
1743861448860,HUAWEI NEN-LX1,TFLite,efficientnet_lite0_int8,plane.JPEG,jersey,72,16,89,0,0,0
1743861448860,HUAWEI NEN-LX1,PyTorch,mobilenet_v2,plane.JPEG,plane,3,29,289,1216,0,1
1743861450783,HUAWEI NEN-LX1,TFLite,efficientnet_lite0,planetarium.JPEG,planetarium,65,61,134,0,0,0
1743861450784,HUAWEI NEN-LX1,TFLite,efficientnet_lite0_int8,planetarium.JPEG,steel drum,65,10,79,365,0,0
1743861450784,HUAWEI NEN-LX1,PyTorch,mobilenet_v2,planetarium.JPEG,spotlight,0,43,968,2342,0,0
1743861452327,HUAWEI NEN-LX1,TFLite,efficientnet_lite0,plastic_bag.JPEG,plastic bag,68,41,133,2588,0,1
1743861452328,HUAWEI NEN-LX1,TFLite,efficientnet_lite0_int8,plastic_bag.JPEG,paintbrush,62,75,79,349,0,0
1743861452328,HUAWEI NEN-LX1,PyTorch,mobilenet_v2,plastic_bag.JPEG,plastic bag,11,12,600,2984,0,1
1743861453899,HUAWEI NEN-LX1,TFLite,efficientnet_lite0,plate.JPEG,plate,67,02,136,0,0,0
1743861453900,HUAWEI NEN-LX1,TFLite,efficientnet_lite0_int8,plate.JPEG,red wine,61,96,83,365,0,0
1743861453900,HUAWEI NEN-LX1,PyTorch,mobilenet_v2,plate.JPEG,plate,2,67,629,2972,0,0
1743861455732,HUAWEI NEN-LX1,TFLite,efficientnet_lite0,plate_rack.JPEG,plate rack,97,88,135,0,0,1
1743861455733,HUAWEI NEN-LX1,TFLite,efficientnet_lite0_int8,plate_rack.JPEG,military uniform,51,37,80,365,0,0
1743861455733,HUAWEI NEN-LX1,PyTorch,mobilenet_v2,plate_rack.JPEG,medicine chest,0,78,899,0,0,2
1743861456792,HUAWEI NEN-LX1,TFLite,efficientnet_lite0,platypus.JPEG,platypus,99,74,131,2588,0,1
1743861456793,HUAWEI NEN-LX1,TFLite,efficientnet_lite0_int8,platypus.JPEG,tench,50,20,79,365,0,0
1743861456793,HUAWEI NEN-LX1,PyTorch,mobilenet_v2,platypus.JPEG,platypus,83,27,164,352,0,1
1743861458455,HUAWEI NEN-LX1,TFLite,efficientnet_lite0,plow.JPEG,harvester,36,65,142,0,0,3
1743861458456,HUAWEI NEN-LX1,TFLite,efficientnet_lite0_int8,plow.JPEG,police van,61,57,80,365,0,0
1743861458456,HUAWEI NEN-LX1,PyTorch,mobilenet_v2,plow.JPEG,thresher,1,69,729,3544,0,2
1743861460521,HUAWEI NEN-LX1,TFLite,efficientnet_lite0,plunger.JPEG,plunger,98,30,135,0,0,1
1743861460521,HUAWEI NEN-LX1,TFLite,efficientnet_lite0_int8,plunger.JPEG,lens cap,50,59,80,365,0,0
1743861460522,HUAWEI NEN-LX1,PyTorch,mobilenet_v2,plunger.JPEG,banana,0,90,1096,4315,0,5
1743861462045,HUAWEI NEN-LX1,TFLite,efficientnet_lite0,pole.JPEG,pole,91,92,132,2588,0,0
1743861462046,HUAWEI NEN-LX1,TFLite,efficientnet_lite0_int8,pole.JPEG,ping-pong ball,58,43,79,365,0,0
1743861462046,HUAWEI NEN-LX1,PyTorch,mobilenet_v2,pole.JPEG,pole,5,37,585,2936,0,0
1743861463466,HUAWEI NEN-LX1,TFLite,efficientnet_lite0,polecat.JPEG,weasel,59,52,134,0,0,2
1743861463466,HUAWEI NEN-LX1,TFLite,efficientnet_lite0_int8,polecat.JPEG,badger,61,18,80,365,0,0
1743861463467,HUAWEI NEN-LX1,PyTorch,mobilenet_v2,polecat.JPEG,weasel,0,88,518,2600,0,2
1743861465015,HUAWEI NEN-LX1,TFLite,efficientnet_lite0,police_van.JPEG,police van,21,07,131,2588,0,1
1743861465015,HUAWEI NEN-LX1,TFLite,efficientnet_lite0_int8,police_van.JPEG,mobile home,86,27,84,0,0,0
1743861465015,HUAWEI NEN-LX1,PyTorch,mobilenet_v2,police_van.JPEG,police van,0,59,595,2952,0,1
1743861466552,HUAWEI NEN-LX1,TFLite,efficientnet_lite0,pomegranate.JPEG,pomegranate,96,95,130,2620,0,1
1743861466553,HUAWEI NEN-LX1,TFLite,efficientnet_lite0_int8,pomegranate.JPEG,tench,50,20,79,365,0,0
1743861466553,HUAWEI NEN-LX1,PyTorch,mobilenet_v2,pomegranate.JPEG,pomegranate,2,10,606,0,0,1
1743861468088,HUAWEI NEN-LX1,TFLite,efficientnet_lite0,poncho.JPEG,poncho,68,93,131,2588,0,1
1743861468088,HUAWEI NEN-LX1,TFLite,efficientnet_lite0_int8,poncho.JPEG,strainer,56,08,79,349,0,0
1743861468088,HUAWEI NEN-LX1,PyTorch,mobilenet_v2,poncho.JPEG,poncho,2,39,601,0,0,1
1743861469595,HUAWEI NEN-LX1,TFLite,efficientnet_lite0,pool_table.JPEG,spotlight,44,03,131,2588,0,0
1743861469596,HUAWEI NEN-LX1,TFLite,efficientnet_lite0_int8,pool_table.JPEG,steel drum,84,71,82,0,0,0
1743861469596,HUAWEI NEN-LX1,PyTorch,mobilenet_v2,pool_table.JPEG,spotlight,3,25,596,2936,0,0
1743861471065,HUAWEI NEN-LX1,TFLite,efficientnet_lite0,pop_bottle.JPEG,pop bottle,42,82,139,71,0,1
1743861471066,HUAWEI NEN-LX1,TFLite,efficientnet_lite0_int8,pop_bottle.JPEG,prayer rug,78,43,80,365,0,0
1743861471066,HUAWEI NEN-LX1,PyTorch,mobilenet_v2,pop_bottle.JPEG,beer bottle,0,96,524,2604,0,2
1743861472532,HUAWEI NEN-LX1,TFLite,efficientnet_lite0,porcupine.JPEG,porcupine,89,23,133,0,0,1
1743861472532,HUAWEI NEN-LX1,TFLite,efficientnet_lite0_int8,porcupine.JPEG,hog,52,55,83,365,0,0
1743861472532,HUAWEI NEN-LX1,PyTorch,mobilenet_v2,porcupine.JPEG,porcupine,1,59,526,0,0,1
1743861474013,HUAWEI NEN-LX1,TFLite,efficientnet_lite0,pot.JPEG,pot,87,61,131,2604,0,0
1743861474013,HUAWEI NEN-LX1,TFLite,efficientnet_lite0_int8,pot.JPEG,pencil sharpener,54,90,82,349,0,0
1743861474013,HUAWEI NEN-LX1,PyTorch,mobilenet_v2,pot.JPEG,picket fence,3,71,523,0,0,0
1743861475470,HUAWEI NEN-LX1,TFLite,efficientnet_lite0,potpie.JPEG,potpie,84,81,130,2588,0,0
1743861475470,HUAWEI NEN-LX1,TFLite,efficientnet_lite0_int8,potpie.JPEG,hotdog,51,37,82,0,0,0
1743861475471,HUAWEI NEN-LX1,PyTorch,mobilenet_v2,potpie.JPEG,French loaf,2,17,558,2700,0,0
1743861476956,HUAWEI NEN-LX1,TFLite,efficientnet_lite0,potter's_wheel.JPEG,potter's wheel,49,57,138,0,0,0
1743861476957,HUAWEI NEN-LX1,TFLite,efficientnet_lite0_int8,potter's_wheel.JPEG,prison,76,08,82,0,0,0
1743861476957,HUAWEI NEN-LX1,PyTorch,mobilenet_v2,potter's_wheel.JPEG,barbershop,0,78,521,2620,0,0
1743861478492,HUAWEI NEN-LX1,TFLite,efficientnet_lite0,power_drill.JPEG,screwdriver,22,99,132,0,0,3
1743861478492,HUAWEI NEN-LX1,TFLite,efficientnet_lite0_int8,power_drill.JPEG,hatchet,63,14,79,365,0,0
1743861478493,HUAWEI NEN-LX1,PyTorch,mobilenet_v2,power_drill.JPEG,modem,1,20,576,0,0,0
1743861479745,HUAWEI NEN-LX1,TFLite,efficientnet_lite0,prairie_chicken.JPEG,prairie chicken,96,94,132,0,0,1
1743861479746,HUAWEI NEN-LX1,TFLite,efficientnet_lite0_int8,prairie_chicken.JPEG,fox squirrel,50,59,91,0,0,0
1743861479746,HUAWEI NEN-LX1,PyTorch,mobilenet_v2,prairie_chicken.JPEG,prairie chicken,51,17,333,1488,0,1
1743861480843,HUAWEI NEN-LX1,TFLite,efficientnet_lite0,prayer_rug.JPEG,prayer rug,87,48,131,0,0,1
1743861480844,HUAWEI NEN-LX1,TFLite,efficientnet_lite0_int8,prayer_rug.JPEG,knee pad,51,37,79,365,0,0
1743861480844,HUAWEI NEN-LX1,PyTorch,mobilenet_v2,prayer_rug.JPEG,prayer rug,43,96,206,632,0,1
1743861482351,HUAWEI NEN-LX1,TFLite,efficientnet_lite0,pretzel.JPEG,pretzel,80,25,130,0,0,1
1743861482352,HUAWEI NEN-LX1,TFLite,efficientnet_lite0_int8,pretzel.JPEG,head cabbage,70,59,81,0,0,0
1743861482352,HUAWEI NEN-LX1,PyTorch,mobilenet_v2,pretzel.JPEG,pretzel,7,84,584,2936,0,1
1743861483879,HUAWEI NEN-LX1,TFLite,efficientnet_lite0,printer.JPEG,printer,57,04,145,0,0,1
1743861483880,HUAWEI NEN-LX1,TFLite,efficientnet_lite0_int8,printer.JPEG,puck,74,12,81,0,0,0
1743861483880,HUAWEI NEN-LX1,PyTorch,mobilenet_v2,printer.JPEG,printer,1,31,604,2936,0,1
1743861485336,HUAWEI NEN-LX1,TFLite,efficientnet_lite0,prison.JPEG,prison,8,82,144,0,0,1
1743861485337,HUAWEI NEN-LX1,TFLite,efficientnet_lite0_int8,prison.JPEG,pickelhaube,60,39,80,349,0,0
1743861485337,HUAWEI NEN-LX1,PyTorch,mobilenet_v2,prison.JPEG,plate rack,1,09,519,0,0,3
1743861486886,HUAWEI NEN-LX1,TFLite,efficientnet_lite0,proboscis_monkey.JPEG,proboscis monkey,89,36,134,0,0,1
1743861486886,HUAWEI NEN-LX1,TFLite,efficientnet_lite0_int8,proboscis_monkey.JPEG,marmoset,57,65,80,365,0,4
1743861486887,HUAWEI NEN-LX1,PyTorch,mobilenet_v2,proboscis_monkey.JPEG,proboscis monkey,4,59,633,3256,0,1
1743861488323,HUAWEI NEN-LX1,TFLite,efficientnet_lite0,projectile.JPEG,projectile,71,64,134,0,0,1
1743861488323,HUAWEI NEN-LX1,TFLite,efficientnet_lite0_int8,projectile.JPEG,racer,66,67,80,365,0,0
1743861488323,HUAWEI NEN-LX1,PyTorch,mobilenet_v2,projectile.JPEG,projectile,2,23,528,0,0,1
1743861489769,HUAWEI NEN-LX1,TFLite,efficientnet_lite0,projector.JPEG,sewing machine,16,46,132,2604,0,0
1743861489770,HUAWEI NEN-LX1,TFLite,efficientnet_lite0_int8,projector.JPEG,steel drum,65,88,79,349,0,0
1743861489770,HUAWEI NEN-LX1,PyTorch,mobilenet_v2,projector.JPEG,spotlight,0,56,517,0,0,3
1743861492151,HUAWEI NEN-LX1,TFLite,efficientnet_lite0,promontory.JPEG,seashore,29,89,131,2588,0,2
1743861492151,HUAWEI NEN-LX1,TFLite,efficientnet_lite0_int8,promontory.JPEG,valley,75,69,81,0,0,0
1743861492151,HUAWEI NEN-LX1,PyTorch,mobilenet_v2,promontory.JPEG,seashore,0,95,1407,5752,0,3
1743861493659,HUAWEI NEN-LX1,TFLite,efficientnet_lite0,ptarmigan.JPEG,ptarmigan,95,42,131,2588,0,1
1743861493659,HUAWEI NEN-LX1,TFLite,efficientnet_lite0_int8,ptarmigan.JPEG,sea lion,53,33,80,349,0,0
1743861493660,HUAWEI NEN-LX1,PyTorch,mobilenet_v2,ptarmigan.JPEG,ptarmigan,1,85,564,2832,0,1
1743861495054,HUAWEI NEN-LX1,TFLite,efficientnet_lite0,puck.JPEG,puck,94,17,134,0,0,1
1743861495055,HUAWEI NEN-LX1,TFLite,efficientnet_lite0_int8,puck.JPEG,sliding door,51,76,82,365,0,0
1743861495055,HUAWEI NEN-LX1,PyTorch,mobilenet_v2,puck.JPEG,puck,10,49,480,2296,0,1
1743861496553,HUAWEI NEN-LX1,TFLite,efficientnet_lite0,puffer.JPEG,puffer,91,25,132,2588,0,1
1743861496554,HUAWEI NEN-LX1,TFLite,efficientnet_lite0_int8,puffer.JPEG,sturgeon,52,94,83,365,0,0
1743861496554,HUAWEI NEN-LX1,PyTorch,mobilenet_v2,puffer.JPEG,puffer,2,43,543,0,0,1
1743861498075,HUAWEI NEN-LX1,TFLite,efficientnet_lite0,pug.JPEG,pug,66,02,130,2588,0,1
1743861498076,HUAWEI NEN-LX1,TFLite,efficientnet_lite0_int8,pug.JPEG,Samoyed,91,37,79,365,0,0
1743861498076,HUAWEI NEN-LX1,PyTorch,mobilenet_v2,pug.JPEG,hand blower,0,76,588,0,0,4
1743861499109,HUAWEI NEN-LX1,TFLite,efficientnet_lite0,punching_bag.JPEG,punching bag,99,06,134,0,0,1
1743861499110,HUAWEI NEN-LX1,TFLite,efficientnet_lite0_int8,punching_bag.JPEG,wool,50,59,79,349,0,0
1743861499110,HUAWEI NEN-LX1,PyTorch,mobilenet_v2,punching_bag.JPEG,punching bag,99,66,164,352,0,1
1743861500694,HUAWEI NEN-LX1,TFLite,efficientnet_lite0,purse.JPEG,purse,80,22,140,0,0,1
1743861500695,HUAWEI NEN-LX1,TFLite,efficientnet_lite0_int8,purse.JPEG,manhole cover,67,06,79,365,0,0
1743861500695,HUAWEI NEN-LX1,PyTorch,mobilenet_v2,purse.JPEG,purse,1,01,657,1472,0,1
1743861502305,HUAWEI NEN-LX1,TFLite,efficientnet_lite0,quail.JPEG,hen,40,24,130,2588,0,0
1743861502306,HUAWEI NEN-LX1,TFLite,efficientnet_lite0_int8,quail.JPEG,microphone,92,94,79,365,0,0
1743861502306,HUAWEI NEN-LX1,PyTorch,mobilenet_v2,quail.JPEG,quail,4,57,663,0,0,1
1743861504643,HUAWEI NEN-LX1,TFLite,efficientnet_lite0,quill.JPEG,quill,65,80,136,0,0,1
1743861504644,HUAWEI NEN-LX1,TFLite,efficientnet_lite0_int8,quill.JPEG,radiator,95,29,80,365,0,0
1743861504644,HUAWEI NEN-LX1,PyTorch,mobilenet_v2,quill.JPEG,quill,2,13,1345,5005,0,1
1743861506297,HUAWEI NEN-LX1,TFLite,efficientnet_lite0,quilt.JPEG,quilt,90,10,130,2588,0,1
1743861506298,HUAWEI NEN-LX1,TFLite,efficientnet_lite0_int8,quilt.JPEG,sundial,53,33,80,349,0,0
1743861506298,HUAWEI NEN-LX1,PyTorch,mobilenet_v2,quilt.JPEG,quilt,1,76,691,3304,0,1
1743861507705,HUAWEI NEN-LX1,TFLite,efficientnet_lite0,racer.JPEG,racer,38,78,133,0,0,1
1743861507706,HUAWEI NEN-LX1,TFLite,efficientnet_lite0_int8,racer.JPEG,radio telescope,73,33,80,349,0,0
1743861507706,HUAWEI NEN-LX1,PyTorch,mobilenet_v2,racer.JPEG,racer,0,89,510,2604,0,1
1743861509384,HUAWEI NEN-LX1,TFLite,efficientnet_lite0,racket.JPEG,racket,40,67,131,2604,0,1
1743861509384,HUAWEI NEN-LX1,TFLite,efficientnet_lite0_int8,racket.JPEG,rain barrel,94,90,79,349,0,0
1743861509385,HUAWEI NEN-LX1,PyTorch,mobilenet_v2,racket.JPEG,racket,3,83,737,0,0,1
1743861510909,HUAWEI NEN-LX1,TFLite,efficientnet_lite0,radiator.JPEG,radiator,62,43,131,2588,0,1
1743861510910,HUAWEI NEN-LX1,TFLite,efficientnet_lite0_int8,radiator.JPEG,water tower,56,47,79,365,0,0
1743861510910,HUAWEI NEN-LX1,PyTorch,mobilenet_v2,radiator.JPEG,washbasin,1,67,589,2936,0,0
1743861512432,HUAWEI NEN-LX1,TFLite,efficientnet_lite0,radio.JPEG,oxygen mask,67,67,136,2604,0,0
1743861512432,HUAWEI NEN-LX1,TFLite,efficientnet_lite0_int8,radio.JPEG,padlock,71,37,79,365,0,0
1743861512433,HUAWEI NEN-LX1,PyTorch,mobilenet_v2,radio.JPEG,military uniform,0,76,588,2972,0,0
1743861513878,HUAWEI NEN-LX1,TFLite,efficientnet_lite0,radio_telescope.JPEG,radio telescope,95,71,139,0,0,4
1743861513879,HUAWEI NEN-LX1,TFLite,efficientnet_lite0_int8,radio_telescope.JPEG,space heater,50,98,86,0,0,0
1743861513879,HUAWEI NEN-LX1,PyTorch,mobilenet_v2,radio_telescope.JPEG,radio telescope,2,16,527,2604,0,0
1743861514936,HUAWEI NEN-LX1,TFLite,efficientnet_lite0,rain_barrel.JPEG,rain barrel,98,86,143,0,0,3
1743861514936,HUAWEI NEN-LX1,TFLite,efficientnet_lite0_int8,rain_barrel.JPEG,vending machine,50,98,79,349,0,0
1743861514936,HUAWEI NEN-LX1,PyTorch,mobilenet_v2,rain_barrel.JPEG,rain barrel,92,68,179,472,0,4
1743861516388,HUAWEI NEN-LX1,TFLite,efficientnet_lite0,ram.JPEG,ram,89,38,137,2604,0,0
1743861516388,HUAWEI NEN-LX1,TFLite,efficientnet_lite0_int8,ram.JPEG,gazelle,56,86,82,0,0,0
1743861516388,HUAWEI NEN-LX1,PyTorch,mobilenet_v2,ram.JPEG,ram,8,02,537,2600,0,0
1743861518037,HUAWEI NEN-LX1,TFLite,efficientnet_lite0,rapeseed.JPEG,rapeseed,94,23,132,2604,0,1
1743861518037,HUAWEI NEN-LX1,TFLite,efficientnet_lite0_int8,rapeseed.JPEG,baseball,50,59,82,349,0,0
1743861518037,HUAWEI NEN-LX1,PyTorch,mobilenet_v2,rapeseed.JPEG,rapeseed,2,14,685,0,0,1
1743861519587,HUAWEI NEN-LX1,TFLite,efficientnet_lite0,recreational_vehicle.JPEG,recreational vehicle,65,20,130,2588,0,1
1743861519587,HUAWEI NEN-LX1,TFLite,efficientnet_lite0_int8,recreational_vehicle.JPEG,monitor,89,02,79,349,0,0
1743861519588,HUAWEI NEN-LX1,PyTorch,mobilenet_v2,recreational_vehicle.JPEG,recreational vehicle,2,19,607,0,0,1
1743861521022,HUAWEI NEN-LX1,TFLite,efficientnet_lite0,red-backed_sandpiper.JPEG,red-backed sandpiper,94,72,134,2588,0,0
1743861521023,HUAWEI NEN-LX1,TFLite,efficientnet_lite0_int8,red-backed_sandpiper.JPEG,oystercatcher,51,37,83,0,0,0
1743861521023,HUAWEI NEN-LX1,PyTorch,mobilenet_v2,red-backed_sandpiper.JPEG,red-backed sandpiper,1,23,530,2544,0,0
1743861522513,HUAWEI NEN-LX1,TFLite,efficientnet_lite0,red-breasted_merganser.JPEG,ruddy turnstone,39,28,137,2604,0,0
1743861522514,HUAWEI NEN-LX1,TFLite,efficientnet_lite0_int8,red-breasted_merganser.JPEG,oystercatcher,74,12,80,349,0,0
1743861522514,HUAWEI NEN-LX1,PyTorch,mobilenet_v2,red-breasted_merganser.JPEG,ruddy turnstone,0,94,553,0,0,0
1743861523959,HUAWEI NEN-LX1,TFLite,efficientnet_lite0,red_fox.JPEG,grey fox,27,11,129,2588,0,0
1743861523959,HUAWEI NEN-LX1,TFLite,efficientnet_lite0_int8,red_fox.JPEG,tabby,79,22,79,365,0,0
1743861523959,HUAWEI NEN-LX1,PyTorch,mobilenet_v2,red_fox.JPEG,red fox,0,90,525,0,0,0
1743861525420,HUAWEI NEN-LX1,TFLite,efficientnet_lite0,red_wine.JPEG,wine bottle,48,57,131,2604,0,2
1743861525421,HUAWEI NEN-LX1,TFLite,efficientnet_lite0_int8,red_wine.JPEG,minibus,80,78,86,0,0,0
1743861525421,HUAWEI NEN-LX1,PyTorch,mobilenet_v2,red_wine.JPEG,goblet,1,33,536,2604,0,2
1743861526922,HUAWEI NEN-LX1,TFLite,efficientnet_lite0,red_wolf.JPEG,red wolf,91,44,144,0,0,1
1743861526922,HUAWEI NEN-LX1,TFLite,efficientnet_lite0_int8,red_wolf.JPEG,tabby,66,27,80,349,0,0
1743861526922,HUAWEI NEN-LX1,PyTorch,mobilenet_v2,red_wolf.JPEG,red wolf,1,88,546,0,0,1
1743861528173,HUAWEI NEN-LX1,TFLite,efficientnet_lite0,redbone.JPEG,redbone,32,29,131,2588,0,1
1743861528174,HUAWEI NEN-LX1,TFLite,efficientnet_lite0_int8,redbone.JPEG,bloodhound,79,61,79,349,0,0
1743861528174,HUAWEI NEN-LX1,PyTorch,mobilenet_v2,redbone.JPEG,redbone,5,25,352,1400,0,1
1743861529714,HUAWEI NEN-LX1,TFLite,efficientnet_lite0,redshank.JPEG,redshank,73,71,138,0,0,1
1743861529715,HUAWEI NEN-LX1,TFLite,efficientnet_lite0_int8,redshank.JPEG,albatross,54,90,80,365,0,0
1743861529715,HUAWEI NEN-LX1,PyTorch,mobilenet_v2,redshank.JPEG,redshank,1,78,617,3104,0,1
1743861531016,HUAWEI NEN-LX1,TFLite,efficientnet_lite0,reel.JPEG,reel,88,24,133,0,0,0
1743861531016,HUAWEI NEN-LX1,TFLite,efficientnet_lite0_int8,reel.JPEG,revolver,51,76,80,349,0,0
1743861531016,HUAWEI NEN-LX1,PyTorch,mobilenet_v2,reel.JPEG,reel,1,38,411,1880,0,0
1743861532523,HUAWEI NEN-LX1,TFLite,efficientnet_lite0,reflex_camera.JPEG,reflex camera,92,92,137,0,0,1
1743861532523,HUAWEI NEN-LX1,TFLite,efficientnet_lite0_int8,reflex_camera.JPEG,pool table,51,76,80,365,0,0
1743861532524,HUAWEI NEN-LX1,PyTorch,mobilenet_v2,reflex_camera.JPEG,reflex camera,2,31,591,2920,0,1
1743861534039,HUAWEI NEN-LX1,TFLite,efficientnet_lite0,refrigerator.JPEG,refrigerator,49,03,133,0,0,1
1743861534040,HUAWEI NEN-LX1,TFLite,efficientnet_lite0_int8,refrigerator.JPEG,dome,74,51,80,349,0,0
1743861534040,HUAWEI NEN-LX1,PyTorch,mobilenet_v2,refrigerator.JPEG,refrigerator,1,55,602,0,0,1
1743861535436,HUAWEI NEN-LX1,TFLite,efficientnet_lite0,remote_control.JPEG,modem,22,60,130,2604,0,4
1743861535437,HUAWEI NEN-LX1,TFLite,efficientnet_lite0_int8,remote_control.JPEG,dishwasher,71,76,82,349,0,0
1743861535437,HUAWEI NEN-LX1,PyTorch,mobilenet_v2,remote_control.JPEG,modem,1,02,461,2200,0,2
1743861536933,HUAWEI NEN-LX1,TFLite,efficientnet_lite0,restaurant.JPEG,restaurant,69,15,137,2604,0,0
1743861536934,HUAWEI NEN-LX1,TFLite,efficientnet_lite0_int8,restaurant.JPEG,Band Aid,50,98,80,365,0,0
1743861536934,HUAWEI NEN-LX1,PyTorch,mobilenet_v2,restaurant.JPEG,restaurant,2,05,544,0,0,0
1743861538029,HUAWEI NEN-LX1,TFLite,efficientnet_lite0,revolver.JPEG,revolver,80,17,131,2604,0,1
1743861538030,HUAWEI NEN-LX1,TFLite,efficientnet_lite0_int8,revolver.JPEG,hoopskirt,60,78,79,349,0,0
1743861538030,HUAWEI NEN-LX1,PyTorch,mobilenet_v2,revolver.JPEG,violin,9,72,212,680,0,2
1743861539476,HUAWEI NEN-LX1,TFLite,efficientnet_lite0,rhinoceros_beetle.JPEG,rhinoceros beetle,88,01,139,0,0,1
1743861539476,HUAWEI NEN-LX1,TFLite,efficientnet_lite0_int8,rhinoceros_beetle.JPEG,bee,69,80,79,365,0,2
1743861539477,HUAWEI NEN-LX1,PyTorch,mobilenet_v2,rhinoceros_beetle.JPEG,rhinoceros beetle,4,04,538,2604,0,1
1743861541150,HUAWEI NEN-LX1,TFLite,efficientnet_lite0,rifle.JPEG,nematode,2,07,137,0,0,0
1743861541150,HUAWEI NEN-LX1,TFLite,efficientnet_lite0_int8,rifle.JPEG,bobsled,52,94,84,349,0,0
1743861541150,HUAWEI NEN-LX1,PyTorch,mobilenet_v2,rifle.JPEG,lens cap,0,63,624,0,0,0
1743861542771,HUAWEI NEN-LX1,TFLite,efficientnet_lite0,ringlet.JPEG,ringlet,76,69,138,0,0,1
1743861542772,HUAWEI NEN-LX1,TFLite,efficientnet_lite0_int8,ringlet.JPEG,sulphur butterfly,56,47,80,349,0,0
1743861542772,HUAWEI NEN-LX1,PyTorch,mobilenet_v2,ringlet.JPEG,ringlet,2,73,689,0,0,1
1743861544249,HUAWEI NEN-LX1,TFLite,efficientnet_lite0,ringneck_snake.JPEG,ringneck snake,93,03,159,0,0,1
1743861544249,HUAWEI NEN-LX1,TFLite,efficientnet_lite0_int8,ringneck_snake.JPEG,king snake,50,59,80,349,0,0
1743861544250,HUAWEI NEN-LX1,PyTorch,mobilenet_v2,ringneck_snake.JPEG,ringneck snake,0,69,528,0,0,1
1743861545743,HUAWEI NEN-LX1,TFLite,efficientnet_lite0,robin.JPEG,robin,97,57,135,0,0,1
1743861545744,HUAWEI NEN-LX1,TFLite,efficientnet_lite0_int8,robin.JPEG,tench,50,20,80,365,0,0
1743861545744,HUAWEI NEN-LX1,PyTorch,mobilenet_v2,robin.JPEG,robin,1,36,592,2936,0,1
1743861546951,HUAWEI NEN-LX1,TFLite,efficientnet_lite0,rock_beauty.JPEG,rock beauty,72,90,138,0,0,1
1743861546951,HUAWEI NEN-LX1,TFLite,efficientnet_lite0_int8,rock_beauty.JPEG,accordion,58,43,79,365,0,0
1743861546951,HUAWEI NEN-LX1,PyTorch,mobilenet_v2,rock_beauty.JPEG,rock beauty,6,05,313,1320,0,1
1743861548462,HUAWEI NEN-LX1,TFLite,efficientnet_lite0,rock_crab.JPEG,rock crab,62,34,138,0,0,1
1743861548463,HUAWEI NEN-LX1,TFLite,efficientnet_lite0_int8,rock_crab.JPEG,spiny lobster,83,14,79,365,0,0
1743861548463,HUAWEI NEN-LX1,PyTorch,mobilenet_v2,rock_crab.JPEG,fiddler crab,0,61,599,2936,0,2
1743861549933,HUAWEI NEN-LX1,TFLite,efficientnet_lite0,rock_python.JPEG,rock python,22,47,136,2620,0,1
1743861549933,HUAWEI NEN-LX1,TFLite,efficientnet_lite0_int8,rock_python.JPEG,horned viper,62,75,80,365,0,0
1743861549934,HUAWEI NEN-LX1,PyTorch,mobilenet_v2,rock_python.JPEG,rock python,1,90,519,0,0,1
1743861551573,HUAWEI NEN-LX1,TFLite,efficientnet_lite0,rocking_chair.JPEG,rocking chair,96,77,131,0,0,1
1743861551573,HUAWEI NEN-LX1,TFLite,efficientnet_lite0_int8,rocking_chair.JPEG,tench,50,20,83,0,0,0
1743861551574,HUAWEI NEN-LX1,PyTorch,mobilenet_v2,rocking_chair.JPEG,rocking chair,2,36,724,3345,0,1
1743861553097,HUAWEI NEN-LX1,TFLite,efficientnet_lite0,rotisserie.JPEG,rotisserie,68,97,130,2588,0,1
1743861553098,HUAWEI NEN-LX1,TFLite,efficientnet_lite0_int8,rotisserie.JPEG,miniskirt,70,59,79,349,0,0
1743861553098,HUAWEI NEN-LX1,PyTorch,mobilenet_v2,rotisserie.JPEG,refrigerator,1,51,592,2936,0,4
1743861554587,HUAWEI NEN-LX1,TFLite,efficientnet_lite0,rubber_eraser.JPEG,slide rule,45,56,137,2604,0,5
1743861554588,HUAWEI NEN-LX1,TFLite,efficientnet_lite0_int8,rubber_eraser.JPEG,snowmobile,81,57,80,365,0,0
1743861554588,HUAWEI NEN-LX1,PyTorch,mobilenet_v2,rubber_eraser.JPEG,envelope,0,69,531,2604,0,2
1743861556067,HUAWEI NEN-LX1,TFLite,efficientnet_lite0,ruddy_turnstone.JPEG,ruddy turnstone,96,95,169,0,0,1
1743861556067,HUAWEI NEN-LX1,TFLite,efficientnet_lite0_int8,ruddy_turnstone.JPEG,tench,50,20,82,349,0,0
1743861556067,HUAWEI NEN-LX1,PyTorch,mobilenet_v2,ruddy_turnstone.JPEG,ruddy turnstone,2,01,522,0,0,1
1743861557492,HUAWEI NEN-LX1,TFLite,efficientnet_lite0,ruffed_grouse.JPEG,ruffed grouse,86,49,133,0,0,1
1743861557492,HUAWEI NEN-LX1,TFLite,efficientnet_lite0_int8,ruffed_grouse.JPEG,African grey,56,86,79,365,0,0
1743861557493,HUAWEI NEN-LX1,PyTorch,mobilenet_v2,ruffed_grouse.JPEG,ruffed grouse,0,92,526,2600,0,1
1743861559784,HUAWEI NEN-LX1,TFLite,efficientnet_lite0,rugby_ball.JPEG,rugby ball,40,66,131,0,0,1
1743861559785,HUAWEI NEN-LX1,TFLite,efficientnet_lite0_int8,rugby_ball.JPEG,safety pin,95,69,80,365,0,0
1743861559785,HUAWEI NEN-LX1,PyTorch,mobilenet_v2,rugby_ball.JPEG,rugby ball,1,09,1337,2056,0,1
1743861561239,HUAWEI NEN-LX1,TFLite,efficientnet_lite0,rule.JPEG,rule,94,65,129,2588,0,1
1743861561239,HUAWEI NEN-LX1,TFLite,efficientnet_lite0_int8,rule.JPEG,snowmobile,50,59,79,365,0,0
1743861561240,HUAWEI NEN-LX1,PyTorch,mobilenet_v2,rule.JPEG,rule,4,12,521,2604,0,1
1743861562769,HUAWEI NEN-LX1,TFLite,efficientnet_lite0,running_shoe.JPEG,running shoe,97,67,132,0,0,1
1743861562770,HUAWEI NEN-LX1,TFLite,efficientnet_lite0_int8,running_shoe.JPEG,scale,52,16,79,365,0,0
1743861562770,HUAWEI NEN-LX1,PyTorch,mobilenet_v2,running_shoe.JPEG,running shoe,4,50,622,3052,0,1
1743861563798,HUAWEI NEN-LX1,TFLite,efficientnet_lite0,safe.JPEG,safe,90,71,130,2588,0,1
1743861563798,HUAWEI NEN-LX1,TFLite,efficientnet_lite0_int8,safe.JPEG,bobsled,52,16,80,349,0,0
1743861563798,HUAWEI NEN-LX1,PyTorch,mobilenet_v2,safe.JPEG,binder,56,53,140,220,0,0
1743861565329,HUAWEI NEN-LX1,TFLite,efficientnet_lite0,safety_pin.JPEG,safety pin,99,82,141,0,0,0
1743861565330,HUAWEI NEN-LX1,TFLite,efficientnet_lite0_int8,safety_pin.JPEG,lifeboat,50,59,81,349,0,0
1743861565330,HUAWEI NEN-LX1,PyTorch,mobilenet_v2,safety_pin.JPEG,safety pin,9,35,592,2936,0,0
1743861566776,HUAWEI NEN-LX1,TFLite,efficientnet_lite0,saltshaker.JPEG,soap dispenser,8,08,131,0,0,2
1743861566776,HUAWEI NEN-LX1,TFLite,efficientnet_lite0_int8,saltshaker.JPEG,Unknown,58,43,83,349,0,0
1743861566776,HUAWEI NEN-LX1,PyTorch,mobilenet_v2,saltshaker.JPEG,saltshaker,0,65,526,2604,0,1
1743861568249,HUAWEI NEN-LX1,TFLite,efficientnet_lite0,sandal.JPEG,sandal,28,19,134,0,0,1
1743861568250,HUAWEI NEN-LX1,TFLite,efficientnet_lite0_int8,sandal.JPEG,scale,68,24,79,365,0,0
1743861568250,HUAWEI NEN-LX1,PyTorch,mobilenet_v2,sandal.JPEG,sandal,0,63,565,2732,0,1
1743861569818,HUAWEI NEN-LX1,TFLite,efficientnet_lite0,sandbar.JPEG,sandbar,70,48,136,0,0,1
1743861569818,HUAWEI NEN-LX1,TFLite,efficientnet_lite0_int8,sandbar.JPEG,groom,76,47,80,349,0,0
1743861569818,HUAWEI NEN-LX1,PyTorch,mobilenet_v2,sandbar.JPEG,sandbar,6,65,624,0,0,1
1743861571187,HUAWEI NEN-LX1,TFLite,efficientnet_lite0,sarong.JPEG,sarong,40,23,130,2588,0,1
1743861571187,HUAWEI NEN-LX1,TFLite,efficientnet_lite0_int8,sarong.JPEG,school bus,72,55,79,365,0,0
1743861571187,HUAWEI NEN-LX1,PyTorch,mobilenet_v2,sarong.JPEG,sarong,1,63,463,2028,0,1
1743861572745,HUAWEI NEN-LX1,TFLite,efficientnet_lite0,sax.JPEG,sax,88,96,137,0,0,1
1743861572746,HUAWEI NEN-LX1,TFLite,efficientnet_lite0_int8,sax.JPEG,grocery store,50,98,79,349,0,0
1743861572746,HUAWEI NEN-LX1,PyTorch,mobilenet_v2,sax.JPEG,sax,1,48,616,0,0,1
1743861574407,HUAWEI NEN-LX1,TFLite,efficientnet_lite0,scabbard.JPEG,scabbard,97,16,131,2588,0,0
1743861574408,HUAWEI NEN-LX1,TFLite,efficientnet_lite0_int8,scabbard.JPEG,limousine,54,12,79,365,0,0
1743861574408,HUAWEI NEN-LX1,PyTorch,mobilenet_v2,scabbard.JPEG,scabbard,3,76,718,0,0,0
1743861575862,HUAWEI NEN-LX1,TFLite,efficientnet_lite0,scale.JPEG,scale,94,00,136,0,0,1
1743861575863,HUAWEI NEN-LX1,TFLite,efficientnet_lite0_int8,scale.JPEG,stretcher,58,43,81,365,0,0
1743861575863,HUAWEI NEN-LX1,PyTorch,mobilenet_v2,scale.JPEG,scale,9,35,539,2604,0,1
1743861577371,HUAWEI NEN-LX1,TFLite,efficientnet_lite0,schipperke.JPEG,schipperke,93,88,133,0,0,1
1743861577372,HUAWEI NEN-LX1,TFLite,efficientnet_lite0_int8,schipperke.JPEG,EntleBucher,52,94,79,365,0,0
1743861577372,HUAWEI NEN-LX1,PyTorch,mobilenet_v2,schipperke.JPEG,schipperke,1,80,592,0,0,1
1743861578826,HUAWEI NEN-LX1,TFLite,efficientnet_lite0,school_bus.JPEG,school bus,51,57,131,2588,0,1
1743861578826,HUAWEI NEN-LX1,TFLite,efficientnet_lite0_int8,school_bus.JPEG,screw,97,25,79,365,0,0
1743861578826,HUAWEI NEN-LX1,PyTorch,mobilenet_v2,school_bus.JPEG,school bus,1,84,527,0,0,1
1743861580311,HUAWEI NEN-LX1,TFLite,efficientnet_lite0,schooner.JPEG,dock,57,95,132,2604,0,4
1743861580311,HUAWEI NEN-LX1,TFLite,efficientnet_lite0_int8,schooner.JPEG,drilling platform,76,86,93,0,0,0
1743861580312,HUAWEI NEN-LX1,PyTorch,mobilenet_v2,schooner.JPEG,dock,1,51,521,2620,0,5
1743861582616,HUAWEI NEN-LX1,TFLite,efficientnet_lite0,scoreboard.JPEG,scoreboard,95,62,131,0,0,1
1743861582617,HUAWEI NEN-LX1,TFLite,efficientnet_lite0_int8,scoreboard.JPEG,soap dispenser,50,59,79,365,0,0
1743861582617,HUAWEI NEN-LX1,PyTorch,mobilenet_v2,scoreboard.JPEG,scoreboard,1,95,1307,3091,0,1
1743861584126,HUAWEI NEN-LX1,TFLite,efficientnet_lite0,scorpion.JPEG,scorpion,98,50,132,2604,0,1
1743861584127,HUAWEI NEN-LX1,TFLite,efficientnet_lite0_int8,scorpion.JPEG,isopod,50,59,82,349,0,0
1743861584127,HUAWEI NEN-LX1,PyTorch,mobilenet_v2,scorpion.JPEG,scorpion,2,43,536,2620,0,1
1743861585554,HUAWEI NEN-LX1,TFLite,efficientnet_lite0,screen.JPEG,television,50,16,135,0,0,0
1743861585555,HUAWEI NEN-LX1,TFLite,efficientnet_lite0_int8,screen.JPEG,thimble,74,90,79,365,0,0
1743861585555,HUAWEI NEN-LX1,PyTorch,mobilenet_v2,screen.JPEG,television,2,63,525,2544,0,0
1743861586961,HUAWEI NEN-LX1,TFLite,efficientnet_lite0,screw.JPEG,screw,94,30,131,2604,0,0
1743861586961,HUAWEI NEN-LX1,TFLite,efficientnet_lite0_int8,screw.JPEG,notebook,50,59,79,349,0,0
1743861586961,HUAWEI NEN-LX1,PyTorch,mobilenet_v2,screw.JPEG,screw,49,46,492,0,0,5
1743861588492,HUAWEI NEN-LX1,TFLite,efficientnet_lite0,screwdriver.JPEG,screwdriver,90,78,130,2588,0,0
1743861588493,HUAWEI NEN-LX1,TFLite,efficientnet_lite0_int8,screwdriver.JPEG,projectile,52,55,79,349,0,0
1743861588493,HUAWEI NEN-LX1,PyTorch,mobilenet_v2,screwdriver.JPEG,screwdriver,1,21,595,0,0,0
1743861590001,HUAWEI NEN-LX1,TFLite,efficientnet_lite0,scuba_diver.JPEG,scuba diver,69,15,136,0,0,1
1743861590002,HUAWEI NEN-LX1,TFLite,efficientnet_lite0_int8,scuba_diver.JPEG,golf ball,89,41,79,365,0,0
1743861590002,HUAWEI NEN-LX1,PyTorch,mobilenet_v2,scuba_diver.JPEG,scuba diver,2,74,583,2936,0,1
1743861591580,HUAWEI NEN-LX1,TFLite,efficientnet_lite0,sea_anemone.JPEG,sea anemone,96,44,137,2620,0,1
1743861591580,HUAWEI NEN-LX1,TFLite,efficientnet_lite0_int8,sea_anemone.JPEG,Angora,54,12,83,349,0,0
1743861591581,HUAWEI NEN-LX1,PyTorch,mobilenet_v2,sea_anemone.JPEG,sea anemone,5,53,569,0,0,1
1743861593112,HUAWEI NEN-LX1,TFLite,efficientnet_lite0,sea_cucumber.JPEG,sea cucumber,98,14,130,2604,1,1
1743861593112,HUAWEI NEN-LX1,TFLite,efficientnet_lite0_int8,sea_cucumber.JPEG,slug,51,76,82,349,1,0
1743861593113,HUAWEI NEN-LX1,PyTorch,mobilenet_v2,sea_cucumber.JPEG,sea cucumber,19,11,571,0,1,1
1743861594655,HUAWEI NEN-LX1,TFLite,efficientnet_lite0,sea_lion.JPEG,sea lion,98,37,131,2588,0,1
1743861594656,HUAWEI NEN-LX1,TFLite,efficientnet_lite0_int8,sea_lion.JPEG,tench,50,20,79,349,0,0
1743861594656,HUAWEI NEN-LX1,PyTorch,mobilenet_v2,sea_lion.JPEG,sea lion,3,74,593,0,0,1
1743861596186,HUAWEI NEN-LX1,TFLite,efficientnet_lite0,sea_slug.JPEG,sea slug,57,92,133,0,0,0
1743861596186,HUAWEI NEN-LX1,TFLite,efficientnet_lite0_int8,sea_slug.JPEG,stinkhorn,58,82,79,365,0,0
1743861596186,HUAWEI NEN-LX1,PyTorch,mobilenet_v2,sea_slug.JPEG,sea slug,1,51,611,2936,0,0
1743861597777,HUAWEI NEN-LX1,TFLite,efficientnet_lite0,sea_snake.JPEG,slug,23,11,137,0,0,3
1743861597778,HUAWEI NEN-LX1,TFLite,efficientnet_lite0_int8,sea_snake.JPEG,Dungeness crab,69,41,83,349,0,0
1743861597778,HUAWEI NEN-LX1,PyTorch,mobilenet_v2,sea_snake.JPEG,sea slug,1,50,580,0,0,5
1743861599682,HUAWEI NEN-LX1,TFLite,efficientnet_lite0,sea_urchin.JPEG,sea urchin,50,85,132,2588,0,1
1743861599683,HUAWEI NEN-LX1,TFLite,efficientnet_lite0_int8,sea_urchin.JPEG,Angora,88,24,79,349,0,0
1743861599683,HUAWEI NEN-LX1,PyTorch,mobilenet_v2,sea_urchin.JPEG,coil,1,32,910,433,0,0
1743861601136,HUAWEI NEN-LX1,TFLite,efficientnet_lite0,seashore.JPEG,seashore,37,59,134,0,0,1
1743861601136,HUAWEI NEN-LX1,TFLite,efficientnet_lite0_int8,seashore.JPEG,groom,86,67,79,365,0,0
1743861601137,HUAWEI NEN-LX1,PyTorch,mobilenet_v2,seashore.JPEG,breakwater,2,12,528,2616,0,3
1743861602625,HUAWEI NEN-LX1,TFLite,efficientnet_lite0,seat_belt.JPEG,seat belt,41,65,137,0,0,1
1743861602625,HUAWEI NEN-LX1,TFLite,efficientnet_lite0_int8,seat_belt.JPEG,shoji,67,06,80,349,0,0
1743861602625,HUAWEI NEN-LX1,PyTorch,mobilenet_v2,seat_belt.JPEG,car mirror,1,08,537,0,0,4
1743861604737,HUAWEI NEN-LX1,TFLite,efficientnet_lite0,sewing_machine.JPEG,sewing machine,98,93,131,2588,0,1
1743861604738,HUAWEI NEN-LX1,TFLite,efficientnet_lite0_int8,sewing_machine.JPEG,crane,50,59,79,365,0,0
1743861604738,HUAWEI NEN-LX1,PyTorch,mobilenet_v2,sewing_machine.JPEG,sewing machine,0,45,1129,1681,0,1
1743861606246,HUAWEI NEN-LX1,TFLite,efficientnet_lite0,shield.JPEG,shield,99,85,134,0,0,1
1743861606247,HUAWEI NEN-LX1,TFLite,efficientnet_lite0_int8,shield.JPEG,tench,50,20,79,349,0,0
1743861606247,HUAWEI NEN-LX1,PyTorch,mobilenet_v2,shield.JPEG,shield,7,09,605,2936,0,1
1743861607750,HUAWEI NEN-LX1,TFLite,efficientnet_lite0,shoe_shop.JPEG,bakery,13,06,134,0,0,0
1743861607750,HUAWEI NEN-LX1,TFLite,efficientnet_lite0_int8,shoe_shop.JPEG,dumbbell,60,00,80,365,0,0
1743861607750,HUAWEI NEN-LX1,PyTorch,mobilenet_v2,shoe_shop.JPEG,barbershop,1,45,598,2936,0,0
1743861609267,HUAWEI NEN-LX1,TFLite,efficientnet_lite0,shoji.JPEG,shoji,98,19,136,0,0,1
1743861609267,HUAWEI NEN-LX1,TFLite,efficientnet_lite0_int8,shoji.JPEG,snowplow,50,59,79,365,0,0
1743861609267,HUAWEI NEN-LX1,PyTorch,mobilenet_v2,shoji.JPEG,shoji,2,17,605,2936,0,1
1743861610460,HUAWEI NEN-LX1,TFLite,efficientnet_lite0,shopping_basket.JPEG,shopping basket,66,53,137,0,0,1
1743861610460,HUAWEI NEN-LX1,TFLite,efficientnet_lite0_int8,shopping_basket.JPEG,ski,53,73,79,349,0,0
1743861610460,HUAWEI NEN-LX1,PyTorch,mobilenet_v2,shopping_basket.JPEG,shopping basket,26,18,247,0,0,1
1743861612164,HUAWEI NEN-LX1,TFLite,efficientnet_lite0,shopping_cart.JPEG,shopping cart,99,52,134,2588,0,1
1743861612165,HUAWEI NEN-LX1,TFLite,efficientnet_lite0_int8,shopping_cart.JPEG,tench,50,20,79,365,0,0
1743861612165,HUAWEI NEN-LX1,PyTorch,mobilenet_v2,shopping_cart.JPEG,racket,0,51,765,0,0,2
1743861613721,HUAWEI NEN-LX1,TFLite,efficientnet_lite0,shovel.JPEG,shovel,21,68,140,0,0,1
1743861613721,HUAWEI NEN-LX1,TFLite,efficientnet_lite0_int8,shovel.JPEG,desktop computer,65,10,79,349,0,0
1743861613722,HUAWEI NEN-LX1,PyTorch,mobilenet_v2,shovel.JPEG,shovel,5,58,587,0,0,1
1743861615232,HUAWEI NEN-LX1,TFLite,efficientnet_lite0,shower_cap.JPEG,shower cap,76,26,144,0,0,1
1743861615233,HUAWEI NEN-LX1,TFLite,efficientnet_lite0_int8,shower_cap.JPEG,flatworm,67,06,79,349,0,0
1743861615233,HUAWEI NEN-LX1,PyTorch,mobilenet_v2,shower_cap.JPEG,plastic bag,3,44,588,0,0,5
1743861616689,HUAWEI NEN-LX1,TFLite,efficientnet_lite0,shower_curtain.JPEG,shower curtain,90,82,146,0,0,1
1743861616689,HUAWEI NEN-LX1,TFLite,efficientnet_lite0_int8,shower_curtain.JPEG,Unknown,54,51,79,349,0,0
1743861616689,HUAWEI NEN-LX1,PyTorch,mobilenet_v2,shower_curtain.JPEG,bathtub,2,61,528,0,0,2
1743861618115,HUAWEI NEN-LX1,TFLite,efficientnet_lite0,siamang.JPEG,siamang,98,37,133,0,0,1
1743861618115,HUAWEI NEN-LX1,TFLite,efficientnet_lite0_int8,siamang.JPEG,baboon,52,94,79,365,0,0
1743861618115,HUAWEI NEN-LX1,PyTorch,mobilenet_v2,siamang.JPEG,siamang,36,52,528,2620,0,1
1743861619145,HUAWEI NEN-LX1,TFLite,efficientnet_lite0,sidewinder.JPEG,sidewinder,37,27,133,0,0,1
1743861619145,HUAWEI NEN-LX1,TFLite,efficientnet_lite0_int8,sidewinder.JPEG,black and gold garden spider,89,41,80,365,0,0
1743861619146,HUAWEI NEN-LX1,PyTorch,mobilenet_v2,sidewinder.JPEG,diamondback,43,63,155,328,0,2
1743861620659,HUAWEI NEN-LX1,TFLite,efficientnet_lite0,silky_terrier.JPEG,silky terrier,90,06,141,0,0,1
1743861620659,HUAWEI NEN-LX1,TFLite,efficientnet_lite0_int8,silky_terrier.JPEG,Lhasa,52,55,79,365,0,0
1743861620659,HUAWEI NEN-LX1,PyTorch,mobilenet_v2,silky_terrier.JPEG,silky terrier,3,35,595,2936,0,1
1743861622209,HUAWEI NEN-LX1,TFLite,efficientnet_lite0,ski.JPEG,ski,89,11,136,2620,0,0
1743861622210,HUAWEI NEN-LX1,TFLite,efficientnet_lite0_int8,ski.JPEG,quilt,51,76,81,349,0,0
1743861622210,HUAWEI NEN-LX1,PyTorch,mobilenet_v2,ski.JPEG,ski,1,86,565,0,0,0
1743861623729,HUAWEI NEN-LX1,TFLite,efficientnet_lite0,ski_mask.JPEG,wool,28,12,130,0,0,0
1743861623730,HUAWEI NEN-LX1,TFLite,efficientnet_lite0_int8,ski_mask.JPEG,slot,90,59,79,349,0,0
1743861623730,HUAWEI NEN-LX1,PyTorch,mobilenet_v2,ski_mask.JPEG,mitten,0,73,595,0,0,0
1743861625188,HUAWEI NEN-LX1,TFLite,efficientnet_lite0,skunk.JPEG,skunk,21,73,130,2588,0,1
1743861625189,HUAWEI NEN-LX1,TFLite,efficientnet_lite0_int8,skunk.JPEG,meerkat,76,08,79,349,0,5
1743861625189,HUAWEI NEN-LX1,PyTorch,mobilenet_v2,skunk.JPEG,skunk,0,65,524,0,0,1
1743861626752,HUAWEI NEN-LX1,TFLite,efficientnet_lite0,sleeping_bag.JPEG,sleeping bag,85,81,130,2604,0,1
1743861626753,HUAWEI NEN-LX1,TFLite,efficientnet_lite0_int8,sleeping_bag.JPEG,muzzle,56,86,93,0,0,0
1743861626753,HUAWEI NEN-LX1,PyTorch,mobilenet_v2,sleeping_bag.JPEG,sleeping bag,4,56,598,2952,0,1
1743861627920,HUAWEI NEN-LX1,TFLite,efficientnet_lite0,slide_rule.JPEG,slide rule,96,76,131,0,0,2
1743861627921,HUAWEI NEN-LX1,TFLite,efficientnet_lite0_int8,slide_rule.JPEG,saltshaker,50,59,82,349,0,0
1743861627921,HUAWEI NEN-LX1,PyTorch,mobilenet_v2,slide_rule.JPEG,slide rule,71,81,246,0,0,2
1743861629435,HUAWEI NEN-LX1,TFLite,efficientnet_lite0,sliding_door.JPEG,sliding door,37,57,133,2588,0,1
1743861629435,HUAWEI NEN-LX1,TFLite,efficientnet_lite0_int8,sliding_door.JPEG,pencil sharpener,64,71,79,365,0,0
1743861629435,HUAWEI NEN-LX1,PyTorch,mobilenet_v2,sliding_door.JPEG,sliding door,1,88,588,0,0,1
1743861630965,HUAWEI NEN-LX1,TFLite,efficientnet_lite0,slot.JPEG,slot,70,86,131,0,0,0
1743861630966,HUAWEI NEN-LX1,TFLite,efficientnet_lite0_int8,slot.JPEG,seat belt,74,12,79,365,0,0
1743861630966,HUAWEI NEN-LX1,PyTorch,mobilenet_v2,slot.JPEG,slot,2,32,626,2972,0,0
1743861632684,HUAWEI NEN-LX1,TFLite,efficientnet_lite0,sloth_bear.JPEG,sloth bear,96,98,133,0,0,1
1743861632685,HUAWEI NEN-LX1,TFLite,efficientnet_lite0_int8,sloth_bear.JPEG,macaque,52,55,79,365,0,0
1743861632685,HUAWEI NEN-LX1,PyTorch,mobilenet_v2,sloth_bear.JPEG,sloth bear,2,25,789,0,0,1
1743861634233,HUAWEI NEN-LX1,TFLite,efficientnet_lite0,slug.JPEG,slug,96,90,130,2588,0,1
1743861634234,HUAWEI NEN-LX1,TFLite,efficientnet_lite0_int8,slug.JPEG,chambered nautilus,50,59,79,365,0,0
1743861634234,HUAWEI NEN-LX1,PyTorch,mobilenet_v2,slug.JPEG,slug,34,04,611,3052,0,1
1743861635997,HUAWEI NEN-LX1,TFLite,efficientnet_lite0,snail.JPEG,snail,70,00,138,2620,0,1
1743861635998,HUAWEI NEN-LX1,TFLite,efficientnet_lite0_int8,snail.JPEG,chiton,50,98,79,365,0,0
1743861635998,HUAWEI NEN-LX1,PyTorch,mobilenet_v2,snail.JPEG,snail,1,42,759,0,0,1
1743861637575,HUAWEI NEN-LX1,TFLite,efficientnet_lite0,snorkel.JPEG,snorkel,46,94,131,2604,0,1
1743861637575,HUAWEI NEN-LX1,TFLite,efficientnet_lite0_int8,snorkel.JPEG,golf ball,76,08,82,349,0,0
1743861637576,HUAWEI NEN-LX1,PyTorch,mobilenet_v2,snorkel.JPEG,feather boa,0,59,609,2936,0,2
1743861639093,HUAWEI NEN-LX1,TFLite,efficientnet_lite0,snow_leopard.JPEG,snow leopard,81,54,136,0,0,2
1743861639094,HUAWEI NEN-LX1,TFLite,efficientnet_lite0_int8,snow_leopard.JPEG,tiger,58,04,83,349,0,0
1743861639094,HUAWEI NEN-LX1,PyTorch,mobilenet_v2,snow_leopard.JPEG,snow leopard,1,01,554,2700,0,3
1743861640638,HUAWEI NEN-LX1,TFLite,efficientnet_lite0,snowmobile.JPEG,snowmobile,96,52,138,0,0,1
1743861640638,HUAWEI NEN-LX1,TFLite,efficientnet_lite0_int8,snowmobile.JPEG,bookshop,50,98,84,349,0,0
1743861640639,HUAWEI NEN-LX1,PyTorch,mobilenet_v2,snowmobile.JPEG,snowmobile,4,51,599,2936,0,1
1743861642338,HUAWEI NEN-LX1,TFLite,efficientnet_lite0,snowplow.JPEG,snowplow,95,30,135,0,0,0
1743861642338,HUAWEI NEN-LX1,TFLite,efficientnet_lite0_int8,snowplow.JPEG,tench,50,20,80,365,0,0
1743861642339,HUAWEI NEN-LX1,PyTorch,mobilenet_v2,snowplow.JPEG,snowplow,1,76,779,3756,0,0
1743861643351,HUAWEI NEN-LX1,TFLite,efficientnet_lite0,soap_dispenser.JPEG,soap dispenser,87,85,136,0,0,1
1743861643352,HUAWEI NEN-LX1,TFLite,efficientnet_lite0_int8,soap_dispenser.JPEG,water tower,60,00,80,365,0,0
1743861643352,HUAWEI NEN-LX1,PyTorch,mobilenet_v2,soap_dispenser.JPEG,soap dispenser,93,77,144,208,0,1
1743861645204,HUAWEI NEN-LX1,TFLite,efficientnet_lite0,soccer_ball.JPEG,soccer ball,90,02,140,0,0,1
1743861645204,HUAWEI NEN-LX1,TFLite,efficientnet_lite0_int8,soccer_ball.JPEG,Saint Bernard,54,51,83,365,0,0
1743861645205,HUAWEI NEN-LX1,PyTorch,mobilenet_v2,soccer_ball.JPEG,soccer ball,2,18,878,2197,0,1
1743861646748,HUAWEI NEN-LX1,TFLite,efficientnet_lite0,sock.JPEG,sock,99,26,132,2588,0,1
1743861646748,HUAWEI NEN-LX1,TFLite,efficientnet_lite0_int8,sock.JPEG,tench,50,20,79,365,0,0
1743861646748,HUAWEI NEN-LX1,PyTorch,mobilenet_v2,sock.JPEG,sock,3,46,599,2936,0,1
1743861648775,HUAWEI NEN-LX1,TFLite,efficientnet_lite0,soft-coated_wheaten_terrier.JPEG,soft-coated wheaten terrier,78,40,138,0,0,0
1743861648776,HUAWEI NEN-LX1,TFLite,efficientnet_lite0_int8,soft-coated_wheaten_terrier.JPEG,Australian terrier,53,33,80,349,0,0
1743861648776,HUAWEI NEN-LX1,PyTorch,mobilenet_v2,soft-coated_wheaten_terrier.JPEG,soft-coated wheaten terrier,1,07,1048,0,0,0
1743861650244,HUAWEI NEN-LX1,TFLite,efficientnet_lite0,solar_dish.JPEG,solar dish,42,08,130,2588,0,1
1743861650245,HUAWEI NEN-LX1,TFLite,efficientnet_lite0_int8,solar_dish.JPEG,space heater,79,22,79,349,0,0
1743861650245,HUAWEI NEN-LX1,PyTorch,mobilenet_v2,solar_dish.JPEG,solar dish,1,98,520,2604,0,1
1743861651747,HUAWEI NEN-LX1,TFLite,efficientnet_lite0,sombrero.JPEG,cowboy hat,91,58,137,0,0,2
1743861651748,HUAWEI NEN-LX1,TFLite,efficientnet_lite0_int8,sombrero.JPEG,space shuttle,56,08,79,365,0,0
1743861651748,HUAWEI NEN-LX1,PyTorch,mobilenet_v2,sombrero.JPEG,cowboy hat,1,21,583,2936,0,2
1743861653332,HUAWEI NEN-LX1,TFLite,efficientnet_lite0,sorrel.JPEG,sorrel,73,49,137,2604,0,1
1743861653333,HUAWEI NEN-LX1,TFLite,efficientnet_lite0_int8,sorrel.JPEG,hartebeest,61,57,79,349,0,0
1743861653333,HUAWEI NEN-LX1,PyTorch,mobilenet_v2,sorrel.JPEG,sorrel,2,60,587,0,0,1
1743861654856,HUAWEI NEN-LX1,TFLite,efficientnet_lite0,soup_bowl.JPEG,soup bowl,72,80,131,2588,0,0
1743861654857,HUAWEI NEN-LX1,TFLite,efficientnet_lite0_int8,soup_bowl.JPEG,ice lolly,56,47,92,0,0,0
1743861654857,HUAWEI NEN-LX1,PyTorch,mobilenet_v2,soup_bowl.JPEG,soup bowl,1,29,580,2952,0,0
1743861656210,HUAWEI NEN-LX1,TFLite,efficientnet_lite0,space_bar.JPEG,space bar,81,66,131,0,0,1
1743861656210,HUAWEI NEN-LX1,TFLite,efficientnet_lite0_int8,space_bar.JPEG,vacuum,84,31,79,365,0,0
1743861656211,HUAWEI NEN-LX1,PyTorch,mobilenet_v2,space_bar.JPEG,typewriter keyboard,2,34,447,0,0,2
1743861657455,HUAWEI NEN-LX1,TFLite,efficientnet_lite0,space_heater.JPEG,space heater,30,38,130,2588,0,1
1743861657455,HUAWEI NEN-LX1,TFLite,efficientnet_lite0_int8,space_heater.JPEG,tank,62,75,79,365,0,0
1743861657456,HUAWEI NEN-LX1,PyTorch,mobilenet_v2,space_heater.JPEG,space heater,13,82,344,1408,0,1
1743861658932,HUAWEI NEN-LX1,TFLite,efficientnet_lite0,space_shuttle.JPEG,space shuttle,76,17,136,2604,0,1
1743861658932,HUAWEI NEN-LX1,TFLite,efficientnet_lite0_int8,space_shuttle.JPEG,spindle,91,37,79,349,0,0
1743861658933,HUAWEI NEN-LX1,PyTorch,mobilenet_v2,space_shuttle.JPEG,space shuttle,2,38,536,0,0,1
1743861659996,HUAWEI NEN-LX1,TFLite,efficientnet_lite0,spaghetti_squash.JPEG,spaghetti squash,94,25,132,2588,0,1
1743861659997,HUAWEI NEN-LX1,TFLite,efficientnet_lite0_int8,spaghetti_squash.JPEG,racer,56,08,79,349,0,0
1743861659997,HUAWEI NEN-LX1,PyTorch,mobilenet_v2,spaghetti_squash.JPEG,spaghetti squash,95,06,179,444,0,1
1743861661447,HUAWEI NEN-LX1,TFLite,efficientnet_lite0,spatula.JPEG,soup bowl,63,09,139,0,0,0
1743861661447,HUAWEI NEN-LX1,TFLite,efficientnet_lite0_int8,spatula.JPEG,yawl,69,80,79,365,0,0
1743861661447,HUAWEI NEN-LX1,PyTorch,mobilenet_v2,spatula.JPEG,soup bowl,4,26,535,2604,0,0
1743861663036,HUAWEI NEN-LX1,TFLite,efficientnet_lite0,speedboat.JPEG,speedboat,97,22,135,0,0,1
1743861663037,HUAWEI NEN-LX1,TFLite,efficientnet_lite0_int8,speedboat.JPEG,lipstick,51,37,79,365,0,0
1743861663037,HUAWEI NEN-LX1,PyTorch,mobilenet_v2,speedboat.JPEG,speedboat,9,92,645,2704,0,1
1743861664553,HUAWEI NEN-LX1,TFLite,efficientnet_lite0,spider_monkey.JPEG,spider monkey,80,43,137,2620,0,1
1743861664554,HUAWEI NEN-LX1,TFLite,efficientnet_lite0_int8,spider_monkey.JPEG,macaque,53,73,83,349,0,0
1743861664554,HUAWEI NEN-LX1,PyTorch,mobilenet_v2,spider_monkey.JPEG,spider monkey,3,63,550,0,0,1
1743861666013,HUAWEI NEN-LX1,TFLite,efficientnet_lite0,spider_web.JPEG,garden spider,26,01,134,2588,0,3
1743861666013,HUAWEI NEN-LX1,TFLite,efficientnet_lite0_int8,spider_web.JPEG,tick,77,25,79,349,0,0
1743861666013,HUAWEI NEN-LX1,PyTorch,mobilenet_v2,spider_web.JPEG,garden spider,1,11,528,0,0,3
1743861667529,HUAWEI NEN-LX1,TFLite,efficientnet_lite0,spindle.JPEG,spindle,97,54,131,2604,0,1
1743861667530,HUAWEI NEN-LX1,TFLite,efficientnet_lite0_int8,spindle.JPEG,lens cap,50,98,85,0,0,0
1743861667530,HUAWEI NEN-LX1,PyTorch,mobilenet_v2,spindle.JPEG,spindle,13,20,585,2936,0,1
1743861669112,HUAWEI NEN-LX1,TFLite,efficientnet_lite0,spiny_lobster.JPEG,spiny lobster,97,72,139,85,0,1
1743861669113,HUAWEI NEN-LX1,TFLite,efficientnet_lite0_int8,spiny_lobster.JPEG,academic gown,52,55,79,365,0,0
1743861669113,HUAWEI NEN-LX1,PyTorch,mobilenet_v2,spiny_lobster.JPEG,spiny lobster,2,81,604,2936,0,1
1743861670700,HUAWEI NEN-LX1,TFLite,efficientnet_lite0,spoonbill.JPEG,spoonbill,99,19,137,0,0,1
1743861670701,HUAWEI NEN-LX1,TFLite,efficientnet_lite0_int8,spoonbill.JPEG,tench,50,20,83,349,0,0
1743861670701,HUAWEI NEN-LX1,PyTorch,mobilenet_v2,spoonbill.JPEG,spoonbill,1,35,619,0,0,1
1743861672168,HUAWEI NEN-LX1,TFLite,efficientnet_lite0,sports_car.JPEG,sports car,71,20,129,2588,0,1
1743861672169,HUAWEI NEN-LX1,TFLite,efficientnet_lite0_int8,sports_car.JPEG,cowboy hat,64,31,79,349,0,0
1743861672169,HUAWEI NEN-LX1,PyTorch,mobilenet_v2,sports_car.JPEG,sports car,1,72,546,0,0,1
1743861673364,HUAWEI NEN-LX1,TFLite,efficientnet_lite0,spotlight.JPEG,spotlight,91,08,130,2604,0,0
1743861673364,HUAWEI NEN-LX1,TFLite,efficientnet_lite0_int8,spotlight.JPEG,restaurant,56,86,94,0,0,0
1743861673364,HUAWEI NEN-LX1,PyTorch,mobilenet_v2,spotlight.JPEG,spotlight,8,05,291,1224,0,0
1743861674943,HUAWEI NEN-LX1,TFLite,efficientnet_lite0,spotted_salamander.JPEG,spotted salamander,93,49,132,0,0,1
1743861674943,HUAWEI NEN-LX1,TFLite,efficientnet_lite0_int8,spotted_salamander.JPEG,axolotl,55,29,79,365,0,0
1743861674943,HUAWEI NEN-LX1,PyTorch,mobilenet_v2,spotted_salamander.JPEG,spotted salamander,0,99,643,686,0,1
1743861676475,HUAWEI NEN-LX1,TFLite,efficientnet_lite0,squirrel_monkey.JPEG,squirrel monkey,81,23,132,2588,0,1
1743861676476,HUAWEI NEN-LX1,TFLite,efficientnet_lite0_int8,squirrel_monkey.JPEG,Indian elephant,55,69,80,365,0,0
1743861676476,HUAWEI NEN-LX1,PyTorch,mobilenet_v2,squirrel_monkey.JPEG,squirrel monkey,1,38,593,0,0,1
1743861677973,HUAWEI NEN-LX1,TFLite,efficientnet_lite0,stage.JPEG,microphone,45,85,131,2588,0,2
1743861677974,HUAWEI NEN-LX1,TFLite,efficientnet_lite0_int8,stage.JPEG,minibus,83,53,103,0,0,0
1743861677974,HUAWEI NEN-LX1,PyTorch,mobilenet_v2,stage.JPEG,microphone,1,40,543,2664,0,2
1743861679223,HUAWEI NEN-LX1,TFLite,efficientnet_lite0,standard_poodle.JPEG,standard poodle,32,48,132,0,0,1
1743861679223,HUAWEI NEN-LX1,TFLite,efficientnet_lite0_int8,standard_poodle.JPEG,timber wolf,97,65,79,365,0,0
1743861679224,HUAWEI NEN-LX1,PyTorch,mobilenet_v2,standard_poodle.JPEG,standard poodle,4,00,302,0,0,1
1743861680667,HUAWEI NEN-LX1,TFLite,efficientnet_lite0,standard_schnauzer.JPEG,standard schnauzer,91,98,139,0,0,1
1743861680667,HUAWEI NEN-LX1,TFLite,efficientnet_lite0_int8,standard_schnauzer.JPEG,Tibetan terrier,52,94,80,365,0,0
1743861680668,HUAWEI NEN-LX1,PyTorch,mobilenet_v2,standard_schnauzer.JPEG,standard schnauzer,1,19,519,2604,0,1
1743861682205,HUAWEI NEN-LX1,TFLite,efficientnet_lite0,starfish.JPEG,starfish,90,89,139,2620,0,1
1743861682205,HUAWEI NEN-LX1,TFLite,efficientnet_lite0_int8,starfish.JPEG,laptop,50,98,80,349,0,0
1743861682206,HUAWEI NEN-LX1,PyTorch,mobilenet_v2,starfish.JPEG,starfish,5,00,588,0,0,1
1743861683720,HUAWEI NEN-LX1,TFLite,efficientnet_lite0,steam_locomotive.JPEG,passenger car,47,19,131,2620,0,2
1743861683721,HUAWEI NEN-LX1,TFLite,efficientnet_lite0_int8,steam_locomotive.JPEG,stole,78,04,79,349,0,0
1743861683721,HUAWEI NEN-LX1,PyTorch,mobilenet_v2,steam_locomotive.JPEG,steam locomotive,2,90,586,0,0,1
1743861685128,HUAWEI NEN-LX1,TFLite,efficientnet_lite0,steel_arch_bridge.JPEG,steel arch bridge,54,09,132,2588,0,0
1743861685129,HUAWEI NEN-LX1,TFLite,efficientnet_lite0_int8,steel_arch_bridge.JPEG,ping-pong ball,70,59,83,0,0,0
1743861685129,HUAWEI NEN-LX1,PyTorch,mobilenet_v2,steel_arch_bridge.JPEG,steel arch bridge,5,50,502,2448,0,0
1743861686675,HUAWEI NEN-LX1,TFLite,efficientnet_lite0,steel_drum.JPEG,steel drum,95,35,132,0,0,0
1743861686676,HUAWEI NEN-LX1,TFLite,efficientnet_lite0_int8,steel_drum.JPEG,bassinet,69,80,80,365,0,0
1743861686676,HUAWEI NEN-LX1,PyTorch,mobilenet_v2,steel_drum.JPEG,steel drum,4,70,637,0,0,0
1743861688120,HUAWEI NEN-LX1,TFLite,efficientnet_lite0,stethoscope.JPEG,stethoscope,86,08,128,2588,0,1
1743861688120,HUAWEI NEN-LX1,TFLite,efficientnet_lite0_int8,stethoscope.JPEG,stretcher,52,55,79,349,0,0
1743861688121,HUAWEI NEN-LX1,PyTorch,mobilenet_v2,stethoscope.JPEG,stethoscope,5,39,524,0,0,1
1743861689688,HUAWEI NEN-LX1,TFLite,efficientnet_lite0,stingray.JPEG,stingray,64,23,132,2588,0,1
1743861689688,HUAWEI NEN-LX1,TFLite,efficientnet_lite0_int8,stingray.JPEG,ostrich,98,82,111,0,0,0
1743861689690,HUAWEI NEN-LX1,PyTorch,mobilenet_v2,stingray.JPEG,electric ray,3,03,591,2952,0,2
1743861691376,HUAWEI NEN-LX1,TFLite,efficientnet_lite0,stinkhorn.JPEG,stinkhorn,92,20,131,0,0,1
1743861691376,HUAWEI NEN-LX1,TFLite,efficientnet_lite0_int8,stinkhorn.JPEG,Unknown,50,59,79,349,0,0
1743861691377,HUAWEI NEN-LX1,PyTorch,mobilenet_v2,stinkhorn.JPEG,stinkhorn,1,86,742,268,0,1
1743861692824,HUAWEI NEN-LX1,TFLite,efficientnet_lite0,stole.JPEG,dishrag,16,68,130,2588,0,2
1743861692825,HUAWEI NEN-LX1,TFLite,efficientnet_lite0_int8,stole.JPEG,dogsled,76,86,79,365,0,0
1743861692825,HUAWEI NEN-LX1,PyTorch,mobilenet_v2,stole.JPEG,sleeping bag,1,28,524,2604,0,3
1743861694403,HUAWEI NEN-LX1,TFLite,efficientnet_lite0,stone_wall.JPEG,stone wall,41,22,137,2620,0,1
1743861694403,HUAWEI NEN-LX1,TFLite,efficientnet_lite0_int8,stone_wall.JPEG,promontory,64,31,80,365,0,0
1743861694404,HUAWEI NEN-LX1,PyTorch,mobilenet_v2,stone_wall.JPEG,stone wall,1,17,606,2988,0,1
1743861695586,HUAWEI NEN-LX1,TFLite,efficientnet_lite0,stopwatch.JPEG,barometer,55,17,134,0,0,2
1743861695586,HUAWEI NEN-LX1,TFLite,efficientnet_lite0_int8,stopwatch.JPEG,basketball,92,55,80,349,0,0
1743861695586,HUAWEI NEN-LX1,PyTorch,mobilenet_v2,stopwatch.JPEG,stopwatch,5,27,294,1056,0,1
1743861696943,HUAWEI NEN-LX1,TFLite,efficientnet_lite0,stove.JPEG,stove,86,38,133,2604,0,1
1743861696943,HUAWEI NEN-LX1,TFLite,efficientnet_lite0_int8,stove.JPEG,football helmet,53,33,79,349,0,0
1743861696943,HUAWEI NEN-LX1,PyTorch,mobilenet_v2,stove.JPEG,stove,2,96,448,0,0,1
1743861698638,HUAWEI NEN-LX1,TFLite,efficientnet_lite0,strainer.JPEG,strainer,91,55,132,2604,0,1
1743861698639,HUAWEI NEN-LX1,TFLite,efficientnet_lite0_int8,strainer.JPEG,Windsor tie,54,90,79,349,0,0
1743861698639,HUAWEI NEN-LX1,PyTorch,mobilenet_v2,strainer.JPEG,strainer,2,14,752,0,0,1
1743861700498,HUAWEI NEN-LX1,TFLite,efficientnet_lite0,strawberry.JPEG,strawberry,81,89,132,2588,0,1
1743861700498,HUAWEI NEN-LX1,TFLite,efficientnet_lite0_int8,strawberry.JPEG,pineapple,90,98,79,349,0,0
1743861700498,HUAWEI NEN-LX1,PyTorch,mobilenet_v2,strawberry.JPEG,strawberry,0,62,899,121,0,1
1743861701978,HUAWEI NEN-LX1,TFLite,efficientnet_lite0,street_sign.JPEG,street sign,96,78,136,0,0,1
1743861701979,HUAWEI NEN-LX1,TFLite,efficientnet_lite0_int8,street_sign.JPEG,seat belt,52,55,80,365,0,0
1743861701980,HUAWEI NEN-LX1,PyTorch,mobilenet_v2,street_sign.JPEG,street sign,4,42,563,2764,0,1
1743861703544,HUAWEI NEN-LX1,TFLite,efficientnet_lite0,streetcar.JPEG,streetcar,82,45,136,0,0,1
1743861703545,HUAWEI NEN-LX1,TFLite,efficientnet_lite0_int8,streetcar.JPEG,typewriter keyboard,70,20,80,349,0,0
1743861703545,HUAWEI NEN-LX1,PyTorch,mobilenet_v2,streetcar.JPEG,streetcar,2,73,614,0,0,1
1743861705487,HUAWEI NEN-LX1,TFLite,efficientnet_lite0,stretcher.JPEG,stretcher,88,04,132,2588,0,1
1743861705487,HUAWEI NEN-LX1,TFLite,efficientnet_lite0_int8,stretcher.JPEG,china cabinet,70,20,79,365,0,0
1743861705488,HUAWEI NEN-LX1,PyTorch,mobilenet_v2,stretcher.JPEG,stretcher,1,79,984,1017,0,1
1743861707017,HUAWEI NEN-LX1,TFLite,efficientnet_lite0,studio_couch.JPEG,studio couch,61,97,133,0,0,1
1743861707018,HUAWEI NEN-LX1,TFLite,efficientnet_lite0_int8,studio_couch.JPEG,fur coat,53,33,83,365,0,0
1743861707018,HUAWEI NEN-LX1,PyTorch,mobilenet_v2,studio_couch.JPEG,dining table,1,47,591,2936,0,5
1743861708588,HUAWEI NEN-LX1,TFLite,efficientnet_lite0,stupa.JPEG,stupa,93,41,137,2604,0,1
1743861708588,HUAWEI NEN-LX1,TFLite,efficientnet_lite0_int8,stupa.JPEG,drumstick,52,94,84,0,0,0
1743861708589,HUAWEI NEN-LX1,PyTorch,mobilenet_v2,stupa.JPEG,stupa,3,38,601,2936,0,1
1743861709932,HUAWEI NEN-LX1,TFLite,efficientnet_lite0,sturgeon.JPEG,sturgeon,55,60,131,0,0,1
1743861709932,HUAWEI NEN-LX1,TFLite,efficientnet_lite0_int8,sturgeon.JPEG,valley,66,27,79,349,0,0
1743861709932,HUAWEI NEN-LX1,PyTorch,mobilenet_v2,sturgeon.JPEG,sturgeon,4,31,430,0,0,1
1743861712092,HUAWEI NEN-LX1,TFLite,efficientnet_lite0,submarine.JPEG,submarine,45,24,133,2588,0,1
1743861712093,HUAWEI NEN-LX1,TFLite,efficientnet_lite0_int8,submarine.JPEG,loudspeaker,90,20,79,349,0,0
1743861712093,HUAWEI NEN-LX1,PyTorch,mobilenet_v2,submarine.JPEG,submarine,0,93,1176,4,0,1
1743861713274,HUAWEI NEN-LX1,TFLite,efficientnet_lite0,suit.JPEG,Windsor tie,54,04,131,2588,0,2
1743861713275,HUAWEI NEN-LX1,TFLite,efficientnet_lite0_int8,suit.JPEG,sunscreen,74,90,79,365,0,0
1743861713275,HUAWEI NEN-LX1,PyTorch,mobilenet_v2,suit.JPEG,Windsor tie,36,57,263,984,0,2
1743861714758,HUAWEI NEN-LX1,TFLite,efficientnet_lite0,sulphur-crested_cockatoo.JPEG,sulphur-crested cockatoo,84,78,131,2604,0,0
1743861714759,HUAWEI NEN-LX1,TFLite,efficientnet_lite0_int8,sulphur-crested_cockatoo.JPEG,platypus,51,37,79,349,0,0
1743861714759,HUAWEI NEN-LX1,PyTorch,mobilenet_v2,sulphur-crested_cockatoo.JPEG,sulphur-crested cockatoo,1,90,552,0,0,0
1743861716205,HUAWEI NEN-LX1,TFLite,efficientnet_lite0,sulphur_butterfly.JPEG,sulphur butterfly,55,31,131,2588,0,0
1743861716206,HUAWEI NEN-LX1,TFLite,efficientnet_lite0_int8,sulphur_butterfly.JPEG,acorn,57,25,79,349,0,0
1743861716206,HUAWEI NEN-LX1,PyTorch,mobilenet_v2,sulphur_butterfly.JPEG,sulphur butterfly,1,21,530,0,0,0
1743861717665,HUAWEI NEN-LX1,TFLite,efficientnet_lite0,sundial.JPEG,rule,70,92,131,2588,0,2
1743861717665,HUAWEI NEN-LX1,TFLite,efficientnet_lite0_int8,sundial.JPEG,suspension bridge,60,00,79,349,0,0
1743861717665,HUAWEI NEN-LX1,PyTorch,mobilenet_v2,sundial.JPEG,sundial,1,80,521,0,0,1
1743861719457,HUAWEI NEN-LX1,TFLite,efficientnet_lite0,sunglass.JPEG,sunglass,30,45,133,2588,0,1
1743861719458,HUAWEI NEN-LX1,TFLite,efficientnet_lite0_int8,sunglass.JPEG,swab,91,37,89,0,0,0
1743861719458,HUAWEI NEN-LX1,PyTorch,mobilenet_v2,sunglass.JPEG,sunglass,1,60,854,3515,0,1
1743861720970,HUAWEI NEN-LX1,TFLite,efficientnet_lite0,sunglasses.JPEG,sandal,30,78,147,0,0,0
1743861720971,HUAWEI NEN-LX1,TFLite,efficientnet_lite0_int8,sunglasses.JPEG,scale,85,49,84,0,0,0
1743861720971,HUAWEI NEN-LX1,PyTorch,mobilenet_v2,sunglasses.JPEG,running shoe,2,23,588,2936,0,0
1743861722499,HUAWEI NEN-LX1,TFLite,efficientnet_lite0,sunscreen.JPEG,sunscreen,40,52,144,0,0,0
1743861722500,HUAWEI NEN-LX1,TFLite,efficientnet_lite0_int8,sunscreen.JPEG,swimming trunks,82,35,80,349,0,0
1743861722500,HUAWEI NEN-LX1,PyTorch,mobilenet_v2,sunscreen.JPEG,oil filter,0,69,596,0,0,0
1743861724027,HUAWEI NEN-LX1,TFLite,efficientnet_lite0,suspension_bridge.JPEG,suspension bridge,83,67,137,0,0,1
1743861724028,HUAWEI NEN-LX1,TFLite,efficientnet_lite0_int8,suspension_bridge.JPEG,swing,84,71,80,349,0,0
1743861724028,HUAWEI NEN-LX1,PyTorch,mobilenet_v2,suspension_bridge.JPEG,swing,0,53,584,0,0,5
1743861725435,HUAWEI NEN-LX1,TFLite,efficientnet_lite0,swab.JPEG,shovel,18,60,173,0,0,4
1743861725436,HUAWEI NEN-LX1,TFLite,efficientnet_lite0_int8,swab.JPEG,ski mask,71,76,80,365,0,0
1743861725436,HUAWEI NEN-LX1,PyTorch,mobilenet_v2,swab.JPEG,face powder,0,95,452,0,0,0
1743861726538,HUAWEI NEN-LX1,TFLite,efficientnet_lite0,sweatshirt.JPEG,gasmask,10,60,135,0,0,4
1743861726538,HUAWEI NEN-LX1,TFLite,efficientnet_lite0_int8,sweatshirt.JPEG,strainer,67,45,83,365,0,0
1743861726538,HUAWEI NEN-LX1,PyTorch,mobilenet_v2,sweatshirt.JPEG,theater curtain,2,50,206,680,0,0
1743861728011,HUAWEI NEN-LX1,TFLite,efficientnet_lite0,swimming_trunks.JPEG,swimming trunks,47,88,140,0,0,1
1743861728012,HUAWEI NEN-LX1,TFLite,efficientnet_lite0_int8,swimming_trunks.JPEG,table lamp,59,61,83,349,0,0
1743861728012,HUAWEI NEN-LX1,PyTorch,mobilenet_v2,swimming_trunks.JPEG,sandbar,2,34,496,0,0,2
1743861729887,HUAWEI NEN-LX1,TFLite,efficientnet_lite0,swing.JPEG,swing,99,58,132,2588,0,1
1743861729888,HUAWEI NEN-LX1,TFLite,efficientnet_lite0_int8,swing.JPEG,tench,50,20,79,365,0,0
1743861729888,HUAWEI NEN-LX1,PyTorch,mobilenet_v2,swing.JPEG,swing,3,02,930,705,0,1
1743861731362,HUAWEI NEN-LX1,TFLite,efficientnet_lite0,switch.JPEG,switch,43,09,134,0,0,1
1743861731362,HUAWEI NEN-LX1,TFLite,efficientnet_lite0_int8,switch.JPEG,tape player,88,24,79,365,0,0
1743861731363,HUAWEI NEN-LX1,PyTorch,mobilenet_v2,switch.JPEG,hook,0,59,573,2840,0,0
1743861732876,HUAWEI NEN-LX1,TFLite,efficientnet_lite0,syringe.JPEG,syringe,99,12,132,0,0,1
1743861732877,HUAWEI NEN-LX1,TFLite,efficientnet_lite0_int8,syringe.JPEG,paper towel,52,55,80,365,0,0
1743861732877,HUAWEI NEN-LX1,PyTorch,mobilenet_v2,syringe.JPEG,syringe,5,88,600,0,0,1
1743861734327,HUAWEI NEN-LX1,TFLite,efficientnet_lite0,tabby.JPEG,Egyptian cat,80,47,130,2588,0,3
1743861734328,HUAWEI NEN-LX1,TFLite,efficientnet_lite0_int8,tabby.JPEG,Egyptian cat,68,24,79,365,0,0
1743861734328,HUAWEI NEN-LX1,PyTorch,mobilenet_v2,tabby.JPEG,Egyptian cat,1,68,522,0,0,2
1743861735484,HUAWEI NEN-LX1,TFLite,efficientnet_lite0,table_lamp.JPEG,table lamp,92,76,131,2588,0,1
1743861735485,HUAWEI NEN-LX1,TFLite,efficientnet_lite0_int8,table_lamp.JPEG,letter opener,55,69,93,0,0,0
1743861735485,HUAWEI NEN-LX1,PyTorch,mobilenet_v2,table_lamp.JPEG,table lamp,55,51,253,1000,0,1
1743861736867,HUAWEI NEN-LX1,TFLite,efficientnet_lite0,tailed_frog.JPEG,tailed frog,94,02,135,53,0,1
1743861736867,HUAWEI NEN-LX1,TFLite,efficientnet_lite0_int8,tailed_frog.JPEG,leatherback turtle,54,51,80,365,0,0
1743861736867,HUAWEI NEN-LX1,PyTorch,mobilenet_v2,tailed_frog.JPEG,tailed frog,4,06,469,0,0,1
1743861738540,HUAWEI NEN-LX1,TFLite,efficientnet_lite0,tank.JPEG,tank,81,54,131,2588,0,1
1743861738541,HUAWEI NEN-LX1,TFLite,efficientnet_lite0_int8,tank.JPEG,hand-held computer,56,86,80,365,0,0
1743861738541,HUAWEI NEN-LX1,PyTorch,mobilenet_v2,tank.JPEG,tank,2,69,732,0,0,1
1743861740101,HUAWEI NEN-LX1,TFLite,efficientnet_lite0,tape_player.JPEG,CD player,39,40,136,0,0,2
1743861740102,HUAWEI NEN-LX1,TFLite,efficientnet_lite0_int8,tape_player.JPEG,tennis ball,88,63,83,365,0,0
1743861740102,HUAWEI NEN-LX1,PyTorch,mobilenet_v2,tape_player.JPEG,tape player,2,43,620,2936,0,1
1743861741655,HUAWEI NEN-LX1,TFLite,efficientnet_lite0,tarantula.JPEG,tarantula,71,15,137,2604,0,1
1743861741655,HUAWEI NEN-LX1,TFLite,efficientnet_lite0_int8,tarantula.JPEG,wolf spider,58,43,79,349,0,0
1743861741656,HUAWEI NEN-LX1,PyTorch,mobilenet_v2,tarantula.JPEG,tarantula,1,38,594,0,0,1
1743861743168,HUAWEI NEN-LX1,TFLite,efficientnet_lite0,teapot.JPEG,teapot,61,65,131,0,0,0
1743861743169,HUAWEI NEN-LX1,TFLite,efficientnet_lite0_int8,teapot.JPEG,plate rack,61,96,79,349,0,0
1743861743169,HUAWEI NEN-LX1,PyTorch,mobilenet_v2,teapot.JPEG,teapot,3,60,581,0,0,0
1743861744701,HUAWEI NEN-LX1,TFLite,efficientnet_lite0,teddy.JPEG,teddy,99,12,132,2588,0,1
1743861744702,HUAWEI NEN-LX1,TFLite,efficientnet_lite0_int8,teddy.JPEG,tench,50,20,79,349,0,0
1743861744702,HUAWEI NEN-LX1,PyTorch,mobilenet_v2,teddy.JPEG,teddy,1,11,590,0,0,1
1743861746359,HUAWEI NEN-LX1,TFLite,efficientnet_lite0,television.JPEG,studio couch,27,42,130,2588,0,0
1743861746360,HUAWEI NEN-LX1,TFLite,efficientnet_lite0_int8,television.JPEG,sundial,73,33,83,0,0,0
1743861746360,HUAWEI NEN-LX1,PyTorch,mobilenet_v2,television.JPEG,studio couch,0,99,730,2256,0,0
1743861747885,HUAWEI NEN-LX1,TFLite,efficientnet_lite0,tench.JPEG,tench,80,48,131,2588,0,1
1743861747886,HUAWEI NEN-LX1,TFLite,efficientnet_lite0_int8,tench.JPEG,anemone fish,52,94,79,349,0,0
1743861747886,HUAWEI NEN-LX1,PyTorch,mobilenet_v2,tench.JPEG,tench,1,57,584,0,0,1
1743861749337,HUAWEI NEN-LX1,TFLite,efficientnet_lite0,tennis_ball.JPEG,Staffordshire bullterrier,28,07,134,0,0,2
1743861749338,HUAWEI NEN-LX1,TFLite,efficientnet_lite0_int8,tennis_ball.JPEG,Kerry blue terrier,74,51,83,365,0,0
1743861749338,HUAWEI NEN-LX1,PyTorch,mobilenet_v2,tennis_ball.JPEG,tennis ball,1,39,525,2604,0,1
1743861751585,HUAWEI NEN-LX1,TFLite,efficientnet_lite0,terrapin.JPEG,terrapin,50,38,135,0,0,1
1743861751586,HUAWEI NEN-LX1,TFLite,efficientnet_lite0_int8,terrapin.JPEG,American chameleon,95,69,80,365,0,0
1743861751586,HUAWEI NEN-LX1,PyTorch,mobilenet_v2,terrapin.JPEG,terrapin,1,58,1283,3254,0,1
1743861753112,HUAWEI NEN-LX1,TFLite,efficientnet_lite0,thatch.JPEG,crate,9,47,131,2588,0,0
1743861753113,HUAWEI NEN-LX1,TFLite,efficientnet_lite0_int8,thatch.JPEG,crutch,60,39,79,349,0,0
1743861753113,HUAWEI NEN-LX1,PyTorch,mobilenet_v2,thatch.JPEG,thatch,0,83,577,2936,0,1
1743861754416,HUAWEI NEN-LX1,TFLite,efficientnet_lite0,theater_curtain.JPEG,theater curtain,87,77,134,0,0,1
1743861754416,HUAWEI NEN-LX1,TFLite,efficientnet_lite0_int8,theater_curtain.JPEG,stethoscope,51,76,79,365,0,0
1743861754417,HUAWEI NEN-LX1,PyTorch,mobilenet_v2,theater_curtain.JPEG,theater curtain,21,81,419,1880,0,1
1743861755872,HUAWEI NEN-LX1,TFLite,efficientnet_lite0,thimble.JPEG,cup,34,81,132,2604,0,3
1743861755872,HUAWEI NEN-LX1,TFLite,efficientnet_lite0_int8,thimble.JPEG,cliff,56,86,83,365,0,0
1743861755872,HUAWEI NEN-LX1,PyTorch,mobilenet_v2,thimble.JPEG,lotion,2,51,496,2464,0,3
1743861756976,HUAWEI NEN-LX1,TFLite,efficientnet_lite0,three-toed_sloth.JPEG,three-toed sloth,86,05,142,0,0,0
1743861756977,HUAWEI NEN-LX1,TFLite,efficientnet_lite0_int8,three-toed_sloth.JPEG,indri,51,76,79,349,0,0
1743861756977,HUAWEI NEN-LX1,PyTorch,mobilenet_v2,three-toed_sloth.JPEG,three-toed sloth,88,60,215,736,0,0
1743861758488,HUAWEI NEN-LX1,TFLite,efficientnet_lite0,thresher.JPEG,thresher,95,72,135,0,0,1
1743861758488,HUAWEI NEN-LX1,TFLite,efficientnet_lite0_int8,thresher.JPEG,honeycomb,50,98,79,365,0,0
1743861758488,HUAWEI NEN-LX1,PyTorch,mobilenet_v2,thresher.JPEG,thresher,2,15,593,0,0,1
1743861759845,HUAWEI NEN-LX1,TFLite,efficientnet_lite0,throne.JPEG,lumbermill,37,11,129,2588,0,0
1743861759845,HUAWEI NEN-LX1,TFLite,efficientnet_lite0_int8,throne.JPEG,maillot,61,18,79,349,0,0
1743861759846,HUAWEI NEN-LX1,PyTorch,mobilenet_v2,throne.JPEG,crate,1,27,447,2200,0,3
1743861761305,HUAWEI NEN-LX1,TFLite,efficientnet_lite0,thunder_snake.JPEG,hognose snake,43,87,136,2604,0,2
1743861761306,HUAWEI NEN-LX1,TFLite,efficientnet_lite0_int8,thunder_snake.JPEG,king snake,74,12,80,349,0,0
1743861761306,HUAWEI NEN-LX1,PyTorch,mobilenet_v2,thunder_snake.JPEG,thunder snake,1,45,531,0,0,1
1743861762763,HUAWEI NEN-LX1,TFLite,efficientnet_lite0,tick.JPEG,tick,24,35,131,2588,0,1
1743861762764,HUAWEI NEN-LX1,TFLite,efficientnet_lite0_int8,tick.JPEG,weevil,68,24,79,349,0,0
1743861762764,HUAWEI NEN-LX1,PyTorch,mobilenet_v2,tick.JPEG,tick,1,16,535,0,0,1
1743861764079,HUAWEI NEN-LX1,TFLite,efficientnet_lite0,tiger.JPEG,tiger,68,88,133,2604,0,0
1743861764080,HUAWEI NEN-LX1,TFLite,efficientnet_lite0_int8,tiger.JPEG,cougar,69,80,97,0,0,0
1743861764080,HUAWEI NEN-LX1,PyTorch,mobilenet_v2,tiger.JPEG,tiger,1,89,406,1744,0,0
1743861765409,HUAWEI NEN-LX1,TFLite,efficientnet_lite0,tiger_beetle.JPEG,tiger beetle,81,32,141,0,0,0
1743861765409,HUAWEI NEN-LX1,TFLite,efficientnet_lite0_int8,tiger_beetle.JPEG,rhinoceros beetle,52,55,79,365,0,0
1743861765409,HUAWEI NEN-LX1,PyTorch,mobilenet_v2,tiger_beetle.JPEG,tiger beetle,3,49,425,0,0,0
1743861766918,HUAWEI NEN-LX1,TFLite,efficientnet_lite0,tiger_cat.JPEG,tabby,21,13,131,2588,0,2
1743861766919,HUAWEI NEN-LX1,TFLite,efficientnet_lite0_int8,tiger_cat.JPEG,American black bear,65,10,79,349,0,0
1743861766919,HUAWEI NEN-LX1,PyTorch,mobilenet_v2,tiger_cat.JPEG,tabby,1,50,584,0,0,2
1743861768318,HUAWEI NEN-LX1,TFLite,efficientnet_lite0,tiger_shark.JPEG,tiger shark,83,49,137,0,0,1
1743861768319,HUAWEI NEN-LX1,TFLite,efficientnet_lite0_int8,tiger_shark.JPEG,stingray,53,33,79,365,0,0
1743861768319,HUAWEI NEN-LX1,PyTorch,mobilenet_v2,tiger_shark.JPEG,tiger shark,3,59,491,2448,0,1
1743861770419,HUAWEI NEN-LX1,TFLite,efficientnet_lite0,tile_roof.JPEG,tile roof,76,60,136,0,0,1
1743861770420,HUAWEI NEN-LX1,TFLite,efficientnet_lite0_int8,tile_roof.JPEG,space heater,54,12,80,349,0,0
1743861770420,HUAWEI NEN-LX1,PyTorch,mobilenet_v2,tile_roof.JPEG,park bench,0,39,1121,1586,0,4
1743861772618,HUAWEI NEN-LX1,TFLite,efficientnet_lite0,timber_wolf.JPEG,timber wolf,64,68,130,2588,0,1
1743861772618,HUAWEI NEN-LX1,TFLite,efficientnet_lite0_int8,timber_wolf.JPEG,African hunting dog,69,02,79,365,0,0
1743861772618,HUAWEI NEN-LX1,PyTorch,mobilenet_v2,timber_wolf.JPEG,timber wolf,0,52,1214,2129,0,1
1743861773700,HUAWEI NEN-LX1,TFLite,efficientnet_lite0,titi.JPEG,titi,40,47,135,0,0,1
1743861773700,HUAWEI NEN-LX1,TFLite,efficientnet_lite0_int8,titi.JPEG,indri,91,76,79,365,0,0
1743861773700,HUAWEI NEN-LX1,PyTorch,mobilenet_v2,titi.JPEG,capuchin,10,28,209,608,0,4
1743861774952,HUAWEI NEN-LX1,TFLite,efficientnet_lite0,toaster.JPEG,toaster,89,20,142,0,0,1
1743861774952,HUAWEI NEN-LX1,TFLite,efficientnet_lite0_int8,toaster.JPEG,quill,60,39,79,365,0,0
1743861774952,HUAWEI NEN-LX1,PyTorch,mobilenet_v2,toaster.JPEG,toaster,23,85,358,1408,0,1
1743861776382,HUAWEI NEN-LX1,TFLite,efficientnet_lite0,tobacco_shop.JPEG,mailbox,32,06,135,0,0,4
1743861776382,HUAWEI NEN-LX1,TFLite,efficientnet_lite0_int8,tobacco_shop.JPEG,maraca,90,59,79,365,0,0
1743861776382,HUAWEI NEN-LX1,PyTorch,mobilenet_v2,tobacco_shop.JPEG,mailbox,0,61,526,2604,0,4
1743861777905,HUAWEI NEN-LX1,TFLite,efficientnet_lite0,toilet_seat.JPEG,toilet seat,90,25,133,0,0,1
1743861777906,HUAWEI NEN-LX1,TFLite,efficientnet_lite0_int8,toilet_seat.JPEG,Unknown,52,94,79,365,0,0
1743861777906,HUAWEI NEN-LX1,PyTorch,mobilenet_v2,toilet_seat.JPEG,toilet seat,1,65,603,0,0,1
1743861779367,HUAWEI NEN-LX1,TFLite,efficientnet_lite0,toilet_tissue.JPEG,toilet tissue,92,41,129,2588,0,1
1743861779368,HUAWEI NEN-LX1,TFLite,efficientnet_lite0_int8,toilet_tissue.JPEG,parking meter,52,94,79,365,0,0
1743861779368,HUAWEI NEN-LX1,PyTorch,mobilenet_v2,toilet_tissue.JPEG,toilet tissue,16,32,523,0,0,1
1743861780799,HUAWEI NEN-LX1,TFLite,efficientnet_lite0,torch.JPEG,torch,84,98,131,2604,0,1
1743861780799,HUAWEI NEN-LX1,TFLite,efficientnet_lite0_int8,torch.JPEG,cardigan,52,55,85,0,0,0
1743861780799,HUAWEI NEN-LX1,PyTorch,mobilenet_v2,torch.JPEG,torch,1,32,524,2604,0,1
1743861782349,HUAWEI NEN-LX1,TFLite,efficientnet_lite0,totem_pole.JPEG,totem pole,95,56,135,0,0,2
1743861782350,HUAWEI NEN-LX1,TFLite,efficientnet_lite0_int8,totem_pole.JPEG,pop bottle,51,76,79,365,0,0
1743861782350,HUAWEI NEN-LX1,PyTorch,mobilenet_v2,totem_pole.JPEG,totem pole,3,01,589,0,0,2
1743861783893,HUAWEI NEN-LX1,TFLite,efficientnet_lite0,toucan.JPEG,toucan,79,77,131,2604,0,1
1743861783894,HUAWEI NEN-LX1,TFLite,efficientnet_lite0_int8,toucan.JPEG,drake,69,41,103,0,0,0
1743861783894,HUAWEI NEN-LX1,PyTorch,mobilenet_v2,toucan.JPEG,hornbill,0,75,601,2952,0,2
1743861785455,HUAWEI NEN-LX1,TFLite,efficientnet_lite0,tow_truck.JPEG,tow truck,30,34,132,0,0,1
1743861785456,HUAWEI NEN-LX1,TFLite,efficientnet_lite0_int8,tow_truck.JPEG,beer bottle,84,31,79,349,0,0
1743861785456,HUAWEI NEN-LX1,PyTorch,mobilenet_v2,tow_truck.JPEG,tow truck,0,60,621,0,0,1
1743861787039,HUAWEI NEN-LX1,TFLite,efficientnet_lite0,toy_poodle.JPEG,miniature poodle,22,92,131,2588,0,2
1743861787040,HUAWEI NEN-LX1,TFLite,efficientnet_lite0_int8,toy_poodle.JPEG,white wolf,96,47,79,365,0,0
1743861787040,HUAWEI NEN-LX1,PyTorch,mobilenet_v2,toy_poodle.JPEG,miniature poodle,0,92,639,0,0,3
1743861788483,HUAWEI NEN-LX1,TFLite,efficientnet_lite0,toy_terrier.JPEG,miniature pinscher,21,90,135,0,0,2
1743861788484,HUAWEI NEN-LX1,TFLite,efficientnet_lite0_int8,toy_terrier.JPEG,Scotch terrier,59,61,80,365,0,0
1743861788484,HUAWEI NEN-LX1,PyTorch,mobilenet_v2,toy_terrier.JPEG,miniature pinscher,0,57,537,2604,0,5
1743861790003,HUAWEI NEN-LX1,TFLite,efficientnet_lite0,toyshop.JPEG,toyshop,76,23,132,0,0,1
1743861790004,HUAWEI NEN-LX1,TFLite,efficientnet_lite0_int8,toyshop.JPEG,cornet,58,82,80,365,0,0
1743861790004,HUAWEI NEN-LX1,PyTorch,mobilenet_v2,toyshop.JPEG,toyshop,1,30,593,23,0,1
1743861792572,HUAWEI NEN-LX1,TFLite,efficientnet_lite0,tractor.JPEG,tractor,83,55,132,2588,0,1
1743861792573,HUAWEI NEN-LX1,TFLite,efficientnet_lite0_int8,tractor.JPEG,honeycomb,54,12,79,365,0,0
1743861792573,HUAWEI NEN-LX1,PyTorch,mobilenet_v2,tractor.JPEG,tractor,0,37,1556,765,0,1
1743861794108,HUAWEI NEN-LX1,TFLite,efficientnet_lite0,traffic_light.JPEG,traffic light,98,54,130,2588,0,1
1743861794109,HUAWEI NEN-LX1,TFLite,efficientnet_lite0_int8,traffic_light.JPEG,plate,50,98,79,365,0,0
1743861794109,HUAWEI NEN-LX1,PyTorch,mobilenet_v2,traffic_light.JPEG,traffic light,11,06,579,2936,0,1
1743861795458,HUAWEI NEN-LX1,TFLite,efficientnet_lite0,trailer_truck.JPEG,trailer truck,64,11,130,2604,0,1
1743861795459,HUAWEI NEN-LX1,TFLite,efficientnet_lite0_int8,trailer_truck.JPEG,necklace,56,47,79,349,0,0
1743861795459,HUAWEI NEN-LX1,PyTorch,mobilenet_v2,trailer_truck.JPEG,trailer truck,4,21,438,0,0,1
1743861797100,HUAWEI NEN-LX1,TFLite,efficientnet_lite0,tray.JPEG,tray,99,39,132,2588,0,1
1743861797100,HUAWEI NEN-LX1,TFLite,efficientnet_lite0_int8,tray.JPEG,tench,50,20,80,365,0,0
1743861797100,HUAWEI NEN-LX1,PyTorch,mobilenet_v2,tray.JPEG,tray,5,20,707,3600,0,1
1743861798820,HUAWEI NEN-LX1,TFLite,efficientnet_lite0,tree_frog.JPEG,tree frog,48,66,137,0,0,1
1743861798820,HUAWEI NEN-LX1,TFLite,efficientnet_lite0_int8,tree_frog.JPEG,terrapin,66,27,79,365,0,0
1743861798821,HUAWEI NEN-LX1,PyTorch,mobilenet_v2,tree_frog.JPEG,tailed frog,1,21,781,3248,0,2
1743861800210,HUAWEI NEN-LX1,TFLite,efficientnet_lite0,trench_coat.JPEG,trench coat,71,21,131,0,0,1
1743861800210,HUAWEI NEN-LX1,TFLite,efficientnet_lite0_int8,trench_coat.JPEG,violin,70,20,86,0,0,0
1743861800210,HUAWEI NEN-LX1,PyTorch,mobilenet_v2,trench_coat.JPEG,trench coat,2,18,450,2092,0,1
1743861801728,HUAWEI NEN-LX1,TFLite,efficientnet_lite0,triceratops.JPEG,triceratops,99,29,139,0,0,1
1743861801729,HUAWEI NEN-LX1,TFLite,efficientnet_lite0_int8,triceratops.JPEG,black widow,54,12,79,365,0,0
1743861801729,HUAWEI NEN-LX1,PyTorch,mobilenet_v2,triceratops.JPEG,triceratops,0,94,610,3008,0,1
1743861803192,HUAWEI NEN-LX1,TFLite,efficientnet_lite0,tricycle.JPEG,mountain bike,19,26,136,2604,0,2
1743861803193,HUAWEI NEN-LX1,TFLite,efficientnet_lite0_int8,tricycle.JPEG,birdhouse,66,67,83,0,0,0
1743861803193,HUAWEI NEN-LX1,PyTorch,mobilenet_v2,tricycle.JPEG,bicycle-built-for-two,1,13,524,2604,0,4
1743861804614,HUAWEI NEN-LX1,TFLite,efficientnet_lite0,trifle.JPEG,ice cream,45,84,137,0,0,0
1743861804615,HUAWEI NEN-LX1,TFLite,efficientnet_lite0_int8,trifle.JPEG,bagel,94,90,80,365,0,0
1743861804615,HUAWEI NEN-LX1,PyTorch,mobilenet_v2,trifle.JPEG,ice cream,2,14,520,2604,0,0
1743861806015,HUAWEI NEN-LX1,TFLite,efficientnet_lite0,trilobite.JPEG,trilobite,93,39,135,0,0,1
1743861806015,HUAWEI NEN-LX1,TFLite,efficientnet_lite0_int8,trilobite.JPEG,prairie chicken,50,59,79,365,0,0
1743861806015,HUAWEI NEN-LX1,PyTorch,mobilenet_v2,trilobite.JPEG,trilobite,4,17,484,2316,0,1
1743861807451,HUAWEI NEN-LX1,TFLite,efficientnet_lite0,trimaran.JPEG,catamaran,69,92,137,0,0,2
1743861807452,HUAWEI NEN-LX1,TFLite,efficientnet_lite0_int8,trimaran.JPEG,trombone,90,20,79,349,0,0
1743861807452,HUAWEI NEN-LX1,PyTorch,mobilenet_v2,trimaran.JPEG,catamaran,5,74,524,0,0,2
1743861808889,HUAWEI NEN-LX1,TFLite,efficientnet_lite0,tripod.JPEG,tripod,79,91,136,0,0,0
1743861808890,HUAWEI NEN-LX1,TFLite,efficientnet_lite0_int8,tripod.JPEG,tank,53,73,80,365,0,0
1743861808890,HUAWEI NEN-LX1,PyTorch,mobilenet_v2,tripod.JPEG,swing,0,73,531,2604,0,0
1743861810416,HUAWEI NEN-LX1,TFLite,efficientnet_lite0,triumphal_arch.JPEG,triumphal arch,89,87,138,2620,0,1
1743861810417,HUAWEI NEN-LX1,TFLite,efficientnet_lite0_int8,triumphal_arch.JPEG,goblet,55,29,79,349,0,0
1743861810417,HUAWEI NEN-LX1,PyTorch,mobilenet_v2,triumphal_arch.JPEG,triumphal arch,1,75,585,0,0,1
1743861811947,HUAWEI NEN-LX1,TFLite,efficientnet_lite0,trolleybus.JPEG,trolleybus,89,93,129,2588,0,1
1743861811948,HUAWEI NEN-LX1,TFLite,efficientnet_lite0_int8,trolleybus.JPEG,pencil box,51,37,79,365,0,0
1743861811948,HUAWEI NEN-LX1,PyTorch,mobilenet_v2,trolleybus.JPEG,trolleybus,4,14,597,0,0,1
1743861813584,HUAWEI NEN-LX1,TFLite,efficientnet_lite0,trombone.JPEG,trombone,88,31,131,2604,0,1
1743861813585,HUAWEI NEN-LX1,TFLite,efficientnet_lite0_int8,trombone.JPEG,crane,53,73,94,0,0,0
1743861813585,HUAWEI NEN-LX1,PyTorch,mobilenet_v2,trombone.JPEG,trombone,2,48,684,2939,0,1
1743861815107,HUAWEI NEN-LX1,TFLite,efficientnet_lite0,tub.JPEG,tub,59,52,133,0,0,2
1743861815107,HUAWEI NEN-LX1,TFLite,efficientnet_lite0_int8,tub.JPEG,unicycle,99,22,84,0,0,0
1743861815108,HUAWEI NEN-LX1,PyTorch,mobilenet_v2,tub.JPEG,bathtub,2,17,593,2908,0,1
1743861816944,HUAWEI NEN-LX1,TFLite,efficientnet_lite0,turnstile.JPEG,tripod,36,64,144,0,0,2
1743861816945,HUAWEI NEN-LX1,TFLite,efficientnet_lite0_int8,turnstile.JPEG,upright,56,08,80,349,0,0
1743861816945,HUAWEI NEN-LX1,PyTorch,mobilenet_v2,turnstile.JPEG,envelope,0,82,876,1110,0,0
1743861817959,HUAWEI NEN-LX1,TFLite,efficientnet_lite0,tusker.JPEG,water buffalo,24,06,131,2588,0,2
1743861817959,HUAWEI NEN-LX1,TFLite,efficientnet_lite0_int8,tusker.JPEG,koala,60,39,79,349,0,0
1743861817960,HUAWEI NEN-LX1,PyTorch,mobilenet_v2,tusker.JPEG,African elephant,81,17,113,72,0,2
1743861819786,HUAWEI NEN-LX1,TFLite,efficientnet_lite0,typewriter_keyboard.JPEG,typewriter keyboard,57,02,139,2588,0,1
1743861819787,HUAWEI NEN-LX1,TFLite,efficientnet_lite0_int8,typewriter_keyboard.JPEG,speedboat,82,35,80,381,0,0
1743861819787,HUAWEI NEN-LX1,PyTorch,mobilenet_v2,typewriter_keyboard.JPEG,typewriter keyboard,0,97,861,0,0,1
1743861821291,HUAWEI NEN-LX1,TFLite,efficientnet_lite0,umbrella.JPEG,umbrella,73,50,131,2588,0,1
1743861821291,HUAWEI NEN-LX1,TFLite,efficientnet_lite0_int8,umbrella.JPEG,bow,63,53,79,365,0,0
1743861821292,HUAWEI NEN-LX1,PyTorch,mobilenet_v2,umbrella.JPEG,umbrella,0,72,578,2800,0,1
1743861822767,HUAWEI NEN-LX1,TFLite,efficientnet_lite0,unicycle.JPEG,unicycle,34,35,138,0,0,1
1743861822768,HUAWEI NEN-LX1,TFLite,efficientnet_lite0_int8,unicycle.JPEG,knot,55,29,80,349,0,0
1743861822768,HUAWEI NEN-LX1,PyTorch,mobilenet_v2,unicycle.JPEG,unicycle,1,40,520,2604,0,1
1743861823845,HUAWEI NEN-LX1,TFLite,efficientnet_lite0,upright.JPEG,upright,91,51,135,0,0,1
1743861823846,HUAWEI NEN-LX1,TFLite,efficientnet_lite0_int8,upright.JPEG,guillotine,65,49,79,365,0,0
1743861823846,HUAWEI NEN-LX1,PyTorch,mobilenet_v2,upright.JPEG,upright,50,80,212,632,0,1
1743861825343,HUAWEI NEN-LX1,TFLite,efficientnet_lite0,vacuum.JPEG,vacuum,99,35,137,2588,0,1
1743861825344,HUAWEI NEN-LX1,TFLite,efficientnet_lite0_int8,vacuum.JPEG,projectile,50,59,82,0,0,0
1743861825344,HUAWEI NEN-LX1,PyTorch,mobilenet_v2,vacuum.JPEG,vacuum,1,92,590,2936,0,1
1743861827711,HUAWEI NEN-LX1,TFLite,efficientnet_lite0,valley.JPEG,valley,38,72,133,0,0,1
1743861827711,HUAWEI NEN-LX1,TFLite,efficientnet_lite0_int8,valley.JPEG,scuba diver,93,33,79,365,0,5
1743861827712,HUAWEI NEN-LX1,PyTorch,mobilenet_v2,valley.JPEG,alp,1,34,1398,5044,0,2
1743861829263,HUAWEI NEN-LX1,TFLite,efficientnet_lite0,vase.JPEG,vase,9,95,130,2588,0,1
1743861829263,HUAWEI NEN-LX1,TFLite,efficientnet_lite0_int8,vase.JPEG,Band Aid,60,00,79,349,0,0
1743861829263,HUAWEI NEN-LX1,PyTorch,mobilenet_v2,vase.JPEG,water jug,0,98,600,2936,0,2
1743861830808,HUAWEI NEN-LX1,TFLite,efficientnet_lite0,vault.JPEG,vault,67,95,141,0,0,1
1743861830808,HUAWEI NEN-LX1,TFLite,efficientnet_lite0_int8,vault.JPEG,mortarboard,72,16,80,365,0,0
1743861830809,HUAWEI NEN-LX1,PyTorch,mobilenet_v2,vault.JPEG,vault,2,97,623,2936,0,1
1743861832138,HUAWEI NEN-LX1,TFLite,efficientnet_lite0,velvet.JPEG,overskirt,64,28,138,2620,0,5
1743861832138,HUAWEI NEN-LX1,TFLite,efficientnet_lite0_int8,velvet.JPEG,iPod,58,43,80,349,0,0
1743861832138,HUAWEI NEN-LX1,PyTorch,mobilenet_v2,velvet.JPEG,echidna,0,61,389,0,0,4
1743861833674,HUAWEI NEN-LX1,TFLite,efficientnet_lite0,vending_machine.JPEG,vending machine,95,43,131,0,0,1
1743861833675,HUAWEI NEN-LX1,TFLite,efficientnet_lite0_int8,vending_machine.JPEG,soap dispenser,51,76,79,365,0,0
1743861833675,HUAWEI NEN-LX1,PyTorch,mobilenet_v2,vending_machine.JPEG,vending machine,5,76,597,619,0,1
1743861835116,HUAWEI NEN-LX1,TFLite,efficientnet_lite0,vestment.JPEG,bow tie,51,17,133,2588,0,4
1743861835117,HUAWEI NEN-LX1,TFLite,efficientnet_lite0_int8,vestment.JPEG,lawn mower,72,16,79,365,0,0
1743861835117,HUAWEI NEN-LX1,PyTorch,mobilenet_v2,vestment.JPEG,lab coat,1,22,516,0,0,3
1743861836595,HUAWEI NEN-LX1,TFLite,efficientnet_lite0,viaduct.JPEG,viaduct,95,38,132,2604,0,1
1743861836595,HUAWEI NEN-LX1,TFLite,efficientnet_lite0_int8,viaduct.JPEG,tench,50,20,97,0,0,0
1743861836596,HUAWEI NEN-LX1,PyTorch,mobilenet_v2,viaduct.JPEG,viaduct,2,63,532,2632,0,1
1743861838104,HUAWEI NEN-LX1,TFLite,efficientnet_lite0,vine_snake.JPEG,vine snake,69,73,131,0,0,1
1743861838105,HUAWEI NEN-LX1,TFLite,efficientnet_lite0_int8,vine_snake.JPEG,vine snake,56,86,79,365,0,1
1743861838105,HUAWEI NEN-LX1,PyTorch,mobilenet_v2,vine_snake.JPEG,vine snake,1,85,541,0,0,1
1743861839570,HUAWEI NEN-LX1,TFLite,efficientnet_lite0,violin.JPEG,bassoon,11,67,133,0,0,0
1743861839571,HUAWEI NEN-LX1,TFLite,efficientnet_lite0_int8,violin.JPEG,fountain,63,14,90,0,0,0
1743861839571,HUAWEI NEN-LX1,PyTorch,mobilenet_v2,violin.JPEG,violin,0,90,539,2616,0,1
1743861842576,HUAWEI NEN-LX1,TFLite,efficientnet_lite0,vizsla.JPEG,vizsla,73,49,133,0,0,1
1743861842576,HUAWEI NEN-LX1,TFLite,efficientnet_lite0_int8,vizsla.JPEG,Irish setter,72,94,79,365,0,0
1743861842576,HUAWEI NEN-LX1,PyTorch,mobilenet_v2,vizsla.JPEG,jellyfish,0,24,1950,5541,0,2
1743861844118,HUAWEI NEN-LX1,TFLite,efficientnet_lite0,volcano.JPEG,volcano,62,69,131,2604,0,1
1743861844118,HUAWEI NEN-LX1,TFLite,efficientnet_lite0_int8,volcano.JPEG,rapeseed,98,82,79,349,0,0
1743861844118,HUAWEI NEN-LX1,PyTorch,mobilenet_v2,volcano.JPEG,volcano,3,84,590,2936,0,1
1743861845653,HUAWEI NEN-LX1,TFLite,efficientnet_lite0,volleyball.JPEG,volleyball,94,21,130,2588,0,1
1743861845653,HUAWEI NEN-LX1,TFLite,efficientnet_lite0_int8,volleyball.JPEG,bath towel,51,37,79,349,0,0
1743861845654,HUAWEI NEN-LX1,PyTorch,mobilenet_v2,volleyball.JPEG,volleyball,9,48,592,0,0,1
1743861847160,HUAWEI NEN-LX1,TFLite,efficientnet_lite0,vulture.JPEG,church,53,40,131,2588,0,4
1743861847160,HUAWEI NEN-LX1,TFLite,efficientnet_lite0_int8,vulture.JPEG,binder,75,69,79,349,0,0
1743861847161,HUAWEI NEN-LX1,PyTorch,mobilenet_v2,vulture.JPEG,flagpole,1,32,583,2936,0,0
1743861848681,HUAWEI NEN-LX1,TFLite,efficientnet_lite0,waffle_iron.JPEG,waffle iron,48,02,136,0,0,0
1743861848681,HUAWEI NEN-LX1,TFLite,efficientnet_lite0_int8,waffle_iron.JPEG,warplane,88,63,79,365,0,0
1743861848681,HUAWEI NEN-LX1,PyTorch,mobilenet_v2,waffle_iron.JPEG,microwave,0,76,596,2936,0,0
1743861850251,HUAWEI NEN-LX1,TFLite,efficientnet_lite0,walking_stick.JPEG,walking stick,99,42,137,2604,0,0
1743861850252,HUAWEI NEN-LX1,TFLite,efficientnet_lite0_int8,walking_stick.JPEG,tench,50,20,79,365,0,0
1743861850252,HUAWEI NEN-LX1,PyTorch,mobilenet_v2,walking_stick.JPEG,walking stick,7,12,600,0,0,0
1743861851720,HUAWEI NEN-LX1,TFLite,efficientnet_lite0,wall_clock.JPEG,wall clock,15,48,132,0,0,1
1743861851721,HUAWEI NEN-LX1,TFLite,efficientnet_lite0_int8,wall_clock.JPEG,washbasin,67,45,79,349,0,0
1743861851721,HUAWEI NEN-LX1,PyTorch,mobilenet_v2,wall_clock.JPEG,wall clock,3,90,539,0,0,1
1743861853108,HUAWEI NEN-LX1,TFLite,efficientnet_lite0,wallaby.JPEG,wallaby,39,14,130,2588,0,1
1743861853109,HUAWEI NEN-LX1,TFLite,efficientnet_lite0_int8,wallaby.JPEG,sea anemone,79,22,79,349,0,0
1743861853109,HUAWEI NEN-LX1,PyTorch,mobilenet_v2,wallaby.JPEG,wallaby,3,36,466,0,0,1
1743861854677,HUAWEI NEN-LX1,TFLite,efficientnet_lite0,wallet.JPEG,wallet,53,93,132,2588,0,1
1743861854677,HUAWEI NEN-LX1,TFLite,efficientnet_lite0_int8,wallet.JPEG,washer,92,55,80,349,0,0
1743861854678,HUAWEI NEN-LX1,PyTorch,mobilenet_v2,wallet.JPEG,wallet,1,27,596,0,0,1
1743861856153,HUAWEI NEN-LX1,TFLite,efficientnet_lite0,wardrobe.JPEG,wardrobe,76,61,130,0,0,1
1743861856154,HUAWEI NEN-LX1,TFLite,efficientnet_lite0_int8,wardrobe.JPEG,military uniform,60,00,84,0,0,0
1743861856154,HUAWEI NEN-LX1,PyTorch,mobilenet_v2,wardrobe.JPEG,wardrobe,1,72,580,2936,0,1
1743861857702,HUAWEI NEN-LX1,TFLite,efficientnet_lite0,warplane.JPEG,warplane,79,41,132,0,0,0
1743861857702,HUAWEI NEN-LX1,TFLite,efficientnet_lite0_int8,warplane.JPEG,worm fence,56,08,79,349,0,0
1743861857702,HUAWEI NEN-LX1,PyTorch,mobilenet_v2,warplane.JPEG,warplane,2,35,625,0,0,0
1743861860276,HUAWEI NEN-LX1,TFLite,efficientnet_lite0,warthog.JPEG,warthog,77,73,131,2588,0,3
1743861860277,HUAWEI NEN-LX1,TFLite,efficientnet_lite0_int8,warthog.JPEG,water buffalo,67,06,79,349,0,0
1743861860277,HUAWEI NEN-LX1,PyTorch,mobilenet_v2,warthog.JPEG,warthog,0,99,1563,763,0,3
1743861861831,HUAWEI NEN-LX1,TFLite,efficientnet_lite0,washbasin.JPEG,washbasin,76,47,132,2588,0,1
1743861861832,HUAWEI NEN-LX1,TFLite,efficientnet_lite0_int8,washbasin.JPEG,stupa,54,90,80,349,0,0
1743861861832,HUAWEI NEN-LX1,PyTorch,mobilenet_v2,washbasin.JPEG,washbasin,1,17,602,2952,0,1
1743861863370,HUAWEI NEN-LX1,TFLite,efficientnet_lite0,washer.JPEG,washer,64,08,131,2588,0,2
1743861863370,HUAWEI NEN-LX1,TFLite,efficientnet_lite0_int8,washer.JPEG,whiskey jug,63,53,79,349,0,0
1743861863370,HUAWEI NEN-LX1,PyTorch,mobilenet_v2,washer.JPEG,washer,2,92,610,0,0,3
1743861864916,HUAWEI NEN-LX1,TFLite,efficientnet_lite0,water_bottle.JPEG,water bottle,31,10,130,2588,0,1
1743861864917,HUAWEI NEN-LX1,TFLite,efficientnet_lite0_int8,water_bottle.JPEG,whistle,79,61,79,365,0,0
1743861864917,HUAWEI NEN-LX1,PyTorch,mobilenet_v2,water_bottle.JPEG,printer,0,59,614,2936,0,4
1743861866438,HUAWEI NEN-LX1,TFLite,efficientnet_lite0,water_buffalo.JPEG,water buffalo,41,66,135,0,0,1
1743861866438,HUAWEI NEN-LX1,TFLite,efficientnet_lite0_int8,water_buffalo.JPEG,ibex,86,67,80,365,0,2
1743861866439,HUAWEI NEN-LX1,PyTorch,mobilenet_v2,water_buffalo.JPEG,water buffalo,1,32,603,3000,0,1
1743861867517,HUAWEI NEN-LX1,TFLite,efficientnet_lite0,water_jug.JPEG,water jug,83,45,133,0,0,1
1743861867517,HUAWEI NEN-LX1,TFLite,efficientnet_lite0_int8,water_jug.JPEG,computer keyboard,62,75,80,365,0,0
1743861867517,HUAWEI NEN-LX1,PyTorch,mobilenet_v2,water_jug.JPEG,water jug,11,60,211,616,0,1
1743861869056,HUAWEI NEN-LX1,TFLite,efficientnet_lite0,water_ouzel.JPEG,water ouzel,96,44,141,0,0,1
1743861869057,HUAWEI NEN-LX1,TFLite,efficientnet_lite0_int8,water_ouzel.JPEG,tench,50,20,83,365,0,0
1743861869057,HUAWEI NEN-LX1,PyTorch,mobilenet_v2,water_ouzel.JPEG,water ouzel,2,98,595,2936,0,1
1743861870536,HUAWEI NEN-LX1,TFLite,efficientnet_lite0,water_snake.JPEG,dowitcher,12,81,137,2604,0,4
1743861870536,HUAWEI NEN-LX1,TFLite,efficientnet_lite0_int8,water_snake.JPEG,albatross,65,49,84,0,0,0
1743861870536,HUAWEI NEN-LX1,PyTorch,mobilenet_v2,water_snake.JPEG,drake,1,96,523,2616,0,2
1743861872046,HUAWEI NEN-LX1,TFLite,efficientnet_lite0,water_tower.JPEG,water tower,95,47,130,0,0,1
1743861872047,HUAWEI NEN-LX1,TFLite,efficientnet_lite0_int8,water_tower.JPEG,beer glass,50,59,79,349,0,0
1743861872047,HUAWEI NEN-LX1,PyTorch,mobilenet_v2,water_tower.JPEG,water tower,1,83,562,0,0,1
1743861873398,HUAWEI NEN-LX1,TFLite,efficientnet_lite0,weasel.JPEG,wreck,16,44,131,0,0,0
1743861873399,HUAWEI NEN-LX1,TFLite,efficientnet_lite0_int8,weasel.JPEG,groom,62,35,79,349,0,0
1743861873399,HUAWEI NEN-LX1,PyTorch,mobilenet_v2,weasel.JPEG,mink,3,38,434,0,0,4
1743861874789,HUAWEI NEN-LX1,TFLite,efficientnet_lite0,web_site.JPEG,web site,92,49,131,2588,0,1
1743861874789,HUAWEI NEN-LX1,TFLite,efficientnet_lite0_int8,web_site.JPEG,tench,50,20,79,365,0,0
1743861874790,HUAWEI NEN-LX1,PyTorch,mobilenet_v2,web_site.JPEG,web site,14,58,474,0,0,1
1743861876294,HUAWEI NEN-LX1,TFLite,efficientnet_lite0,weevil.JPEG,weevil,31,95,136,0,0,1
1743861876295,HUAWEI NEN-LX1,TFLite,efficientnet_lite0_int8,weevil.JPEG,grasshopper,83,92,79,365,0,0
1743861876295,HUAWEI NEN-LX1,PyTorch,mobilenet_v2,weevil.JPEG,weevil,1,16,599,2936,0,1
1743861877773,HUAWEI NEN-LX1,TFLite,efficientnet_lite0,whippet.JPEG,whippet,99,14,137,0,0,1
1743861877773,HUAWEI NEN-LX1,TFLite,efficientnet_lite0_int8,whippet.JPEG,Siberian husky,52,55,80,349,0,0
1743861877774,HUAWEI NEN-LX1,PyTorch,mobilenet_v2,whippet.JPEG,whippet,1,60,544,0,0,1
1743861879251,HUAWEI NEN-LX1,TFLite,efficientnet_lite0,whiptail.JPEG,whiptail,31,42,130,2604,0,1
1743861879252,HUAWEI NEN-LX1,TFLite,efficientnet_lite0_int8,whiptail.JPEG,Gila monster,74,90,82,349,0,0
1743861879252,HUAWEI NEN-LX1,PyTorch,mobilenet_v2,whiptail.JPEG,whiptail,1,80,520,0,0,1
1743861881073,HUAWEI NEN-LX1,TFLite,efficientnet_lite0,whiskey_jug.JPEG,whiskey jug,86,95,130,2588,0,1
1743861881074,HUAWEI NEN-LX1,TFLite,efficientnet_lite0_int8,whiskey_jug.JPEG,missile,52,94,87,0,0,0
1743861881074,HUAWEI NEN-LX1,PyTorch,mobilenet_v2,whiskey_jug.JPEG,whiskey jug,3,36,866,4000,0,1
1743861883019,HUAWEI NEN-LX1,TFLite,efficientnet_lite0,whistle.JPEG,whistle,77,99,131,2588,0,1
1743861883019,HUAWEI NEN-LX1,TFLite,efficientnet_lite0_int8,whistle.JPEG,carpenter's kit,64,71,79,365,0,0
1743861883019,HUAWEI NEN-LX1,PyTorch,mobilenet_v2,whistle.JPEG,whistle,1,47,984,1037,0,1
1743861885395,HUAWEI NEN-LX1,TFLite,efficientnet_lite0,white_stork.JPEG,white stork,90,89,134,0,0,1
1743861885396,HUAWEI NEN-LX1,TFLite,efficientnet_lite0_int8,white_stork.JPEG,American egret,51,76,79,365,0,0
1743861885396,HUAWEI NEN-LX1,PyTorch,mobilenet_v2,white_stork.JPEG,white stork,1,00,1395,5561,0,1
1743861886856,HUAWEI NEN-LX1,TFLite,efficientnet_lite0,white_wolf.JPEG,white wolf,88,92,130,2588,0,1
1743861886857,HUAWEI NEN-LX1,TFLite,efficientnet_lite0_int8,white_wolf.JPEG,grey fox,98,04,79,365,0,0
1743861886857,HUAWEI NEN-LX1,PyTorch,mobilenet_v2,white_wolf.JPEG,white wolf,0,75,523,2604,0,1
1743861888422,HUAWEI NEN-LX1,TFLite,efficientnet_lite0,wig.JPEG,wig,86,99,132,2604,0,1
1743861888422,HUAWEI NEN-LX1,TFLite,efficientnet_lite0_int8,wig.JPEG,grocery store,59,61,84,0,0,0
1743861888422,HUAWEI NEN-LX1,PyTorch,mobilenet_v2,wig.JPEG,wig,1,15,624,3228,0,1
1743861889951,HUAWEI NEN-LX1,TFLite,efficientnet_lite0,wild_boar.JPEG,wild boar,33,68,131,2604,0,1
1743861889952,HUAWEI NEN-LX1,TFLite,efficientnet_lite0_int8,wild_boar.JPEG,water buffalo,59,22,80,349,0,0
1743861889952,HUAWEI NEN-LX1,PyTorch,mobilenet_v2,wild_boar.JPEG,bison,0,92,577,0,0,2
1743861891418,HUAWEI NEN-LX1,TFLite,efficientnet_lite0,window_screen.JPEG,greenhouse,26,06,130,2588,0,0
1743861891418,HUAWEI NEN-LX1,TFLite,efficientnet_lite0_int8,window_screen.JPEG,tank,78,82,79,365,0,0
1743861891419,HUAWEI NEN-LX1,PyTorch,mobilenet_v2,window_screen.JPEG,siamang,1,17,536,0,0,0
1743861895409,HUAWEI NEN-LX1,TFLite,efficientnet_lite0,window_shade.JPEG,window shade,99,71,130,2588,0,1
1743861895410,HUAWEI NEN-LX1,TFLite,efficientnet_lite0_int8,window_shade.JPEG,tench,50,20,94,0,0,0
1743861895410,HUAWEI NEN-LX1,PyTorch,mobilenet_v2,window_shade.JPEG,window shade,0,61,2905,12480,0,1
1743861896910,HUAWEI NEN-LX1,TFLite,efficientnet_lite0,wine_bottle.JPEG,wine bottle,75,83,132,2588,0,1
1743861896910,HUAWEI NEN-LX1,TFLite,efficientnet_lite0_int8,wine_bottle.JPEG,alp,58,82,79,349,0,0
1743861896910,HUAWEI NEN-LX1,PyTorch,mobilenet_v2,wine_bottle.JPEG,wine bottle,1,32,581,2936,0,1
1743861898416,HUAWEI NEN-LX1,TFLite,efficientnet_lite0,wing.JPEG,wing,99,77,131,2604,0,0
1743861898417,HUAWEI NEN-LX1,TFLite,efficientnet_lite0_int8,wing.JPEG,tench,50,20,79,349,0,0
1743861898417,HUAWEI NEN-LX1,PyTorch,mobilenet_v2,wing.JPEG,wing,4,11,582,2936,0,0
1743861900806,HUAWEI NEN-LX1,TFLite,efficientnet_lite0,wire-haired_fox_terrier.JPEG,wire-haired fox terrier,96,34,138,0,0,0
1743861900807,HUAWEI NEN-LX1,TFLite,efficientnet_lite0_int8,wire-haired_fox_terrier.JPEG,Australian terrier,52,55,79,349,0,0
1743861900807,HUAWEI NEN-LX1,PyTorch,mobilenet_v2,wire-haired_fox_terrier.JPEG,wire-haired fox terrier,1,61,1404,3557,0,0
1743861902274,HUAWEI NEN-LX1,TFLite,efficientnet_lite0,wok.JPEG,frying pan,9,75,133,0,0,0
1743861902275,HUAWEI NEN-LX1,TFLite,efficientnet_lite0_int8,wok.JPEG,trifle,73,33,79,365,0,0
1743861902275,HUAWEI NEN-LX1,PyTorch,mobilenet_v2,wok.JPEG,hot pot,0,66,564,2764,0,0
1743861903808,HUAWEI NEN-LX1,TFLite,efficientnet_lite0,wolf_spider.JPEG,wolf spider,82,41,138,2604,0,1
1743861903809,HUAWEI NEN-LX1,TFLite,efficientnet_lite0_int8,wolf_spider.JPEG,ptarmigan,68,63,79,365,0,0
1743861903809,HUAWEI NEN-LX1,PyTorch,mobilenet_v2,wolf_spider.JPEG,cliff,0,74,592,0,0,3
1743861905339,HUAWEI NEN-LX1,TFLite,efficientnet_lite0,wombat.JPEG,wombat,76,25,132,2588,0,1
1743861905339,HUAWEI NEN-LX1,TFLite,efficientnet_lite0_int8,wombat.JPEG,sea anemone,55,69,79,365,0,0
1743861905340,HUAWEI NEN-LX1,PyTorch,mobilenet_v2,wombat.JPEG,Chihuahua,0,43,590,0,0,3
1743861906547,HUAWEI NEN-LX1,TFLite,efficientnet_lite0,wood_rabbit.JPEG,wood rabbit,96,51,132,2604,0,1
1743861906547,HUAWEI NEN-LX1,TFLite,efficientnet_lite0_int8,wood_rabbit.JPEG,fox squirrel,55,29,89,0,0,0
1743861906547,HUAWEI NEN-LX1,PyTorch,mobilenet_v2,wood_rabbit.JPEG,wood rabbit,7,49,325,1304,0,1
1743861908019,HUAWEI NEN-LX1,TFLite,efficientnet_lite0,wooden_spoon.JPEG,ladle,28,68,134,0,0,2
1743861908020,HUAWEI NEN-LX1,TFLite,efficientnet_lite0_int8,wooden_spoon.JPEG,lens cap,89,80,79,349,0,0
1743861908020,HUAWEI NEN-LX1,PyTorch,mobilenet_v2,wooden_spoon.JPEG,four-poster,1,68,556,400,0,0
1743861909983,HUAWEI NEN-LX1,TFLite,efficientnet_lite0,wool.JPEG,Christmas stocking,36,87,131,2588,0,0
1743861909984,HUAWEI NEN-LX1,TFLite,efficientnet_lite0_int8,wool.JPEG,dumbbell,63,92,79,349,0,0
1743861909984,HUAWEI NEN-LX1,PyTorch,mobilenet_v2,wool.JPEG,doormat,1,34,1012,1017,0,2
1743861911104,HUAWEI NEN-LX1,TFLite,efficientnet_lite0,worm_fence.JPEG,worm fence,67,30,134,0,0,1
1743861911105,HUAWEI NEN-LX1,TFLite,efficientnet_lite0_int8,worm_fence.JPEG,web site,84,71,79,365,0,0
1743861911105,HUAWEI NEN-LX1,PyTorch,mobilenet_v2,worm_fence.JPEG,worm fence,3,94,252,940,0,1
1743861912563,HUAWEI NEN-LX1,TFLite,efficientnet_lite0,wreck.JPEG,wreck,76,30,135,0,0,1
1743861912563,HUAWEI NEN-LX1,TFLite,efficientnet_lite0_int8,wreck.JPEG,comic book,100,00,79,349,0,0
1743861912563,HUAWEI NEN-LX1,PyTorch,mobilenet_v2,wreck.JPEG,breakwater,3,55,537,0,0,4
1743861914121,HUAWEI NEN-LX1,TFLite,efficientnet_lite0,yawl.JPEG,yawl,89,95,131,2604,0,1
1743861914122,HUAWEI NEN-LX1,TFLite,efficientnet_lite0_int8,yawl.JPEG,screwdriver,55,69,82,349,0,0
1743861914122,HUAWEI NEN-LX1,PyTorch,mobilenet_v2,yawl.JPEG,yawl,0,75,599,0,0,1
1743861915683,HUAWEI NEN-LX1,TFLite,efficientnet_lite0,yellow_lady's_slipper.JPEG,yellow lady's slipper,90,11,134,0,0,1
1743861915683,HUAWEI NEN-LX1,TFLite,efficientnet_lite0_int8,yellow_lady's_slipper.JPEG,stage,52,94,80,365,0,0
1743861915684,HUAWEI NEN-LX1,PyTorch,mobilenet_v2,yellow_lady's_slipper.JPEG,yellow lady's slipper,3,44,641,3160,0,1
1743861916919,HUAWEI NEN-LX1,TFLite,efficientnet_lite0,yurt.JPEG,yurt,62,00,137,0,0,1
1743861916919,HUAWEI NEN-LX1,TFLite,efficientnet_lite0_int8,yurt.JPEG,sundial,51,76,79,349,0,4
1743861916919,HUAWEI NEN-LX1,PyTorch,mobilenet_v2,yurt.JPEG,yurt,4,49,336,0,0,1
1743861918470,HUAWEI NEN-LX1,TFLite,efficientnet_lite0,zebra.JPEG,zebra,91,20,133,2588,0,1
1743861918470,HUAWEI NEN-LX1,TFLite,efficientnet_lite0_int8,zebra.JPEG,ice bear,50,59,79,349,0,0
1743861918470,HUAWEI NEN-LX1,PyTorch,mobilenet_v2,zebra.JPEG,zebra,1,97,611,0,0,1
1743861919912,HUAWEI NEN-LX1,TFLite,efficientnet_lite0,zucchini.JPEG,zucchini,96,39,133,2604,0,1
1743861919913,HUAWEI NEN-LX1,TFLite,efficientnet_lite0_int8,zucchini.JPEG,mushroom,51,37,84,0,0,0
1743861919913,HUAWEI NEN-LX1,PyTorch,mobilenet_v2,zucchini.JPEG,zucchini,2,12,543,2604,0,1

# Summary
Top-1 Accuracy TFLite,70.5%
Top-5 Accuracy TFLite,83.200005%
Top-1 Accuracy TFLite INT8,0.70000005%
Top-5 Accuracy TFLite INT8,3.9%
Top-1 Accuracy PyTorch,63.200005%
Top-5 Accuracy PyTorch,79.6%
Battery Start,91%
Battery End,87%
Battery Used,4%
Average battery per image,0.004%
Model Load Time TFLite,52 ms
Model Load Time TFLite INT8,31 ms
Model Load Time PyTorch,1209 ms
Model Size TFLite,18146 KB
Model Size TFLite INT8,5307 KB
Model Size PyTorch,14201 KB
