timestamp,device,framework,model,image,label,score,durationMs,memoryKB,batteryDrop,rank
1743860649223,Google Pixel 7a,TFLite,efficientnet_lite0,Afghan_hound.JPEG,Afghan hound,96,26,30,2636,0,1
1743860649224,Google Pixel 7a,TFLite,efficientnet_lite0_int8,Afghan_hound.JPEG,Norwegian elkhound,50,59,19,349,0,0
1743860649224,Google Pixel 7a,PyTorch,mobilenet_v2,Afghan_hound.JPEG,Afghan hound,36,99,156,2604,0,1
1743860649556,Google Pixel 7a,TFLite,efficientnet_lite0,African_chameleon.JPEG,African chameleon,90,28,26,2636,0,1
1743860649556,Google Pixel 7a,TFLite,efficientnet_lite0_int8,African_chameleon.JPEG,frilled lizard,58,82,10,413,0,0
1743860649556,Google Pixel 7a,PyTorch,mobilenet_v2,African_chameleon.JPEG,African chameleon,61,42,89,1592,0,1
1743860650034,Google Pixel 7a,TFLite,efficientnet_lite0,African_crocodile.JPEG,African crocodile,19,45,27,2668,0,1
1743860650034,Google Pixel 7a,TFLite,efficientnet_lite0_int8,African_crocodile.JPEG,ringneck snake,96,08,11,381,0,0
1743860650034,Google Pixel 7a,PyTorch,mobilenet_v2,African_crocodile.JPEG,African crocodile,67,69,222,2904,0,1
1743860650484,Google Pixel 7a,TFLite,efficientnet_lite0,African_elephant.JPEG,African elephant,71,81,29,0,0,0
1743860650484,Google Pixel 7a,TFLite,efficientnet_lite0_int8,African_elephant.JPEG,eel,79,22,11,349,0,0
1743860650484,Google Pixel 7a,PyTorch,mobilenet_v2,African_elephant.JPEG,African elephant,78,69,183,2936,0,0
1743860650915,Google Pixel 7a,TFLite,efficientnet_lite0,African_grey.JPEG,African grey,98,57,27,2572,0,1
1743860650915,Google Pixel 7a,TFLite,efficientnet_lite0_int8,African_grey.JPEG,spotted salamander,52,16,10,381,0,0
1743860650915,Google Pixel 7a,PyTorch,mobilenet_v2,African_grey.JPEG,African grey,48,54,177,2780,0,1
1743860651354,Google Pixel 7a,TFLite,efficientnet_lite0,African_hunting_dog.JPEG,African hunting dog,73,17,28,2636,0,1
1743860651354,Google Pixel 7a,TFLite,efficientnet_lite0_int8,African_hunting_dog.JPEG,grey fox,58,82,10,349,0,5
1743860651354,Google Pixel 7a,PyTorch,mobilenet_v2,African_hunting_dog.JPEG,African hunting dog,62,40,186,2824,0,1
1743860651764,Google Pixel 7a,TFLite,efficientnet_lite0,Airedale.JPEG,soft-coated wheaten terrier,34,87,26,2604,0,2
1743860651764,Google Pixel 7a,TFLite,efficientnet_lite0_int8,Airedale.JPEG,curly-coated retriever,67,84,10,349,0,0
1743860651764,Google Pixel 7a,PyTorch,mobilenet_v2,Airedale.JPEG,Airedale,8,05,156,2584,0,1
1743860652191,Google Pixel 7a,TFLite,efficientnet_lite0,American_Staffordshire_terrier.JPEG,American Staffordshire terrier,59,64,27,0,0,1
1743860652191,Google Pixel 7a,TFLite,efficientnet_lite0_int8,American_Staffordshire_terrier.JPEG,Irish terrier,82,35,10,381,0,0
1743860652191,Google Pixel 7a,PyTorch,mobilenet_v2,American_Staffordshire_terrier.JPEG,American Staffordshire terrier,20,00,161,2620,0,1
1743860652601,Google Pixel 7a,TFLite,efficientnet_lite0,American_alligator.JPEG,American alligator,68,06,28,2636,0,1
1743860652601,Google Pixel 7a,TFLite,efficientnet_lite0_int8,American_alligator.JPEG,ringneck snake,74,90,10,349,0,0
1743860652602,Google Pixel 7a,PyTorch,mobilenet_v2,American_alligator.JPEG,American alligator,68,67,159,2600,0,1
1743860653048,Google Pixel 7a,TFLite,efficientnet_lite0,American_black_bear.JPEG,American black bear,87,37,28,2604,0,1
1743860653048,Google Pixel 7a,TFLite,efficientnet_lite0_int8,American_black_bear.JPEG,ladybug,54,51,10,349,0,0
1743860653048,Google Pixel 7a,PyTorch,mobilenet_v2,American_black_bear.JPEG,American black bear,71,78,192,2936,0,1
1743860653463,Google Pixel 7a,TFLite,efficientnet_lite0,American_chameleon.JPEG,American chameleon,70,03,27,2572,0,1
1743860653463,Google Pixel 7a,TFLite,efficientnet_lite0_int8,American_chameleon.JPEG,American alligator,70,20,10,381,0,0
1743860653463,Google Pixel 7a,PyTorch,mobilenet_v2,American_chameleon.JPEG,American chameleon,48,22,160,2604,0,1
1743860654001,Google Pixel 7a,TFLite,efficientnet_lite0,American_coot.JPEG,European gallinule,20,31,27,0,0,2
1743860654001,Google Pixel 7a,TFLite,efficientnet_lite0_int8,American_coot.JPEG,redshank,65,88,10,381,0,3
1743860654001,Google Pixel 7a,PyTorch,mobilenet_v2,American_coot.JPEG,American coot,11,16,253,2860,0,1
1743860654470,Google Pixel 7a,TFLite,efficientnet_lite0,American_egret.JPEG,American egret,76,19,28,2668,0,1
1743860654470,Google Pixel 7a,TFLite,efficientnet_lite0_int8,American_egret.JPEG,bustard,56,47,10,349,0,0
1743860654470,Google Pixel 7a,PyTorch,mobilenet_v2,American_egret.JPEG,American egret,86,27,180,2840,0,1
1743860655125,Google Pixel 7a,TFLite,efficientnet_lite0,American_lobster.JPEG,American lobster,32,18,28,2572,0,1
1743860655125,Google Pixel 7a,TFLite,efficientnet_lite0_int8,American_lobster.JPEG,isopod,69,80,11,349,0,5
1743860655125,Google Pixel 7a,PyTorch,mobilenet_v2,American_lobster.JPEG,plate,3,62,369,4808,0,0
1743860656183,Google Pixel 7a,TFLite,efficientnet_lite0,Angora.JPEG,Angora,82,23,41,2572,0,1
1743860656184,Google Pixel 7a,TFLite,efficientnet_lite0_int8,Angora.JPEG,beaver,63,92,11,381,0,0
1743860656184,Google Pixel 7a,PyTorch,mobilenet_v2,Angora.JPEG,Angora,8,56,713,0,0,1
1743860657358,Google Pixel 7a,TFLite,efficientnet_lite0,Appenzeller.JPEG,Greater Swiss Mountain dog,33,81,55,2604,0,3
1743860657359,Google Pixel 7a,TFLite,efficientnet_lite0_int8,Appenzeller.JPEG,boxer,85,10,18,349,0,0
1743860657360,Google Pixel 7a,PyTorch,mobilenet_v2,Appenzeller.JPEG,Bernese mountain dog,47,29,749,2969,0,2
1743860660490,Google Pixel 7a,TFLite,efficientnet_lite0,Arabian_camel.JPEG,Arabian camel,88,24,309,2604,0,1
1743860660490,Google Pixel 7a,TFLite,efficientnet_lite0_int8,Arabian_camel.JPEG,junco,56,86,125,381,0,0
1743860660490,Google Pixel 7a,PyTorch,mobilenet_v2,Arabian_camel.JPEG,Arabian camel,29,83,1011,2604,0,1
1743860664765,Google Pixel 7a,TFLite,efficientnet_lite0,Arctic_fox.JPEG,Arctic fox,90,36,171,2604,0,1
1743860664765,Google Pixel 7a,TFLite,efficientnet_lite0_int8,Arctic_fox.JPEG,rock beauty,55,69,54,349,0,0
1743860664765,Google Pixel 7a,PyTorch,mobilenet_v2,Arctic_fox.JPEG,Arctic fox,12,38,2015,6832,0,1
1743860665234,Google Pixel 7a,TFLite,efficientnet_lite0,Australian_terrier.JPEG,Yorkshire terrier,68,66,29,2572,0,2
1743860665234,Google Pixel 7a,TFLite,efficientnet_lite0_int8,Australian_terrier.JPEG,flat-coated retriever,53,33,11,349,0,0
1743860665234,Google Pixel 7a,PyTorch,mobilenet_v2,Australian_terrier.JPEG,Yorkshire terrier,26,28,169,2616,0,2
1743860665690,Google Pixel 7a,TFLite,efficientnet_lite0,Band_Aid.JPEG,Band Aid,97,70,26,2604,0,1
1743860665690,Google Pixel 7a,TFLite,efficientnet_lite0_int8,Band_Aid.JPEG,paintbrush,50,98,10,381,0,0
1743860665690,Google Pixel 7a,PyTorch,mobilenet_v2,Band_Aid.JPEG,Band Aid,78,28,203,0,0,1
1743860665988,Google Pixel 7a,TFLite,efficientnet_lite0,Bedlington_terrier.JPEG,Bedlington terrier,84,33,28,2604,0,1
1743860665988,Google Pixel 7a,TFLite,efficientnet_lite0_int8,Bedlington_terrier.JPEG,Border collie,52,94,10,349,0,0
1743860665988,Google Pixel 7a,PyTorch,mobilenet_v2,Bedlington_terrier.JPEG,Bedlington terrier,99,91,59,552,0,1
1743860666426,Google Pixel 7a,TFLite,efficientnet_lite0,Bernese_mountain_dog.JPEG,Greater Swiss Mountain dog,31,82,27,2572,0,2
1743860666427,Google Pixel 7a,TFLite,efficientnet_lite0_int8,Bernese_mountain_dog.JPEG,boxer,90,98,10,381,0,0
1743860666427,Google Pixel 7a,PyTorch,mobilenet_v2,Bernese_mountain_dog.JPEG,Bernese mountain dog,31,02,186,2936,0,1
1743860666866,Google Pixel 7a,TFLite,efficientnet_lite0,Blenheim_spaniel.JPEG,Blenheim spaniel,52,02,28,2604,0,1
1743860666866,Google Pixel 7a,TFLite,efficientnet_lite0_int8,Blenheim_spaniel.JPEG,schipperke,68,24,10,381,0,0
1743860666866,Google Pixel 7a,PyTorch,mobilenet_v2,Blenheim_spaniel.JPEG,Blenheim spaniel,6,44,183,2936,0,1
1743860667285,Google Pixel 7a,TFLite,efficientnet_lite0,Border_collie.JPEG,Border collie,92,22,27,2572,0,2
1743860667285,Google Pixel 7a,TFLite,efficientnet_lite0_int8,Border_collie.JPEG,German shepherd,56,08,10,381,0,0
1743860667286,Google Pixel 7a,PyTorch,mobilenet_v2,Border_collie.JPEG,Border collie,13,37,169,2604,0,2
1743860667762,Google Pixel 7a,TFLite,efficientnet_lite0,Border_terrier.JPEG,Border terrier,96,49,27,0,0,1
1743860667762,Google Pixel 7a,TFLite,efficientnet_lite0_int8,Border_terrier.JPEG,wire-haired fox terrier,50,98,10,349,0,0
1743860667763,Google Pixel 7a,PyTorch,mobilenet_v2,Border_terrier.JPEG,Border terrier,83,21,193,2936,0,1
1743860668517,Google Pixel 7a,TFLite,efficientnet_lite0,Boston_bull.JPEG,Boston bull,94,31,27,2572,0,1
1743860668518,Google Pixel 7a,TFLite,efficientnet_lite0_int8,Boston_bull.JPEG,malamute,52,94,10,381,0,0
1743860668518,Google Pixel 7a,PyTorch,mobilenet_v2,Boston_bull.JPEG,Boston bull,19,49,455,7504,0,1
1743860668943,Google Pixel 7a,TFLite,efficientnet_lite0,Bouvier_des_Flandres.JPEG,Bouvier des Flandres,47,28,28,2604,0,1
1743860668943,Google Pixel 7a,TFLite,efficientnet_lite0_int8,Bouvier_des_Flandres.JPEG,miniature pinscher,61,96,10,349,0,0
1743860668943,Google Pixel 7a,PyTorch,mobilenet_v2,Bouvier_des_Flandres.JPEG,Bouvier des Flandres,13,17,171,2704,0,1
1743860669377,Google Pixel 7a,TFLite,efficientnet_lite0,Brabancon_griffon.JPEG,Brabancon griffon,91,89,39,0,0,1
1743860669377,Google Pixel 7a,TFLite,efficientnet_lite0_int8,Brabancon_griffon.JPEG,Newfoundland,52,16,11,349,0,0
1743860669377,Google Pixel 7a,PyTorch,mobilenet_v2,Brabancon_griffon.JPEG,Brabancon griffon,66,90,167,2604,0,1
1743860670265,Google Pixel 7a,TFLite,efficientnet_lite0,Brittany_spaniel.JPEG,Welsh springer spaniel,33,30,27,2572,0,2
1743860670265,Google Pixel 7a,TFLite,efficientnet_lite0_int8,Brittany_spaniel.JPEG,kuvasz,63,92,10,349,0,0
1743860670265,Google Pixel 7a,PyTorch,mobilenet_v2,Brittany_spaniel.JPEG,Brittany spaniel,11,15,580,9352,0,1
1743860670709,Google Pixel 7a,TFLite,efficientnet_lite0,CD_player.JPEG,CD player,87,36,29,2668,0,1
1743860670709,Google Pixel 7a,TFLite,efficientnet_lite0_int8,CD_player.JPEG,shoji,66,27,10,413,0,0
1743860670709,Google Pixel 7a,PyTorch,mobilenet_v2,CD_player.JPEG,CD player,17,28,184,2712,0,1
1743860671184,Google Pixel 7a,TFLite,efficientnet_lite0,Cardigan.JPEG,Cardigan,63,64,29,0,0,1
1743860671184,Google Pixel 7a,TFLite,efficientnet_lite0_int8,Cardigan.JPEG,Mexican hairless,86,27,11,349,0,0
1743860671184,Google Pixel 7a,PyTorch,mobilenet_v2,Cardigan.JPEG,Cardigan,37,74,193,2936,0,1
1743860671633,Google Pixel 7a,TFLite,efficientnet_lite0,Chesapeake_Bay_retriever.JPEG,Chesapeake Bay retriever,80,91,28,2572,0,1
1743860671633,Google Pixel 7a,TFLite,efficientnet_lite0_int8,Chesapeake_Bay_retriever.JPEG,English setter,81,57,10,349,0,0
1743860671633,Google Pixel 7a,PyTorch,mobilenet_v2,Chesapeake_Bay_retriever.JPEG,otter,9,82,191,2936,0,4
1743860672080,Google Pixel 7a,TFLite,efficientnet_lite0,Chihuahua.JPEG,Chihuahua,92,31,28,2636,0,1
1743860672080,Google Pixel 7a,TFLite,efficientnet_lite0_int8,Chihuahua.JPEG,beagle,52,55,10,349,0,0
1743860672080,Google Pixel 7a,PyTorch,mobilenet_v2,Chihuahua.JPEG,Chihuahua,9,55,187,2936,0,1
1743860672534,Google Pixel 7a,TFLite,efficientnet_lite0,Christmas_stocking.JPEG,Christmas stocking,99,14,28,2572,0,1
1743860672534,Google Pixel 7a,TFLite,efficientnet_lite0_int8,Christmas_stocking.JPEG,tench,50,20,11,381,0,0
1743860672534,Google Pixel 7a,PyTorch,mobilenet_v2,Christmas_stocking.JPEG,Christmas stocking,89,24,185,0,0,1
1743860672974,Google Pixel 7a,TFLite,efficientnet_lite0,Crock_Pot.JPEG,Crock Pot,68,96,28,2604,0,1
1743860672975,Google Pixel 7a,TFLite,efficientnet_lite0_int8,Crock_Pot.JPEG,dam,99,61,10,349,0,0
1743860672975,Google Pixel 7a,PyTorch,mobilenet_v2,Crock_Pot.JPEG,ashcan,4,87,188,2636,0,3
1743860673372,Google Pixel 7a,TFLite,efficientnet_lite0,Dandie_Dinmont.JPEG,Dandie Dinmont,91,06,29,2572,0,1
1743860673372,Google Pixel 7a,TFLite,efficientnet_lite0_int8,Dandie_Dinmont.JPEG,Norwich terrier,58,04,10,381,0,0
1743860673372,Google Pixel 7a,PyTorch,mobilenet_v2,Dandie_Dinmont.JPEG,Dandie Dinmont,15,35,142,1896,0,1
1743860673829,Google Pixel 7a,TFLite,efficientnet_lite0,Doberman.JPEG,Doberman,50,80,28,2604,0,1
1743860673829,Google Pixel 7a,TFLite,efficientnet_lite0_int8,Doberman.JPEG,red wolf,68,63,11,349,0,0
1743860673829,Google Pixel 7a,PyTorch,mobilenet_v2,Doberman.JPEG,Weimaraner,13,57,198,2968,0,2
1743860674254,Google Pixel 7a,TFLite,efficientnet_lite0,Dungeness_crab.JPEG,fiddler crab,86,79,28,2604,0,0
1743860674254,Google Pixel 7a,TFLite,efficientnet_lite0_int8,Dungeness_crab.JPEG,fly,52,55,11,349,0,0
1743860674254,Google Pixel 7a,PyTorch,mobilenet_v2,Dungeness_crab.JPEG,fiddler crab,88,94,175,0,0,0
1743860674631,Google Pixel 7a,TFLite,efficientnet_lite0,Dutch_oven.JPEG,bucket,41,82,28,2636,0,2
1743860674632,Google Pixel 7a,TFLite,efficientnet_lite0_int8,Dutch_oven.JPEG,butcher shop,98,43,10,349,0,0
1743860674632,Google Pixel 7a,PyTorch,mobilenet_v2,Dutch_oven.JPEG,Dutch oven,48,07,130,1912,0,1
1743860675090,Google Pixel 7a,TFLite,efficientnet_lite0,Egyptian_cat.JPEG,Egyptian cat,37,80,28,2572,0,1
1743860675090,Google Pixel 7a,TFLite,efficientnet_lite0_int8,Egyptian_cat.JPEG,snow leopard,84,31,11,349,0,3
1743860675090,Google Pixel 7a,PyTorch,mobilenet_v2,Egyptian_cat.JPEG,Egyptian cat,50,44,171,2748,0,1
1743860675423,Google Pixel 7a,TFLite,efficientnet_lite0,English_foxhound.JPEG,English foxhound,75,64,30,2604,0,1
1743860675423,Google Pixel 7a,TFLite,efficientnet_lite0_int8,English_foxhound.JPEG,Irish wolfhound,68,63,10,381,0,0
1743860675423,Google Pixel 7a,PyTorch,mobilenet_v2,English_foxhound.JPEG,English foxhound,84,41,81,632,0,1
1743860675881,Google Pixel 7a,TFLite,efficientnet_lite0,English_setter.JPEG,English setter,24,80,29,2604,0,1
1743860675881,Google Pixel 7a,TFLite,efficientnet_lite0_int8,English_setter.JPEG,black-and-tan coonhound,68,63,11,349,0,0
1743860675881,Google Pixel 7a,PyTorch,mobilenet_v2,English_setter.JPEG,American Staffordshire terrier,10,18,192,2936,0,0
1743860676376,Google Pixel 7a,TFLite,efficientnet_lite0,English_springer.JPEG,English springer,84,02,29,0,0,1
1743860676377,Google Pixel 7a,TFLite,efficientnet_lite0_int8,English_springer.JPEG,Irish water spaniel,78,82,11,381,0,0
1743860676377,Google Pixel 7a,PyTorch,mobilenet_v2,English_springer.JPEG,English springer,61,71,207,2968,0,1
1743860676845,Google Pixel 7a,TFLite,efficientnet_lite0,EntleBucher.JPEG,Greater Swiss Mountain dog,13,41,28,2604,0,2
1743860676845,Google Pixel 7a,TFLite,efficientnet_lite0_int8,EntleBucher.JPEG,boxer,61,96,11,349,0,0
1743860676845,Google Pixel 7a,PyTorch,mobilenet_v2,EntleBucher.JPEG,EntleBucher,12,48,200,2952,0,1
1743860677170,Google Pixel 7a,TFLite,efficientnet_lite0,Eskimo_dog.JPEG,Eskimo dog,45,71,29,2572,0,1
1743860677170,Google Pixel 7a,TFLite,efficientnet_lite0_int8,Eskimo_dog.JPEG,affenpinscher,91,76,10,349,0,0
1743860677170,Google Pixel 7a,PyTorch,mobilenet_v2,Eskimo_dog.JPEG,Eskimo dog,75,16,77,848,0,1
1743860677643,Google Pixel 7a,TFLite,efficientnet_lite0,European_fire_salamander.JPEG,European fire salamander,92,12,28,2636,0,1
1743860677643,Google Pixel 7a,TFLite,efficientnet_lite0_int8,European_fire_salamander.JPEG,tailed frog,53,33,10,349,0,0
1743860677643,Google Pixel 7a,PyTorch,mobilenet_v2,European_fire_salamander.JPEG,European fire salamander,54,59,211,2968,0,1
1743860678126,Google Pixel 7a,TFLite,efficientnet_lite0,European_gallinule.JPEG,European gallinule,94,63,30,0,0,1
1743860678127,Google Pixel 7a,TFLite,efficientnet_lite0_int8,European_gallinule.JPEG,wallaby,50,59,10,381,0,0
1743860678127,Google Pixel 7a,PyTorch,mobilenet_v2,European_gallinule.JPEG,European gallinule,91,88,204,2936,0,1
1743860678583,Google Pixel 7a,TFLite,efficientnet_lite0,French_bulldog.JPEG,French bulldog,66,51,28,2604,0,1
1743860678583,Google Pixel 7a,TFLite,efficientnet_lite0_int8,French_bulldog.JPEG,malamute,81,96,10,349,0,0
1743860678583,Google Pixel 7a,PyTorch,mobilenet_v2,French_bulldog.JPEG,French bulldog,15,77,192,2968,0,1
1743860679044,Google Pixel 7a,TFLite,efficientnet_lite0,French_horn.JPEG,French horn,89,51,30,2636,0,1
1743860679044,Google Pixel 7a,TFLite,efficientnet_lite0_int8,French_horn.JPEG,schooner,51,37,12,349,0,0
1743860679044,Google Pixel 7a,PyTorch,mobilenet_v2,French_horn.JPEG,French horn,26,50,178,2680,0,1
1743860679508,Google Pixel 7a,TFLite,efficientnet_lite0,French_loaf.JPEG,French loaf,95,15,29,2604,0,1
1743860679509,Google Pixel 7a,TFLite,efficientnet_lite0_int8,French_loaf.JPEG,head cabbage,50,59,11,349,0,0
1743860679509,Google Pixel 7a,PyTorch,mobilenet_v2,French_loaf.JPEG,French loaf,69,38,199,2968,0,1
1743860679979,Google Pixel 7a,TFLite,efficientnet_lite0,German_shepherd.JPEG,German shepherd,34,39,29,0,0,1
1743860679979,Google Pixel 7a,TFLite,efficientnet_lite0_int8,German_shepherd.JPEG,Bernese mountain dog,64,71,11,381,0,0
1743860679979,Google Pixel 7a,PyTorch,mobilenet_v2,German_shepherd.JPEG,German shepherd,9,36,185,2696,0,1
1743860680434,Google Pixel 7a,TFLite,efficientnet_lite0,German_short-haired_pointer.JPEG,German short-haired pointer,75,75,29,2636,0,0
1743860680434,Google Pixel 7a,TFLite,efficientnet_lite0_int8,German_short-haired_pointer.JPEG,Irish setter,52,16,11,349,0,0
1743860680434,Google Pixel 7a,PyTorch,mobilenet_v2,German_short-haired_pointer.JPEG,German short-haired pointer,9,47,188,2936,0,0
1743860680889,Google Pixel 7a,TFLite,efficientnet_lite0,Gila_monster.JPEG,Gila monster,90,32,29,2604,0,1
1743860680889,Google Pixel 7a,TFLite,efficientnet_lite0_int8,Gila_monster.JPEG,agama,50,59,11,349,0,0
1743860680889,Google Pixel 7a,PyTorch,mobilenet_v2,Gila_monster.JPEG,Gila monster,87,93,185,2968,0,1
1743860681684,Google Pixel 7a,TFLite,efficientnet_lite0,Gordon_setter.JPEG,Gordon setter,97,43,39,2572,0,1
1743860681684,Google Pixel 7a,TFLite,efficientnet_lite0_int8,Gordon_setter.JPEG,Tibetan mastiff,50,98,18,349,0,0
1743860681685,Google Pixel 7a,PyTorch,mobilenet_v2,Gordon_setter.JPEG,Gordon setter,53,93,369,3128,0,1
1743860682187,Google Pixel 7a,TFLite,efficientnet_lite0,Granny_Smith.JPEG,Granny Smith,97,67,50,0,0,1
1743860682187,Google Pixel 7a,TFLite,efficientnet_lite0_int8,Granny_Smith.JPEG,jackfruit,59,61,17,349,0,0
1743860682187,Google Pixel 7a,PyTorch,mobilenet_v2,Granny_Smith.JPEG,Granny Smith,71,87,141,1088,0,1
1743860682861,Google Pixel 7a,TFLite,efficientnet_lite0,Great_Dane.JPEG,Great Dane,73,14,46,2572,0,1
1743860682862,Google Pixel 7a,TFLite,efficientnet_lite0_int8,Great_Dane.JPEG,Siberian husky,74,12,17,349,0,0
1743860682862,Google Pixel 7a,PyTorch,mobilenet_v2,Great_Dane.JPEG,Great Dane,8,25,318,3100,0,1
1743860683513,Google Pixel 7a,TFLite,efficientnet_lite0,Great_Pyrenees.JPEG,Samoyed,49,43,46,2604,0,2
1743860683513,Google Pixel 7a,TFLite,efficientnet_lite0_int8,Great_Pyrenees.JPEG,keeshond,80,00,17,381,0,0
1743860683513,Google Pixel 7a,PyTorch,mobilenet_v2,Great_Pyrenees.JPEG,Great Pyrenees,25,61,273,2656,0,1
1743860687162,Google Pixel 7a,TFLite,efficientnet_lite0,Greater_Swiss_Mountain_dog.JPEG,Greater Swiss Mountain dog,48,41,197,2636,0,1
1743860687163,Google Pixel 7a,TFLite,efficientnet_lite0_int8,Greater_Swiss_Mountain_dog.JPEG,Tibetan mastiff,83,14,107,381,0,0
1743860687164,Google Pixel 7a,PyTorch,mobilenet_v2,Greater_Swiss_Mountain_dog.JPEG,EntleBucher,36,08,1312,2720,0,2
1743860691233,Google Pixel 7a,TFLite,efficientnet_lite0,Ibizan_hound.JPEG,Ibizan hound,75,46,274,0,0,1
1743860691234,Google Pixel 7a,TFLite,efficientnet_lite0_int8,Ibizan_hound.JPEG,beagle,56,08,92,349,0,0
1743860691234,Google Pixel 7a,PyTorch,mobilenet_v2,Ibizan_hound.JPEG,Ibizan hound,71,05,1471,2768,0,1
1743860694210,Google Pixel 7a,TFLite,efficientnet_lite0,Indian_cobra.JPEG,Indian cobra,67,45,192,2572,0,1
1743860694211,Google Pixel 7a,TFLite,efficientnet_lite0_int8,Indian_cobra.JPEG,diamondback,92,55,118,381,0,0
1743860694211,Google Pixel 7a,PyTorch,mobilenet_v2,Indian_cobra.JPEG,Indian cobra,97,13,962,1824,0,1
1743860697626,Google Pixel 7a,TFLite,efficientnet_lite0,Indian_elephant.JPEG,Indian elephant,95,69,322,2604,0,0
1743860697627,Google Pixel 7a,TFLite,efficientnet_lite0_int8,Indian_elephant.JPEG,koala,52,55,111,349,0,0
1743860697628,Google Pixel 7a,PyTorch,mobilenet_v2,Indian_elephant.JPEG,Indian elephant,69,45,1062,2604,0,0
1743860698578,Google Pixel 7a,TFLite,efficientnet_lite0,Irish_setter.JPEG,Irish setter,87,30,190,2572,0,1
1743860698578,Google Pixel 7a,TFLite,efficientnet_lite0_int8,Irish_setter.JPEG,Chesapeake Bay retriever,65,10,64,381,0,0
1743860698578,Google Pixel 7a,PyTorch,mobilenet_v2,Irish_setter.JPEG,Irish setter,55,61,127,1792,0,1
1743860699045,Google Pixel 7a,TFLite,efficientnet_lite0,Irish_terrier.JPEG,Irish terrier,41,90,30,0,0,1
1743860699045,Google Pixel 7a,TFLite,efficientnet_lite0_int8,Irish_terrier.JPEG,wire-haired fox terrier,90,20,10,349,0,0
1743860699045,Google Pixel 7a,PyTorch,mobilenet_v2,Irish_terrier.JPEG,tub,4,78,202,3128,0,5
1743860699336,Google Pixel 7a,TFLite,efficientnet_lite0,Irish_water_spaniel.JPEG,Irish water spaniel,92,75,27,2636,0,1
1743860699336,Google Pixel 7a,TFLite,efficientnet_lite0_int8,Irish_water_spaniel.JPEG,red wolf,56,86,11,381,0,0
1743860699336,Google Pixel 7a,PyTorch,mobilenet_v2,Irish_water_spaniel.JPEG,Irish water spaniel,92,78,57,508,0,1
1743860699652,Google Pixel 7a,TFLite,efficientnet_lite0,Irish_wolfhound.JPEG,Irish wolfhound,48,54,27,2636,0,1
1743860699652,Google Pixel 7a,TFLite,efficientnet_lite0_int8,Irish_wolfhound.JPEG,Bedlington terrier,88,63,10,381,0,0
1743860699653,Google Pixel 7a,PyTorch,mobilenet_v2,Irish_wolfhound.JPEG,Irish wolfhound,60,12,84,1064,0,1
1743860704749,Google Pixel 7a,TFLite,efficientnet_lite0,Italian_greyhound.JPEG,feather boa,8,87,26,2604,0,3
1743860704749,Google Pixel 7a,TFLite,efficientnet_lite0_int8,Italian_greyhound.JPEG,fire screen,73,33,11,381,0,0
1743860704749,Google Pixel 7a,PyTorch,mobilenet_v2,Italian_greyhound.JPEG,Italian greyhound,1,34,4295,42051,0,1
1743860705181,Google Pixel 7a,TFLite,efficientnet_lite0,Japanese_spaniel.JPEG,Japanese spaniel,58,63,30,2572,0,1
1743860705181,Google Pixel 7a,TFLite,efficientnet_lite0_int8,Japanese_spaniel.JPEG,toy terrier,55,29,12,349,0,0
1743860705182,Google Pixel 7a,PyTorch,mobilenet_v2,Japanese_spaniel.JPEG,Japanese spaniel,74,06,142,2200,0,1
1743860705595,Google Pixel 7a,TFLite,efficientnet_lite0,Kerry_blue_terrier.JPEG,Kerry blue terrier,85,64,29,2572,0,1
1743860705595,Google Pixel 7a,TFLite,efficientnet_lite0_int8,Kerry_blue_terrier.JPEG,malinois,54,90,10,381,0,0
1743860705595,Google Pixel 7a,PyTorch,mobilenet_v2,Kerry_blue_terrier.JPEG,Kerry blue terrier,82,62,159,2380,0,1
1743860706380,Google Pixel 7a,TFLite,efficientnet_lite0,Komodo_dragon.JPEG,Komodo dragon,75,31,29,2572,0,1
1743860706381,Google Pixel 7a,TFLite,efficientnet_lite0_int8,Komodo_dragon.JPEG,thunder snake,90,98,12,381,0,0
1743860706381,Google Pixel 7a,PyTorch,mobilenet_v2,Komodo_dragon.JPEG,Komodo dragon,20,51,469,7504,0,1
1743860706824,Google Pixel 7a,TFLite,efficientnet_lite0,Labrador_retriever.JPEG,Labrador retriever,83,12,29,2572,0,1
1743860706824,Google Pixel 7a,TFLite,efficientnet_lite0_int8,Labrador_retriever.JPEG,Chesapeake Bay retriever,85,10,11,349,0,0
1743860706825,Google Pixel 7a,PyTorch,mobilenet_v2,Labrador_retriever.JPEG,Labrador retriever,33,30,184,2936,0,1
1743860707128,Google Pixel 7a,TFLite,efficientnet_lite0,Lakeland_terrier.JPEG,Lakeland terrier,85,70,28,2604,0,1
1743860707128,Google Pixel 7a,TFLite,efficientnet_lite0_int8,Lakeland_terrier.JPEG,cairn,56,86,11,349,0,0
1743860707128,Google Pixel 7a,PyTorch,mobilenet_v2,Lakeland_terrier.JPEG,Lakeland terrier,84,47,61,672,0,1
1743860707539,Google Pixel 7a,TFLite,efficientnet_lite0,Leonberg.JPEG,Leonberg,88,67,28,2604,0,1
1743860707539,Google Pixel 7a,TFLite,efficientnet_lite0_int8,Leonberg.JPEG,black-footed ferret,62,75,10,349,0,0
1743860707539,Google Pixel 7a,PyTorch,mobilenet_v2,Leonberg.JPEG,Leonberg,91,53,158,2604,0,1
1743860707968,Google Pixel 7a,TFLite,efficientnet_lite0,Lhasa.JPEG,plastic bag,22,86,29,2636,0,0
1743860707968,Google Pixel 7a,TFLite,efficientnet_lite0_int8,Lhasa.JPEG,space shuttle,53,73,10,349,0,0
1743860707968,Google Pixel 7a,PyTorch,mobilenet_v2,Lhasa.JPEG,sweatshirt,1,56,174,2684,0,0
1743860708405,Google Pixel 7a,TFLite,efficientnet_lite0,Loafer.JPEG,Loafer,94,15,28,2572,0,1
1743860708405,Google Pixel 7a,TFLite,efficientnet_lite0_int8,Loafer.JPEG,scale,51,76,10,349,0,0
1743860708405,Google Pixel 7a,PyTorch,mobilenet_v2,Loafer.JPEG,Loafer,92,58,181,2936,0,1
1743860708840,Google Pixel 7a,TFLite,efficientnet_lite0,Madagascar_cat.JPEG,African crocodile,17,44,28,2604,0,4
1743860708841,Google Pixel 7a,TFLite,efficientnet_lite0_int8,Madagascar_cat.JPEG,hognose snake,86,67,11,381,0,0
1743860708841,Google Pixel 7a,PyTorch,mobilenet_v2,Madagascar_cat.JPEG,Madagascar cat,13,29,174,2988,0,1
1743860709304,Google Pixel 7a,TFLite,efficientnet_lite0,Maltese_dog.JPEG,Maltese dog,72,25,28,2604,0,1
1743860709305,Google Pixel 7a,TFLite,efficientnet_lite0_int8,Maltese_dog.JPEG,Rhodesian ridgeback,54,51,11,331,0,0
1743860709305,Google Pixel 7a,PyTorch,mobilenet_v2,Maltese_dog.JPEG,Maltese dog,44,29,190,2968,0,1
1743860709653,Google Pixel 7a,TFLite,efficientnet_lite0,Mexican_hairless.JPEG,Mexican hairless,98,72,29,2604,0,1
1743860709653,Google Pixel 7a,TFLite,efficientnet_lite0_int8,Mexican_hairless.JPEG,otterhound,50,59,11,349,0,0
1743860709653,Google Pixel 7a,PyTorch,mobilenet_v2,Mexican_hairless.JPEG,Mexican hairless,99,77,88,984,0,1
1743860710134,Google Pixel 7a,TFLite,efficientnet_lite0,Model_T.JPEG,Model T,90,28,29,2604,0,1
1743860710134,Google Pixel 7a,TFLite,efficientnet_lite0_int8,Model_T.JPEG,hair spray,68,24,11,349,0,0
1743860710134,Google Pixel 7a,PyTorch,mobilenet_v2,Model_T.JPEG,Model T,84,49,211,3132,0,1
1743860710602,Google Pixel 7a,TFLite,efficientnet_lite0,Newfoundland.JPEG,Newfoundland,67,16,28,2636,0,1
1743860710603,Google Pixel 7a,TFLite,efficientnet_lite0_int8,Newfoundland.JPEG,Eskimo dog,62,35,10,349,0,0
1743860710603,Google Pixel 7a,PyTorch,mobilenet_v2,Newfoundland.JPEG,Newfoundland,64,90,196,3160,0,1
1743860711071,Google Pixel 7a,TFLite,efficientnet_lite0,Norfolk_terrier.JPEG,Norfolk terrier,49,04,29,0,0,1
1743860711071,Google Pixel 7a,TFLite,efficientnet_lite0_int8,Norfolk_terrier.JPEG,Lakeland terrier,96,86,11,381,0,0
1743860711071,Google Pixel 7a,PyTorch,mobilenet_v2,Norfolk_terrier.JPEG,Norfolk terrier,32,38,197,2936,0,1
1743860711368,Google Pixel 7a,TFLite,efficientnet_lite0,Norwegian_elkhound.JPEG,Eskimo dog,31,68,28,2636,0,0
1743860711368,Google Pixel 7a,TFLite,efficientnet_lite0_int8,Norwegian_elkhound.JPEG,affenpinscher,71,76,11,349,0,0
1743860711369,Google Pixel 7a,PyTorch,mobilenet_v2,Norwegian_elkhound.JPEG,Eskimo dog,58,09,52,460,0,0
1743860711769,Google Pixel 7a,TFLite,efficientnet_lite0,Norwich_terrier.JPEG,Norwich terrier,56,88,29,2604,0,1
1743860711769,Google Pixel 7a,TFLite,efficientnet_lite0_int8,Norwich_terrier.JPEG,Lakeland terrier,55,69,11,349,0,0
1743860711769,Google Pixel 7a,PyTorch,mobilenet_v2,Norwich_terrier.JPEG,Norwich terrier,15,99,143,1952,0,1
1743860712194,Google Pixel 7a,TFLite,efficientnet_lite0,Old_English_sheepdog.JPEG,Old English sheepdog,81,06,28,2636,0,1
1743860712194,Google Pixel 7a,TFLite,efficientnet_lite0_int8,Old_English_sheepdog.JPEG,Border collie,74,90,11,349,0,0
1743860712195,Google Pixel 7a,PyTorch,mobilenet_v2,Old_English_sheepdog.JPEG,Old English sheepdog,37,62,166,2604,0,1
1743860712728,Google Pixel 7a,TFLite,efficientnet_lite0,Pekinese.JPEG,Pekinese,97,34,27,2604,0,1
1743860712728,Google Pixel 7a,TFLite,efficientnet_lite0_int8,Pekinese.JPEG,Blenheim spaniel,52,16,10,349,0,0
1743860712728,Google Pixel 7a,PyTorch,mobilenet_v2,Pekinese.JPEG,Pekinese,37,22,262,0,0,1
1743860713187,Google Pixel 7a,TFLite,efficientnet_lite0,Pembroke.JPEG,Pembroke,88,14,28,2636,0,1
1743860713187,Google Pixel 7a,TFLite,efficientnet_lite0_int8,Pembroke.JPEG,Mexican hairless,54,51,11,349,0,0
1743860713187,Google Pixel 7a,PyTorch,mobilenet_v2,Pembroke.JPEG,Pembroke,73,10,192,2952,0,1
1743860713712,Google Pixel 7a,TFLite,efficientnet_lite0,Persian_cat.JPEG,Persian cat,88,30,28,2604,0,1
1743860713712,Google Pixel 7a,TFLite,efficientnet_lite0_int8,Persian_cat.JPEG,lion,54,90,11,349,0,0
1743860713712,Google Pixel 7a,PyTorch,mobilenet_v2,Persian_cat.JPEG,Persian cat,72,70,233,3368,0,1
1743860714015,Google Pixel 7a,TFLite,efficientnet_lite0,Petri_dish.JPEG,Petri dish,62,80,29,2604,0,1
1743860714015,Google Pixel 7a,TFLite,efficientnet_lite0_int8,Petri_dish.JPEG,motor scooter,60,39,11,349,0,0
1743860714016,Google Pixel 7a,PyTorch,mobilenet_v2,Petri_dish.JPEG,Petri dish,83,69,56,492,0,1
1743860714445,Google Pixel 7a,TFLite,efficientnet_lite0,Polaroid_camera.JPEG,Polaroid camera,82,02,29,2572,0,1
1743860714445,Google Pixel 7a,TFLite,efficientnet_lite0_int8,Polaroid_camera.JPEG,thimble,58,82,11,381,0,0
1743860714445,Google Pixel 7a,PyTorch,mobilenet_v2,Polaroid_camera.JPEG,Polaroid camera,14,69,174,2616,0,1
1743860714946,Google Pixel 7a,TFLite,efficientnet_lite0,Pomeranian.JPEG,Pomeranian,83,07,29,0,0,1
1743860714946,Google Pixel 7a,TFLite,efficientnet_lite0_int8,Pomeranian.JPEG,Cardigan,55,29,10,381,0,0
1743860714946,Google Pixel 7a,PyTorch,mobilenet_v2,Pomeranian.JPEG,Pomeranian,8,47,218,3408,0,1
1743860715372,Google Pixel 7a,TFLite,efficientnet_lite0,Rhodesian_ridgeback.JPEG,lynx,9,56,28,2604,0,0
1743860715372,Google Pixel 7a,TFLite,efficientnet_lite0_int8,Rhodesian_ridgeback.JPEG,tank,77,25,10,381,0,0
1743860715372,Google Pixel 7a,PyTorch,mobilenet_v2,Rhodesian_ridgeback.JPEG,dingo,4,65,166,2604,0,3
1743860715802,Google Pixel 7a,TFLite,efficientnet_lite0,Rottweiler.JPEG,Rottweiler,92,77,29,2604,0,1
1743860715802,Google Pixel 7a,TFLite,efficientnet_lite0_int8,Rottweiler.JPEG,Eskimo dog,59,22,10,349,0,0
1743860715802,Google Pixel 7a,PyTorch,mobilenet_v2,Rottweiler.JPEG,Rottweiler,24,84,171,2604,0,1
1743860716243,Google Pixel 7a,TFLite,efficientnet_lite0,Saint_Bernard.JPEG,Saint Bernard,80,03,29,2604,0,1
1743860716243,Google Pixel 7a,TFLite,efficientnet_lite0_int8,Saint_Bernard.JPEG,bull mastiff,68,63,11,349,0,0
1743860716243,Google Pixel 7a,PyTorch,mobilenet_v2,Saint_Bernard.JPEG,Saint Bernard,49,72,174,2616,0,1
1743860716673,Google Pixel 7a,TFLite,efficientnet_lite0,Saluki.JPEG,Saluki,87,86,29,0,0,1
1743860716673,Google Pixel 7a,TFLite,efficientnet_lite0_int8,Saluki.JPEG,bluetick,52,16,11,381,0,0
1743860716673,Google Pixel 7a,PyTorch,mobilenet_v2,Saluki.JPEG,Saluki,77,93,163,2616,0,1
1743860717133,Google Pixel 7a,TFLite,efficientnet_lite0,Samoyed.JPEG,Samoyed,52,40,28,2604,0,1
1743860717133,Google Pixel 7a,TFLite,efficientnet_lite0_int8,Samoyed.JPEG,Brabancon griffon,85,49,10,349,0,0
1743860717133,Google Pixel 7a,PyTorch,mobilenet_v2,Samoyed.JPEG,Samoyed,11,09,198,2968,0,1
1743860717467,Google Pixel 7a,TFLite,efficientnet_lite0,Scotch_terrier.JPEG,Scotch terrier,88,99,29,2572,0,1
1743860717467,Google Pixel 7a,TFLite,efficientnet_lite0_int8,Scotch_terrier.JPEG,silky terrier,54,12,11,349,0,0
1743860717467,Google Pixel 7a,PyTorch,mobilenet_v2,Scotch_terrier.JPEG,Scotch terrier,76,27,85,1000,0,1
1743860717928,Google Pixel 7a,TFLite,efficientnet_lite0,Scottish_deerhound.JPEG,giant schnauzer,31,27,28,2572,0,4
1743860717929,Google Pixel 7a,TFLite,efficientnet_lite0_int8,Scottish_deerhound.JPEG,Norwegian elkhound,60,00,10,381,0,0
1743860717929,Google Pixel 7a,PyTorch,mobilenet_v2,Scottish_deerhound.JPEG,Scottish deerhound,12,71,201,2936,0,1
1743860718229,Google Pixel 7a,TFLite,efficientnet_lite0,Sealyham_terrier.JPEG,Sealyham terrier,75,25,28,0,0,1
1743860718230,Google Pixel 7a,TFLite,efficientnet_lite0_int8,Sealyham_terrier.JPEG,standard schnauzer,83,53,11,381,0,0
1743860718230,Google Pixel 7a,PyTorch,mobilenet_v2,Sealyham_terrier.JPEG,Sealyham terrier,97,66,51,456,0,1
1743860718711,Google Pixel 7a,TFLite,efficientnet_lite0,Shetland_sheepdog.JPEG,English springer,10,70,27,2636,0,2
1743860718711,Google Pixel 7a,TFLite,efficientnet_lite0_int8,Shetland_sheepdog.JPEG,West Highland white terrier,69,02,11,349,0,0
1743860718711,Google Pixel 7a,PyTorch,mobilenet_v2,Shetland_sheepdog.JPEG,English springer,4,96,214,2968,0,4
1743860720595,Google Pixel 7a,TFLite,efficientnet_lite0,Shih-Tzu.JPEG,Shih-Tzu,66,57,28,2604,1,0
1743860720596,Google Pixel 7a,TFLite,efficientnet_lite0_int8,Shih-Tzu.JPEG,Rhodesian ridgeback,97,65,10,349,1,0
1743860720596,Google Pixel 7a,PyTorch,mobilenet_v2,Shih-Tzu.JPEG,Lhasa,5,05,1458,7284,1,0
1743860721075,Google Pixel 7a,TFLite,efficientnet_lite0,Siamese_cat.JPEG,Siamese cat,98,87,31,2604,0,1
1743860721075,Google Pixel 7a,TFLite,efficientnet_lite0_int8,Siamese_cat.JPEG,tench,50,20,11,349,0,0
1743860721075,Google Pixel 7a,PyTorch,mobilenet_v2,Siamese_cat.JPEG,Siamese cat,73,52,191,2936,0,1
1743860721544,Google Pixel 7a,TFLite,efficientnet_lite0,Siberian_husky.JPEG,keeshond,34,67,29,2604,0,0
1743860721545,Google Pixel 7a,TFLite,efficientnet_lite0_int8,Siberian_husky.JPEG,chow,66,67,10,381,0,0
1743860721545,Google Pixel 7a,PyTorch,mobilenet_v2,Siberian_husky.JPEG,Great Pyrenees,4,31,197,2924,0,0
1743860722007,Google Pixel 7a,TFLite,efficientnet_lite0,Staffordshire_bullterrier.JPEG,Staffordshire bullterrier,72,43,29,2572,0,1
1743860722007,Google Pixel 7a,TFLite,efficientnet_lite0_int8,Staffordshire_bullterrier.JPEG,Irish terrier,60,00,10,349,0,0
1743860722007,Google Pixel 7a,PyTorch,mobilenet_v2,Staffordshire_bullterrier.JPEG,Staffordshire bullterrier,44,99,195,2936,0,1
1743860722412,Google Pixel 7a,TFLite,efficientnet_lite0,Sussex_spaniel.JPEG,Sussex spaniel,88,63,29,2636,0,1
1743860722412,Google Pixel 7a,TFLite,efficientnet_lite0_int8,Sussex_spaniel.JPEG,chow,64,31,11,349,0,4
1743860722412,Google Pixel 7a,PyTorch,mobilenet_v2,Sussex_spaniel.JPEG,Sussex spaniel,45,92,144,2140,0,1
1743860722867,Google Pixel 7a,TFLite,efficientnet_lite0,Tibetan_mastiff.JPEG,Tibetan mastiff,99,16,29,2604,0,1
1743860722867,Google Pixel 7a,TFLite,efficientnet_lite0_int8,Tibetan_mastiff.JPEG,tench,50,20,11,349,0,0
1743860722867,Google Pixel 7a,PyTorch,mobilenet_v2,Tibetan_mastiff.JPEG,Tibetan mastiff,93,48,190,2968,0,1
1743860723321,Google Pixel 7a,TFLite,efficientnet_lite0,Tibetan_terrier.JPEG,Tibetan terrier,83,94,29,2604,0,1
1743860723321,Google Pixel 7a,TFLite,efficientnet_lite0_int8,Tibetan_terrier.JPEG,silky terrier,51,76,11,349,0,3
1743860723321,Google Pixel 7a,PyTorch,mobilenet_v2,Tibetan_terrier.JPEG,Tibetan terrier,65,20,190,2792,0,1
1743860723747,Google Pixel 7a,TFLite,efficientnet_lite0,Walker_hound.JPEG,Walker hound,48,81,29,2572,0,1
1743860723747,Google Pixel 7a,TFLite,efficientnet_lite0_int8,Walker_hound.JPEG,Irish wolfhound,67,84,12,381,0,0
1743860723747,Google Pixel 7a,PyTorch,mobilenet_v2,Walker_hound.JPEG,Walker hound,38,97,157,2428,0,1
1743860724189,Google Pixel 7a,TFLite,efficientnet_lite0,Weimaraner.JPEG,Weimaraner,92,86,28,2604,0,1
1743860724189,Google Pixel 7a,TFLite,efficientnet_lite0_int8,Weimaraner.JPEG,Brittany spaniel,51,76,10,349,0,0
1743860724189,Google Pixel 7a,PyTorch,mobilenet_v2,Weimaraner.JPEG,Weimaraner,32,31,184,2936,0,1
1743860724498,Google Pixel 7a,TFLite,efficientnet_lite0,Welsh_springer_spaniel.JPEG,English springer,50,54,28,2604,0,2
1743860724498,Google Pixel 7a,TFLite,efficientnet_lite0_int8,Welsh_springer_spaniel.JPEG,kuvasz,96,86,10,349,0,0
1743860724498,Google Pixel 7a,PyTorch,mobilenet_v2,Welsh_springer_spaniel.JPEG,Welsh springer spaniel,72,99,64,776,0,1
1743860724986,Google Pixel 7a,TFLite,efficientnet_lite0,West_Highland_white_terrier.JPEG,West Highland white terrier,86,24,36,0,0,1
1743860724986,Google Pixel 7a,TFLite,efficientnet_lite0_int8,West_Highland_white_terrier.JPEG,papillon,54,90,13,381,0,0
1743860724986,Google Pixel 7a,PyTorch,mobilenet_v2,West_Highland_white_terrier.JPEG,West Highland white terrier,21,38,191,2936,0,1
1743860725333,Google Pixel 7a,TFLite,efficientnet_lite0,Windsor_tie.JPEG,Windsor tie,78,78,29,2572,0,1
1743860725333,Google Pixel 7a,TFLite,efficientnet_lite0_int8,Windsor_tie.JPEG,sunscreen,62,35,10,381,0,0
1743860725333,Google Pixel 7a,PyTorch,mobilenet_v2,Windsor_tie.JPEG,Windsor tie,62,79,94,1208,0,1
1743860725743,Google Pixel 7a,TFLite,efficientnet_lite0,Yorkshire_terrier.JPEG,Yorkshire terrier,50,28,28,2572,0,1
1743860725743,Google Pixel 7a,TFLite,efficientnet_lite0_int8,Yorkshire_terrier.JPEG,Airedale,92,16,11,349,0,0
1743860725743,Google Pixel 7a,PyTorch,mobilenet_v2,Yorkshire_terrier.JPEG,Yorkshire terrier,8,07,155,2328,0,1
1743860726044,Google Pixel 7a,TFLite,efficientnet_lite0,abacus.JPEG,abacus,95,87,28,2604,0,1
1743860726045,Google Pixel 7a,TFLite,efficientnet_lite0_int8,abacus.JPEG,shield,59,22,11,381,0,0
1743860726045,Google Pixel 7a,PyTorch,mobilenet_v2,abacus.JPEG,abacus,99,21,55,348,0,1
1743860727326,Google Pixel 7a,TFLite,efficientnet_lite0,abaya.JPEG,abaya,95,78,28,2604,0,1
1743860727326,Google Pixel 7a,TFLite,efficientnet_lite0_int8,abaya.JPEG,poncho,51,37,11,349,0,0
1743860727326,Google Pixel 7a,PyTorch,mobilenet_v2,abaya.JPEG,suit,3,15,915,0,0,2
1743860728122,Google Pixel 7a,TFLite,efficientnet_lite0,academic_gown.JPEG,academic gown,78,91,47,2668,0,1
1743860728123,Google Pixel 7a,TFLite,efficientnet_lite0_int8,academic_gown.JPEG,mountain bike,75,69,17,349,0,0
1743860728123,Google Pixel 7a,PyTorch,mobilenet_v2,academic_gown.JPEG,academic gown,70,87,399,3744,0,1
1743860730972,Google Pixel 7a,TFLite,efficientnet_lite0,accordion.JPEG,wine bottle,9,11,46,2572,0,2
1743860730972,Google Pixel 7a,TFLite,efficientnet_lite0_int8,accordion.JPEG,vacuum,65,10,82,381,0,0
1743860730973,Google Pixel 7a,PyTorch,mobilenet_v2,accordion.JPEG,red wine,9,02,1264,3184,0,4
1743860736344,Google Pixel 7a,TFLite,efficientnet_lite0,acorn.JPEG,acorn,10,01,310,2604,0,0
1743860736344,Google Pixel 7a,TFLite,efficientnet_lite0_int8,acorn.JPEG,agaric,60,78,123,349,0,0
1743860736345,Google Pixel 7a,PyTorch,mobilenet_v2,acorn.JPEG,marmot,4,05,2943,2636,0,0
1743860738664,Google Pixel 7a,TFLite,efficientnet_lite0,acorn_squash.JPEG,acorn squash,59,61,299,2572,0,1
1743860738665,Google Pixel 7a,TFLite,efficientnet_lite0_int8,acorn_squash.JPEG,artichoke,72,16,122,349,0,0
1743860738665,Google Pixel 7a,PyTorch,mobilenet_v2,acorn_squash.JPEG,acorn squash,85,91,461,456,0,1
1743860744302,Google Pixel 7a,TFLite,efficientnet_lite0,acoustic_guitar.JPEG,acoustic guitar,82,71,234,2604,0,1
1743860744303,Google Pixel 7a,TFLite,efficientnet_lite0_int8,acoustic_guitar.JPEG,pier,56,08,81,349,0,0
1743860744304,Google Pixel 7a,PyTorch,mobilenet_v2,acoustic_guitar.JPEG,acoustic guitar,33,42,3365,5112,0,1
1743860747895,Google Pixel 7a,TFLite,efficientnet_lite0,admiral.JPEG,admiral,97,93,262,2604,0,1
1743860747896,Google Pixel 7a,TFLite,efficientnet_lite0_int8,admiral.JPEG,wood rabbit,50,98,109,349,0,0
1743860747896,Google Pixel 7a,PyTorch,mobilenet_v2,admiral.JPEG,admiral,73,30,1174,2600,0,1
1743860752113,Google Pixel 7a,TFLite,efficientnet_lite0,affenpinscher.JPEG,affenpinscher,90,82,285,2604,0,1
1743860752114,Google Pixel 7a,TFLite,efficientnet_lite0_int8,affenpinscher.JPEG,Newfoundland,79,61,106,349,0,0
1743860752115,Google Pixel 7a,PyTorch,mobilenet_v2,affenpinscher.JPEG,affenpinscher,25,43,1694,3552,0,1
1743860755211,Google Pixel 7a,TFLite,efficientnet_lite0,agama.JPEG,agama,92,18,296,0,0,1
1743860755212,Google Pixel 7a,TFLite,efficientnet_lite0_int8,agama.JPEG,spiny lobster,55,29,81,349,0,4
1743860755212,Google Pixel 7a,PyTorch,mobilenet_v2,agama.JPEG,agama,49,25,1217,2672,0,1
1743860759180,Google Pixel 7a,TFLite,efficientnet_lite0,agaric.JPEG,agaric,79,39,274,2572,0,0
1743860759181,Google Pixel 7a,TFLite,efficientnet_lite0_int8,agaric.JPEG,lemon,64,71,147,381,0,0
1743860759181,Google Pixel 7a,PyTorch,mobilenet_v2,agaric.JPEG,agaric,73,04,1544,2936,0,0
1743860762991,Google Pixel 7a,TFLite,efficientnet_lite0,aircraft_carrier.JPEG,aircraft carrier,97,98,230,2604,0,1
1743860762991,Google Pixel 7a,TFLite,efficientnet_lite0_int8,aircraft_carrier.JPEG,drilling platform,50,59,67,349,0,0
1743860762991,Google Pixel 7a,PyTorch,mobilenet_v2,aircraft_carrier.JPEG,aircraft carrier,58,61,1691,4224,0,1
1743860766268,Google Pixel 7a,TFLite,efficientnet_lite0,airliner.JPEG,airliner,79,81,298,2572,0,1
1743860766268,Google Pixel 7a,TFLite,efficientnet_lite0_int8,airliner.JPEG,worm fence,57,65,104,349,0,0
1743860766269,Google Pixel 7a,PyTorch,mobilenet_v2,airliner.JPEG,wing,49,41,1119,0,0,2
1743860767284,Google Pixel 7a,TFLite,efficientnet_lite0,airship.JPEG,airship,97,36,187,2572,0,1
1743860767284,Google Pixel 7a,TFLite,efficientnet_lite0_int8,airship.JPEG,tench,50,20,55,349,0,0
1743860767284,Google Pixel 7a,PyTorch,mobilenet_v2,airship.JPEG,airship,100,00,80,1048,0,1
1743860767716,Google Pixel 7a,TFLite,efficientnet_lite0,albatross.JPEG,albatross,95,19,29,2572,0,1
1743860767716,Google Pixel 7a,TFLite,efficientnet_lite0_int8,albatross.JPEG,platypus,51,76,11,381,0,0
1743860767716,Google Pixel 7a,PyTorch,mobilenet_v2,albatross.JPEG,albatross,22,38,166,2664,0,1
1743860768458,Google Pixel 7a,TFLite,efficientnet_lite0,alligator_lizard.JPEG,alligator lizard,32,68,27,2636,0,1
1743860768458,Google Pixel 7a,TFLite,efficientnet_lite0_int8,alligator_lizard.JPEG,king snake,65,88,10,349,0,0
1743860768458,Google Pixel 7a,PyTorch,mobilenet_v2,alligator_lizard.JPEG,alligator lizard,18,66,412,3980,0,1
1743860770365,Google Pixel 7a,TFLite,efficientnet_lite0,alp.JPEG,valley,80,16,45,2604,0,2
1743860770369,Google Pixel 7a,TFLite,efficientnet_lite0_int8,alp.JPEG,geyser,61,96,17,349,0,0
1743860770371,Google Pixel 7a,PyTorch,mobilenet_v2,alp.JPEG,valley,71,02,958,0,0,2
1743860774251,Google Pixel 7a,TFLite,efficientnet_lite0,altar.JPEG,fountain,55,92,177,2572,0,2
1743860774252,Google Pixel 7a,TFLite,efficientnet_lite0_int8,altar.JPEG,French horn,98,43,65,349,0,0
1743860774253,Google Pixel 7a,PyTorch,mobilenet_v2,altar.JPEG,organ,7,71,1466,2636,0,3
1743860780339,Google Pixel 7a,TFLite,efficientnet_lite0,ambulance.JPEG,ambulance,93,48,297,2572,0,1
1743860780340,Google Pixel 7a,TFLite,efficientnet_lite0_int8,ambulance.JPEG,mitten,56,86,111,349,0,0
1743860780340,Google Pixel 7a,PyTorch,mobilenet_v2,ambulance.JPEG,ambulance,39,77,3032,6652,0,1
1743860784191,Google Pixel 7a,TFLite,efficientnet_lite0,amphibian.JPEG,amphibian,97,42,220,2604,0,1
1743860784192,Google Pixel 7a,TFLite,efficientnet_lite0_int8,amphibian.JPEG,bearskin,50,59,104,349,0,0
1743860784192,Google Pixel 7a,PyTorch,mobilenet_v2,amphibian.JPEG,tub,4,93,1417,2924,0,0
1743860787399,Google Pixel 7a,TFLite,efficientnet_lite0,analog_clock.JPEG,analog clock,39,53,354,0,0,1
1743860787399,Google Pixel 7a,TFLite,efficientnet_lite0_int8,analog_clock.JPEG,assault rifle,98,82,96,349,0,0
1743860787400,Google Pixel 7a,PyTorch,mobilenet_v2,analog_clock.JPEG,analog clock,57,80,901,1756,0,1
1743860790149,Google Pixel 7a,TFLite,efficientnet_lite0,anemone_fish.JPEG,anemone fish,69,57,248,2604,0,1
1743860790149,Google Pixel 7a,TFLite,efficientnet_lite0_int8,anemone_fish.JPEG,puffer,91,76,106,349,0,0
1743860790150,Google Pixel 7a,PyTorch,mobilenet_v2,anemone_fish.JPEG,anemone fish,59,99,747,3180,0,1
1743860791028,Google Pixel 7a,TFLite,efficientnet_lite0,ant.JPEG,ant,71,84,30,2572,0,0
1743860791029,Google Pixel 7a,TFLite,efficientnet_lite0_int8,ant.JPEG,cicada,53,73,11,349,0,0
1743860791029,Google Pixel 7a,PyTorch,mobilenet_v2,ant.JPEG,ant,6,29,565,7516,0,0
1743860791499,Google Pixel 7a,TFLite,efficientnet_lite0,apiary.JPEG,apiary,95,07,27,2572,0,1
1743860791499,Google Pixel 7a,TFLite,efficientnet_lite0_int8,apiary.JPEG,mosque,50,98,12,0,0,0
1743860791499,Google Pixel 7a,PyTorch,mobilenet_v2,apiary.JPEG,apiary,74,79,209,3368,0,1
1743860792022,Google Pixel 7a,TFLite,efficientnet_lite0,apron.JPEG,apron,88,39,27,2636,0,1
1743860792023,Google Pixel 7a,TFLite,efficientnet_lite0_int8,apron.JPEG,parachute,52,55,10,349,0,0
1743860792023,Google Pixel 7a,PyTorch,mobilenet_v2,apron.JPEG,desk,18,53,259,4044,0,2
1743860792534,Google Pixel 7a,TFLite,efficientnet_lite0,armadillo.JPEG,armadillo,55,11,27,2636,0,1
1743860792534,Google Pixel 7a,TFLite,efficientnet_lite0_int8,armadillo.JPEG,frilled lizard,51,76,10,349,0,0
1743860792534,Google Pixel 7a,PyTorch,mobilenet_v2,armadillo.JPEG,armadillo,28,04,240,3808,0,1
1743860792972,Google Pixel 7a,TFLite,efficientnet_lite0,artichoke.JPEG,artichoke,22,46,27,2572,0,1
1743860792972,Google Pixel 7a,TFLite,efficientnet_lite0_int8,artichoke.JPEG,cucumber,51,76,10,349,0,0
1743860792972,Google Pixel 7a,PyTorch,mobilenet_v2,artichoke.JPEG,artichoke,95,52,185,0,0,1
1743860793503,Google Pixel 7a,TFLite,efficientnet_lite0,ashcan.JPEG,ashcan,25,10,28,2604,0,1
1743860793504,Google Pixel 7a,TFLite,efficientnet_lite0_int8,ashcan.JPEG,coil,69,80,10,349,0,0
1743860793504,Google Pixel 7a,PyTorch,mobilenet_v2,ashcan.JPEG,bathing cap,6,13,263,4316,0,0
1743860793926,Google Pixel 7a,TFLite,efficientnet_lite0,assault_rifle.JPEG,assault rifle,57,46,28,2604,0,1
1743860793926,Google Pixel 7a,TFLite,efficientnet_lite0_int8,assault_rifle.JPEG,rugby ball,95,29,10,349,0,0
1743860793926,Google Pixel 7a,PyTorch,mobilenet_v2,assault_rifle.JPEG,assault rifle,20,71,166,2604,0,1
1743860794328,Google Pixel 7a,TFLite,efficientnet_lite0,axolotl.JPEG,common newt,68,54,28,2572,0,0
1743860794328,Google Pixel 7a,TFLite,efficientnet_lite0_int8,axolotl.JPEG,bullfrog,70,59,10,349,0,0
1743860794328,Google Pixel 7a,PyTorch,mobilenet_v2,axolotl.JPEG,common newt,52,53,153,2236,0,0
1743860794834,Google Pixel 7a,TFLite,efficientnet_lite0,baboon.JPEG,baboon,88,61,27,2604,0,1
1743860794834,Google Pixel 7a,TFLite,efficientnet_lite0_int8,baboon.JPEG,marmoset,53,33,10,349,0,0
1743860794834,Google Pixel 7a,PyTorch,mobilenet_v2,baboon.JPEG,baboon,55,46,247,0,0,1
1743860795295,Google Pixel 7a,TFLite,efficientnet_lite0,backpack.JPEG,backpack,37,79,28,2700,0,1
1743860795295,Google Pixel 7a,TFLite,efficientnet_lite0_int8,backpack.JPEG,washer,98,43,10,381,0,0
1743860795295,Google Pixel 7a,PyTorch,mobilenet_v2,backpack.JPEG,backpack,16,92,201,3288,0,1
1743860795727,Google Pixel 7a,TFLite,efficientnet_lite0,badger.JPEG,badger,97,51,27,2636,0,1
1743860795727,Google Pixel 7a,TFLite,efficientnet_lite0_int8,badger.JPEG,tench,50,20,10,381,0,0
1743860795727,Google Pixel 7a,PyTorch,mobilenet_v2,badger.JPEG,badger,96,46,175,2700,0,1
1743860796156,Google Pixel 7a,TFLite,efficientnet_lite0,bagel.JPEG,dough,19,98,28,2604,0,4
1743860796156,Google Pixel 7a,TFLite,efficientnet_lite0_int8,bagel.JPEG,potpie,64,71,10,381,0,0
1743860796156,Google Pixel 7a,PyTorch,mobilenet_v2,bagel.JPEG,bagel,14,61,169,2604,0,1
1743860796622,Google Pixel 7a,TFLite,efficientnet_lite0,bakery.JPEG,bakery,64,37,28,2604,0,1
1743860796622,Google Pixel 7a,TFLite,efficientnet_lite0_int8,bakery.JPEG,cleaver,66,27,10,349,0,0
1743860796622,Google Pixel 7a,PyTorch,mobilenet_v2,bakery.JPEG,refrigerator,13,18,207,0,0,3
1743860797043,Google Pixel 7a,TFLite,efficientnet_lite0,balance_beam.JPEG,balance beam,26,16,28,2604,0,1
1743860797043,Google Pixel 7a,TFLite,efficientnet_lite0_int8,balance_beam.JPEG,tile roof,84,71,10,349,0,0
1743860797043,Google Pixel 7a,PyTorch,mobilenet_v2,balance_beam.JPEG,balance beam,13,26,167,2604,0,1
1743860797480,Google Pixel 7a,TFLite,efficientnet_lite0,bald_eagle.JPEG,bald eagle,91,80,27,2604,0,1
1743860797480,Google Pixel 7a,TFLite,efficientnet_lite0_int8,bald_eagle.JPEG,European fire salamander,57,25,11,349,0,0
1743860797480,Google Pixel 7a,PyTorch,mobilenet_v2,bald_eagle.JPEG,bald eagle,46,42,172,2620,0,1
1743860797930,Google Pixel 7a,TFLite,efficientnet_lite0,balloon.JPEG,balloon,96,74,28,2604,0,1
1743860797930,Google Pixel 7a,TFLite,efficientnet_lite0_int8,balloon.JPEG,tench,50,20,10,349,0,0
1743860797930,Google Pixel 7a,PyTorch,mobilenet_v2,balloon.JPEG,balloon,99,52,191,2968,0,1
1743860798400,Google Pixel 7a,TFLite,efficientnet_lite0,ballplayer.JPEG,ballplayer,93,00,28,2604,0,1
1743860798401,Google Pixel 7a,TFLite,efficientnet_lite0_int8,ballplayer.JPEG,seat belt,56,47,10,349,0,0
1743860798401,Google Pixel 7a,PyTorch,mobilenet_v2,ballplayer.JPEG,ballplayer,95,74,209,0,0,1
1743860798699,Google Pixel 7a,TFLite,efficientnet_lite0,ballpoint.JPEG,ballpoint,43,49,28,2636,0,1
1743860798699,Google Pixel 7a,TFLite,efficientnet_lite0_int8,ballpoint.JPEG,barbell,68,63,10,349,0,0
1743860798699,Google Pixel 7a,PyTorch,mobilenet_v2,ballpoint.JPEG,ballpoint,56,54,58,504,0,1
1743860799154,Google Pixel 7a,TFLite,efficientnet_lite0,banana.JPEG,banana,83,49,28,2604,0,1
1743860799154,Google Pixel 7a,TFLite,efficientnet_lite0_int8,banana.JPEG,hay,96,08,10,349,0,0
1743860799154,Google Pixel 7a,PyTorch,mobilenet_v2,banana.JPEG,ear,19,23,196,2924,0,3
1743860799627,Google Pixel 7a,TFLite,efficientnet_lite0,banded_gecko.JPEG,banded gecko,60,79,28,2604,0,1
1743860799627,Google Pixel 7a,TFLite,efficientnet_lite0_int8,banded_gecko.JPEG,agama,94,51,10,349,0,0
1743860799627,Google Pixel 7a,PyTorch,mobilenet_v2,banded_gecko.JPEG,banded gecko,85,25,174,1388,0,1
1743860800300,Google Pixel 7a,TFLite,efficientnet_lite0,banjo.JPEG,banjo,96,99,45,2636,0,1
1743860800300,Google Pixel 7a,TFLite,efficientnet_lite0_int8,banjo.JPEG,electric fan,51,37,17,349,0,0
1743860800300,Google Pixel 7a,PyTorch,mobilenet_v2,banjo.JPEG,banjo,70,03,321,2936,0,1
1743860800956,Google Pixel 7a,TFLite,efficientnet_lite0,bannister.JPEG,hamper,23,65,47,0,0,0
1743860800956,Google Pixel 7a,TFLite,efficientnet_lite0_int8,bannister.JPEG,hard disc,67,45,17,381,0,0
1743860800956,Google Pixel 7a,PyTorch,mobilenet_v2,bannister.JPEG,bannister,30,46,302,2936,0,1
1743860801621,Google Pixel 7a,TFLite,efficientnet_lite0,barbell.JPEG,barbell,99,72,45,2604,0,1
1743860801621,Google Pixel 7a,TFLite,efficientnet_lite0_int8,barbell.JPEG,tench,50,20,17,349,0,0
1743860801622,Google Pixel 7a,PyTorch,mobilenet_v2,barbell.JPEG,barbell,98,92,310,2936,0,1
1743860802259,Google Pixel 7a,TFLite,efficientnet_lite0,barber_chair.JPEG,barber chair,83,37,45,2604,0,1
1743860802259,Google Pixel 7a,TFLite,efficientnet_lite0_int8,barber_chair.JPEG,barrow,66,27,17,381,0,0
1743860802259,Google Pixel 7a,PyTorch,mobilenet_v2,barber_chair.JPEG,barber chair,56,63,276,2636,0,1
1743860802945,Google Pixel 7a,TFLite,efficientnet_lite0,barbershop.JPEG,barber chair,54,69,45,2604,0,3
1743860802945,Google Pixel 7a,TFLite,efficientnet_lite0_int8,barbershop.JPEG,barrel,68,24,17,349,0,0
1743860802945,Google Pixel 7a,PyTorch,mobilenet_v2,barbershop.JPEG,holster,7,22,328,2968,0,0
1743860803428,Google Pixel 7a,TFLite,efficientnet_lite0,barn.JPEG,barn,99,45,47,0,0,0
1743860803428,Google Pixel 7a,TFLite,efficientnet_lite0_int8,barn.JPEG,bookcase,50,59,17,349,0,0
1743860803428,Google Pixel 7a,PyTorch,mobilenet_v2,barn.JPEG,barn,88,09,164,2668,0,0
1743860803809,Google Pixel 7a,TFLite,efficientnet_lite0,barn_spider.JPEG,magpie,35,96,28,2636,0,0
1743860803810,Google Pixel 7a,TFLite,efficientnet_lite0_int8,barn_spider.JPEG,bald eagle,54,51,10,349,0,0
1743860803810,Google Pixel 7a,PyTorch,mobilenet_v2,barn_spider.JPEG,bustard,13,61,134,1932,0,0
1743860804260,Google Pixel 7a,TFLite,efficientnet_lite0,barometer.JPEG,guillotine,25,80,28,2668,0,3
1743860804260,Google Pixel 7a,TFLite,efficientnet_lite0_int8,barometer.JPEG,cinema,62,75,10,381,0,0
1743860804261,Google Pixel 7a,PyTorch,mobilenet_v2,barometer.JPEG,analog clock,3,68,189,3180,0,3
1743860805148,Google Pixel 7a,TFLite,efficientnet_lite0,barracouta.JPEG,barracouta,96,56,28,2604,0,1
1743860805148,Google Pixel 7a,TFLite,efficientnet_lite0_int8,barracouta.JPEG,hammerhead,52,94,11,381,0,0
1743860805148,Google Pixel 7a,PyTorch,mobilenet_v2,barracouta.JPEG,barracouta,6,01,570,0,0,1
1743860805570,Google Pixel 7a,TFLite,efficientnet_lite0,barrel.JPEG,rain barrel,89,58,28,2572,0,2
1743860805570,Google Pixel 7a,TFLite,efficientnet_lite0_int8,barrel.JPEG,bassinet,58,43,10,349,0,0
1743860805570,Google Pixel 7a,PyTorch,mobilenet_v2,barrel.JPEG,rain barrel,23,13,164,2496,0,4
1743860806020,Google Pixel 7a,TFLite,efficientnet_lite0,barrow.JPEG,barrow,99,65,28,2572,0,1
1743860806020,Google Pixel 7a,TFLite,efficientnet_lite0_int8,barrow.JPEG,tench,50,20,10,381,0,0
1743860806020,Google Pixel 7a,PyTorch,mobilenet_v2,barrow.JPEG,barrow,43,05,190,2936,0,1
1743860806462,Google Pixel 7a,TFLite,efficientnet_lite0,baseball.JPEG,baseball,64,77,29,2636,0,1
1743860806462,Google Pixel 7a,TFLite,efficientnet_lite0_int8,baseball.JPEG,bathing cap,72,55,11,349,0,0
1743860806462,Google Pixel 7a,PyTorch,mobilenet_v2,baseball.JPEG,baseball,31,20,178,2636,0,1
1743860806914,Google Pixel 7a,TFLite,efficientnet_lite0,basenji.JPEG,basenji,93,74,28,2572,0,1
1743860806914,Google Pixel 7a,TFLite,efficientnet_lite0_int8,basenji.JPEG,beagle,51,76,10,349,0,0
1743860806914,Google Pixel 7a,PyTorch,mobilenet_v2,basenji.JPEG,basenji,34,98,194,2936,0,1
1743860807340,Google Pixel 7a,TFLite,efficientnet_lite0,basketball.JPEG,basketball,53,91,27,2604,0,1
1743860807340,Google Pixel 7a,TFLite,efficientnet_lite0_int8,basketball.JPEG,wardrobe,65,10,10,349,0,0
1743860807340,Google Pixel 7a,PyTorch,mobilenet_v2,basketball.JPEG,basketball,85,52,170,2604,0,1
1743860807769,Google Pixel 7a,TFLite,efficientnet_lite0,basset.JPEG,basset,68,47,28,2572,0,1
1743860807770,Google Pixel 7a,TFLite,efficientnet_lite0_int8,basset.JPEG,Walker hound,78,04,10,381,0,0
1743860807770,Google Pixel 7a,PyTorch,mobilenet_v2,basset.JPEG,basset,21,36,175,2816,0,1
1743860808230,Google Pixel 7a,TFLite,efficientnet_lite0,bassinet.JPEG,bassinet,95,35,29,0,0,1
1743860808231,Google Pixel 7a,TFLite,efficientnet_lite0_int8,bassinet.JPEG,crib,54,51,10,349,0,0
1743860808231,Google Pixel 7a,PyTorch,mobilenet_v2,bassinet.JPEG,bassinet,64,22,184,2936,0,1
1743860808684,Google Pixel 7a,TFLite,efficientnet_lite0,bassoon.JPEG,bassoon,90,76,28,2572,0,1
1743860808685,Google Pixel 7a,TFLite,efficientnet_lite0_int8,bassoon.JPEG,schooner,76,08,10,349,0,0
1743860808685,Google Pixel 7a,PyTorch,mobilenet_v2,bassoon.JPEG,bassoon,79,17,193,2936,0,1
1743860809148,Google Pixel 7a,TFLite,efficientnet_lite0,bath_towel.JPEG,bath towel,81,40,28,2604,0,1
1743860809148,Google Pixel 7a,TFLite,efficientnet_lite0_int8,bath_towel.JPEG,parachute,56,86,11,381,0,0
1743860809148,Google Pixel 7a,PyTorch,mobilenet_v2,bath_towel.JPEG,bath towel,13,96,191,2936,0,1
1743860809597,Google Pixel 7a,TFLite,efficientnet_lite0,bathing_cap.JPEG,bathing cap,99,64,28,2604,0,1
1743860809597,Google Pixel 7a,TFLite,efficientnet_lite0_int8,bathing_cap.JPEG,tench,50,20,11,349,0,0
1743860809597,Google Pixel 7a,PyTorch,mobilenet_v2,bathing_cap.JPEG,bathing cap,84,02,187,2936,0,1
1743860810117,Google Pixel 7a,TFLite,efficientnet_lite0,bathtub.JPEG,bathtub,54,44,36,0,0,1
1743860810117,Google Pixel 7a,TFLite,efficientnet_lite0_int8,bathtub.JPEG,water tower,92,94,11,349,0,0
1743860810118,Google Pixel 7a,PyTorch,mobilenet_v2,bathtub.JPEG,bathtub,46,94,237,3740,0,1
1743860810545,Google Pixel 7a,TFLite,efficientnet_lite0,beach_wagon.JPEG,beach wagon,73,81,28,2572,0,1
1743860810545,Google Pixel 7a,TFLite,efficientnet_lite0_int8,beach_wagon.JPEG,mobile home,54,90,10,349,0,0
1743860810545,Google Pixel 7a,PyTorch,mobilenet_v2,beach_wagon.JPEG,beach wagon,32,68,170,2604,0,1
1743860810989,Google Pixel 7a,TFLite,efficientnet_lite0,beacon.JPEG,beacon,85,02,28,2604,0,1
1743860810989,Google Pixel 7a,TFLite,efficientnet_lite0_int8,beacon.JPEG,window screen,52,55,11,349,0,0
1743860810989,Google Pixel 7a,PyTorch,mobilenet_v2,beacon.JPEG,beacon,81,30,183,2936,0,1
1743860811663,Google Pixel 7a,TFLite,efficientnet_lite0,beagle.JPEG,bluetick,53,28,28,2636,0,2
1743860811663,Google Pixel 7a,TFLite,efficientnet_lite0_int8,beagle.JPEG,Walker hound,61,96,10,349,0,0
1743860811663,Google Pixel 7a,PyTorch,mobilenet_v2,beagle.JPEG,beagle,16,52,384,0,0,1
1743860811998,Google Pixel 7a,TFLite,efficientnet_lite0,beaker.JPEG,beaker,44,19,28,2636,0,1
1743860811999,Google Pixel 7a,TFLite,efficientnet_lite0_int8,beaker.JPEG,prayer rug,79,61,11,349,0,0
1743860811999,Google Pixel 7a,PyTorch,mobilenet_v2,beaker.JPEG,beaker,91,67,87,1112,0,1
1743860812268,Google Pixel 7a,TFLite,efficientnet_lite0,bearskin.JPEG,ski mask,33,23,28,2604,0,2
1743860812268,Google Pixel 7a,TFLite,efficientnet_lite0_int8,bearskin.JPEG,bib,97,25,10,349,0,0
1743860812269,Google Pixel 7a,PyTorch,mobilenet_v2,bearskin.JPEG,bearskin,100,00,41,144,0,1
1743860812732,Google Pixel 7a,TFLite,efficientnet_lite0,beaver.JPEG,beaver,94,66,28,2572,0,1
1743860812732,Google Pixel 7a,TFLite,efficientnet_lite0_int8,beaver.JPEG,guinea pig,51,37,9,349,0,0
1743860812733,Google Pixel 7a,PyTorch,mobilenet_v2,beaver.JPEG,beaver,73,20,194,2936,0,1
1743860813209,Google Pixel 7a,TFLite,efficientnet_lite0,bee.JPEG,bee,96,99,28,2636,0,0
1743860813209,Google Pixel 7a,TFLite,efficientnet_lite0_int8,bee.JPEG,horse cart,54,90,11,349,0,0
1743860813209,Google Pixel 7a,PyTorch,mobilenet_v2,bee.JPEG,bee,55,76,208,3276,0,0
1743860813649,Google Pixel 7a,TFLite,efficientnet_lite0,bee_eater.JPEG,bee eater,99,01,28,2604,0,1
1743860813649,Google Pixel 7a,TFLite,efficientnet_lite0_int8,bee_eater.JPEG,tench,50,20,11,349,0,0
1743860813649,Google Pixel 7a,PyTorch,mobilenet_v2,bee_eater.JPEG,bee eater,97,41,172,2700,0,1
1743860814148,Google Pixel 7a,TFLite,efficientnet_lite0,beer_bottle.JPEG,beer bottle,61,38,28,2636,0,0
1743860814148,Google Pixel 7a,TFLite,efficientnet_lite0_int8,beer_bottle.JPEG,prayer rug,67,45,10,349,0,0
1743860814148,Google Pixel 7a,PyTorch,mobilenet_v2,beer_bottle.JPEG,beer bottle,91,52,237,0,0,0
1743860814596,Google Pixel 7a,TFLite,efficientnet_lite0,beer_glass.JPEG,beer glass,67,65,28,2604,0,0
1743860814596,Google Pixel 7a,TFLite,efficientnet_lite0_int8,beer_glass.JPEG,gondola,66,67,10,349,0,0
1743860814596,Google Pixel 7a,PyTorch,mobilenet_v2,beer_glass.JPEG,beer glass,37,23,188,2936,0,0
1743860815159,Google Pixel 7a,TFLite,efficientnet_lite0,bell_cote.JPEG,bell cote,79,64,28,2604,0,1
1743860815159,Google Pixel 7a,TFLite,efficientnet_lite0_int8,bell_cote.JPEG,cloak,72,94,10,381,0,0
1743860815159,Google Pixel 7a,PyTorch,mobilenet_v2,bell_cote.JPEG,bell cote,9,43,290,4808,0,1
1743860815621,Google Pixel 7a,TFLite,efficientnet_lite0,bell_pepper.JPEG,bell pepper,99,04,28,2604,0,1
1743860815621,Google Pixel 7a,TFLite,efficientnet_lite0_int8,bell_pepper.JPEG,tench,50,20,11,349,0,0
1743860815621,Google Pixel 7a,PyTorch,mobilenet_v2,bell_pepper.JPEG,bell pepper,49,24,181,2652,0,1
1743860816083,Google Pixel 7a,TFLite,efficientnet_lite0,bib.JPEG,bib,99,59,29,0,0,1
1743860816083,Google Pixel 7a,TFLite,efficientnet_lite0_int8,bib.JPEG,tench,50,20,11,381,0,0
1743860816083,Google Pixel 7a,PyTorch,mobilenet_v2,bib.JPEG,bib,98,58,193,2936,0,1
1743860816536,Google Pixel 7a,TFLite,efficientnet_lite0,bicycle-built-for-two.JPEG,bicycle-built-for-two,79,92,28,2636,0,0
1743860816536,Google Pixel 7a,TFLite,efficientnet_lite0_int8,bicycle-built-for-two.JPEG,moving van,61,57,10,349,0,0
1743860816536,Google Pixel 7a,PyTorch,mobilenet_v2,bicycle-built-for-two.JPEG,bicycle-built-for-two,16,74,192,3004,0,0
1743860816995,Google Pixel 7a,TFLite,efficientnet_lite0,bighorn.JPEG,bighorn,41,24,28,2636,0,1
1743860816995,Google Pixel 7a,TFLite,efficientnet_lite0_int8,bighorn.JPEG,gazelle,69,41,10,349,0,0
1743860816995,Google Pixel 7a,PyTorch,mobilenet_v2,bighorn.JPEG,bighorn,28,67,195,2936,0,1
1743860817444,Google Pixel 7a,TFLite,efficientnet_lite0,bikini.JPEG,bikini,65,50,28,2572,0,1
1743860817444,Google Pixel 7a,TFLite,efficientnet_lite0_int8,bikini.JPEG,bucket,56,86,11,349,0,0
1743860817444,Google Pixel 7a,PyTorch,mobilenet_v2,bikini.JPEG,bikini,32,55,176,2748,0,1
1743860817900,Google Pixel 7a,TFLite,efficientnet_lite0,binder.JPEG,toilet tissue,13,98,29,0,0,0
1743860817900,Google Pixel 7a,TFLite,efficientnet_lite0_int8,binder.JPEG,vacuum,66,27,11,381,0,0
1743860817900,Google Pixel 7a,PyTorch,mobilenet_v2,binder.JPEG,washbasin,7,96,186,2936,0,0
1743860818228,Google Pixel 7a,TFLite,efficientnet_lite0,binoculars.JPEG,binoculars,86,83,29,2604,0,1
1743860818228,Google Pixel 7a,TFLite,efficientnet_lite0_int8,binoculars.JPEG,fire engine,50,98,10,349,0,0
1743860818228,Google Pixel 7a,PyTorch,mobilenet_v2,binoculars.JPEG,binoculars,99,64,85,984,0,1
1743860818681,Google Pixel 7a,TFLite,efficientnet_lite0,birdhouse.JPEG,birdhouse,92,04,28,2636,0,1
1743860818682,Google Pixel 7a,TFLite,efficientnet_lite0_int8,birdhouse.JPEG,maraca,50,98,12,349,0,0
1743860818682,Google Pixel 7a,PyTorch,mobilenet_v2,birdhouse.JPEG,birdhouse,22,29,184,2792,0,1
1743860819136,Google Pixel 7a,TFLite,efficientnet_lite0,bison.JPEG,bison,72,37,28,2572,0,1
1743860819136,Google Pixel 7a,TFLite,efficientnet_lite0_int8,bison.JPEG,drum,69,41,11,381,0,0
1743860819136,Google Pixel 7a,PyTorch,mobilenet_v2,bison.JPEG,bison,7,98,186,2936,0,1
1743860819570,Google Pixel 7a,TFLite,efficientnet_lite0,bittern.JPEG,bittern,68,61,29,0,0,1
1743860819570,Google Pixel 7a,TFLite,efficientnet_lite0_int8,bittern.JPEG,albatross,62,35,11,381,0,0
1743860819570,Google Pixel 7a,PyTorch,mobilenet_v2,bittern.JPEG,bittern,48,07,173,2604,0,1
1743860819866,Google Pixel 7a,TFLite,efficientnet_lite0,black-and-tan_coonhound.JPEG,black-and-tan coonhound,93,22,29,2636,0,0
1743860819866,Google Pixel 7a,TFLite,efficientnet_lite0_int8,black-and-tan_coonhound.JPEG,Welsh springer spaniel,56,47,11,349,0,0
1743860819866,Google Pixel 7a,PyTorch,mobilenet_v2,black-and-tan_coonhound.JPEG,black-and-tan coonhound,98,98,52,428,0,0
1743860820291,Google Pixel 7a,TFLite,efficientnet_lite0,black-footed_ferret.JPEG,black-footed ferret,75,73,28,2636,0,0
1743860820291,Google Pixel 7a,TFLite,efficientnet_lite0_int8,black-footed_ferret.JPEG,otter,65,49,11,349,0,0
1743860820291,Google Pixel 7a,PyTorch,mobilenet_v2,black-footed_ferret.JPEG,black-footed ferret,28,25,169,2616,0,0
1743860820758,Google Pixel 7a,TFLite,efficientnet_lite0,black_and_gold_garden_spider.JPEG,black and gold garden spider,33,92,28,2572,0,1
1743860820758,Google Pixel 7a,TFLite,efficientnet_lite0_int8,black_and_gold_garden_spider.JPEG,tarantula,84,71,10,381,0,0
1743860820758,Google Pixel 7a,PyTorch,mobilenet_v2,black_and_gold_garden_spider.JPEG,black and gold garden spider,27,35,206,3228,0,1
1743860821215,Google Pixel 7a,TFLite,efficientnet_lite0,black_grouse.JPEG,black grouse,95,96,29,0,0,1
1743860821216,Google Pixel 7a,TFLite,efficientnet_lite0_int8,black_grouse.JPEG,dowitcher,58,43,11,381,0,0
1743860821216,Google Pixel 7a,PyTorch,mobilenet_v2,black_grouse.JPEG,black grouse,87,39,183,2940,0,1
1743860821498,Google Pixel 7a,TFLite,efficientnet_lite0,black_stork.JPEG,black stork,40,19,28,2604,0,1
1743860821498,Google Pixel 7a,TFLite,efficientnet_lite0_int8,black_stork.JPEG,grey whale,75,29,10,349,0,0
1743860821498,Google Pixel 7a,PyTorch,mobilenet_v2,black_stork.JPEG,black stork,99,96,48,320,0,1
1743860822033,Google Pixel 7a,TFLite,efficientnet_lite0,black_swan.JPEG,black swan,84,95,28,2604,0,1
1743860822033,Google Pixel 7a,TFLite,efficientnet_lite0_int8,black_swan.JPEG,house finch,55,69,10,349,0,0
1743860822033,Google Pixel 7a,PyTorch,mobilenet_v2,black_swan.JPEG,black swan,24,88,266,4088,0,1
1743860822501,Google Pixel 7a,TFLite,efficientnet_lite0,black_widow.JPEG,black widow,60,64,28,2572,0,1
1743860822502,Google Pixel 7a,TFLite,efficientnet_lite0_int8,black_widow.JPEG,centipede,95,29,11,381,0,0
1743860822502,Google Pixel 7a,PyTorch,mobilenet_v2,black_widow.JPEG,black widow,45,93,202,3144,0,1
1743860822953,Google Pixel 7a,TFLite,efficientnet_lite0,bloodhound.JPEG,bull mastiff,25,49,28,0,0,2
1743860822953,Google Pixel 7a,TFLite,efficientnet_lite0_int8,bloodhound.JPEG,English foxhound,83,53,11,381,0,0
1743860822953,Google Pixel 7a,PyTorch,mobilenet_v2,bloodhound.JPEG,bloodhound,7,92,191,2936,0,1
1743860823522,Google Pixel 7a,TFLite,efficientnet_lite0,bluetick.JPEG,bluetick,94,54,28,2636,0,0
1743860823522,Google Pixel 7a,TFLite,efficientnet_lite0_int8,bluetick.JPEG,Gordon setter,52,16,11,349,0,0
1743860823522,Google Pixel 7a,PyTorch,mobilenet_v2,bluetick.JPEG,bluetick,34,26,274,4256,0,0
1743860823983,Google Pixel 7a,TFLite,efficientnet_lite0,boa_constrictor.JPEG,boa constrictor,92,36,28,2636,0,1
1743860823983,Google Pixel 7a,TFLite,efficientnet_lite0_int8,boa_constrictor.JPEG,horned viper,51,37,11,349,0,0
1743860823983,Google Pixel 7a,PyTorch,mobilenet_v2,boa_constrictor.JPEG,boa constrictor,58,47,189,2936,0,1
1743860824659,Google Pixel 7a,TFLite,efficientnet_lite0,boathouse.JPEG,boathouse,78,75,29,2572,0,1
1743860824660,Google Pixel 7a,TFLite,efficientnet_lite0_int8,boathouse.JPEG,valley,51,76,11,349,0,0
1743860824660,Google Pixel 7a,PyTorch,mobilenet_v2,boathouse.JPEG,boathouse,8,58,382,0,0,1
1743860825119,Google Pixel 7a,TFLite,efficientnet_lite0,bobsled.JPEG,bobsled,66,76,29,2604,0,1
1743860825119,Google Pixel 7a,TFLite,efficientnet_lite0_int8,bobsled.JPEG,bookshop,89,80,11,349,0,0
1743860825120,Google Pixel 7a,PyTorch,mobilenet_v2,bobsled.JPEG,bobsled,56,22,194,2936,0,1
1743860825584,Google Pixel 7a,TFLite,efficientnet_lite0,bolete.JPEG,earthstar,25,91,29,2604,0,2
1743860825584,Google Pixel 7a,TFLite,efficientnet_lite0_int8,bolete.JPEG,toilet tissue,85,49,11,349,0,0
1743860825584,Google Pixel 7a,PyTorch,mobilenet_v2,bolete.JPEG,bolete,11,86,199,2952,0,1
1743860825911,Google Pixel 7a,TFLite,efficientnet_lite0,bolo_tie.JPEG,bolo tie,60,00,29,2604,0,1
1743860825911,Google Pixel 7a,TFLite,efficientnet_lite0_int8,bolo_tie.JPEG,bottlecap,92,94,11,381,0,0
1743860825912,Google Pixel 7a,PyTorch,mobilenet_v2,bolo_tie.JPEG,shield,53,52,84,912,0,2
1743860826405,Google Pixel 7a,TFLite,efficientnet_lite0,bonnet.JPEG,bonnet,63,60,28,2636,0,1
1743860826405,Google Pixel 7a,TFLite,efficientnet_lite0_int8,bonnet.JPEG,bow,97,25,11,381,0,0
1743860826405,Google Pixel 7a,PyTorch,mobilenet_v2,bonnet.JPEG,bonnet,83,31,226,3488,0,1
1743860826826,Google Pixel 7a,TFLite,efficientnet_lite0,book_jacket.JPEG,book jacket,27,12,28,0,0,1
1743860826826,Google Pixel 7a,TFLite,efficientnet_lite0_int8,book_jacket.JPEG,consomme,60,00,11,413,0,3
1743860826826,Google Pixel 7a,PyTorch,mobilenet_v2,book_jacket.JPEG,book jacket,62,36,144,2200,0,1
1743860827199,Google Pixel 7a,TFLite,efficientnet_lite0,bookcase.JPEG,bookcase,55,24,29,2636,0,1
1743860827199,Google Pixel 7a,TFLite,efficientnet_lite0_int8,bookcase.JPEG,bow tie,84,71,10,349,0,0
1743860827200,Google Pixel 7a,PyTorch,mobilenet_v2,bookcase.JPEG,bookcase,50,87,123,1760,0,1
1743860827661,Google Pixel 7a,TFLite,efficientnet_lite0,bookshop.JPEG,bookshop,85,95,27,2636,0,1
1743860827661,Google Pixel 7a,TFLite,efficientnet_lite0_int8,bookshop.JPEG,tow truck,67,84,10,349,0,0
1743860827661,Google Pixel 7a,PyTorch,mobilenet_v2,bookshop.JPEG,bookshop,36,15,202,2968,0,1
1743860828029,Google Pixel 7a,TFLite,efficientnet_lite0,borzoi.JPEG,borzoi,75,11,28,2604,0,1
1743860828029,Google Pixel 7a,TFLite,efficientnet_lite0_int8,borzoi.JPEG,Ibizan hound,91,37,10,349,0,0
1743860828029,Google Pixel 7a,PyTorch,mobilenet_v2,borzoi.JPEG,borzoi,67,53,113,1436,0,1
1743860828510,Google Pixel 7a,TFLite,efficientnet_lite0,bottlecap.JPEG,bottlecap,68,31,29,2636,0,1
1743860828510,Google Pixel 7a,TFLite,efficientnet_lite0_int8,bottlecap.JPEG,lighter,76,86,10,349,0,0
1743860828510,Google Pixel 7a,PyTorch,mobilenet_v2,bottlecap.JPEG,bottlecap,9,31,215,0,0,1
1743860829674,Google Pixel 7a,TFLite,efficientnet_lite0,bow.JPEG,gazelle,27,33,28,2604,0,5
1743860829674,Google Pixel 7a,TFLite,efficientnet_lite0_int8,bow.JPEG,mink,74,12,10,349,0,0
1743860829674,Google Pixel 7a,PyTorch,mobilenet_v2,bow.JPEG,Italian greyhound,1,04,822,12296,0,0
1743860830149,Google Pixel 7a,TFLite,efficientnet_lite0,bow_tie.JPEG,radiator,17,14,44,2604,0,0
1743860830149,Google Pixel 7a,TFLite,efficientnet_lite0_int8,bow_tie.JPEG,recreational vehicle,93,33,10,349,0,0
1743860830149,Google Pixel 7a,PyTorch,mobilenet_v2,bow_tie.JPEG,bow tie,3,24,188,2936,0,0
1743860830612,Google Pixel 7a,TFLite,efficientnet_lite0,box_turtle.JPEG,mud turtle,47,48,29,0,0,3
1743860830612,Google Pixel 7a,TFLite,efficientnet_lite0_int8,box_turtle.JPEG,chambered nautilus,69,02,11,349,0,0
1743860830612,Google Pixel 7a,PyTorch,mobilenet_v2,box_turtle.JPEG,box turtle,28,51,187,2936,0,1
1743860831044,Google Pixel 7a,TFLite,efficientnet_lite0,boxer.JPEG,boxer,93,53,29,2604,0,1
1743860831044,Google Pixel 7a,TFLite,efficientnet_lite0_int8,boxer.JPEG,Saint Bernard,51,37,11,349,0,5
1743860831044,Google Pixel 7a,PyTorch,mobilenet_v2,boxer.JPEG,boxer,57,45,168,2636,0,1
1743860831504,Google Pixel 7a,TFLite,efficientnet_lite0,brain_coral.JPEG,brain coral,89,37,29,2572,0,1
1743860831504,Google Pixel 7a,TFLite,efficientnet_lite0_int8,brain_coral.JPEG,sandbar,52,55,11,349,0,0
1743860831504,Google Pixel 7a,PyTorch,mobilenet_v2,brain_coral.JPEG,brain coral,81,40,188,2792,0,1
1743860831965,Google Pixel 7a,TFLite,efficientnet_lite0,brambling.JPEG,junco,9,05,29,2572,0,5
1743860831965,Google Pixel 7a,TFLite,efficientnet_lite0_int8,brambling.JPEG,common newt,59,22,11,349,0,0
1743860831965,Google Pixel 7a,PyTorch,mobilenet_v2,brambling.JPEG,brambling,12,46,195,2940,0,1
1743860832428,Google Pixel 7a,TFLite,efficientnet_lite0,brass.JPEG,manhole cover,70,37,29,0,0,2
1743860832428,Google Pixel 7a,TFLite,efficientnet_lite0_int8,brass.JPEG,broom,64,31,11,381,0,0
1743860832428,Google Pixel 7a,PyTorch,mobilenet_v2,brass.JPEG,manhole cover,91,84,192,2936,0,2
1743860832802,Google Pixel 7a,TFLite,efficientnet_lite0,brassiere.JPEG,brassiere,30,63,28,2636,0,0
1743860832802,Google Pixel 7a,TFLite,efficientnet_lite0_int8,brassiere.JPEG,marimba,76,08,12,349,0,0
1743860832802,Google Pixel 7a,PyTorch,mobilenet_v2,brassiere.JPEG,maillot,18,36,113,1536,0,0
1743860833254,Google Pixel 7a,TFLite,efficientnet_lite0,breakwater.JPEG,breakwater,67,62,28,2604,0,1
1743860833254,Google Pixel 7a,TFLite,efficientnet_lite0_int8,breakwater.JPEG,beer glass,90,20,11,381,0,0
1743860833254,Google Pixel 7a,PyTorch,mobilenet_v2,breakwater.JPEG,breakwater,38,86,188,2936,0,1
1743860833540,Google Pixel 7a,TFLite,efficientnet_lite0,breastplate.JPEG,breastplate,15,34,28,2604,0,1
1743860833540,Google Pixel 7a,TFLite,efficientnet_lite0_int8,breastplate.JPEG,toyshop,98,04,10,349,0,0
1743860833540,Google Pixel 7a,PyTorch,mobilenet_v2,breastplate.JPEG,breastplate,78,43,49,328,0,1
1743860833985,Google Pixel 7a,TFLite,efficientnet_lite0,briard.JPEG,briard,92,12,28,2604,0,1
1743860833985,Google Pixel 7a,TFLite,efficientnet_lite0_int8,briard.JPEG,miniature pinscher,51,76,10,349,0,0
1743860833985,Google Pixel 7a,PyTorch,mobilenet_v2,briard.JPEG,briard,42,13,190,0,0,1
1743860834538,Google Pixel 7a,TFLite,efficientnet_lite0,broccoli.JPEG,broccoli,86,49,29,2636,0,1
1743860834538,Google Pixel 7a,TFLite,efficientnet_lite0_int8,broccoli.JPEG,motor scooter,50,59,11,349,0,0
1743860834538,Google Pixel 7a,PyTorch,mobilenet_v2,broccoli.JPEG,broccoli,70,08,272,4504,0,1
1743860834994,Google Pixel 7a,TFLite,efficientnet_lite0,broom.JPEG,swab,24,83,29,2604,0,3
1743860834994,Google Pixel 7a,TFLite,efficientnet_lite0_int8,broom.JPEG,switch,76,08,11,349,0,0
1743860834994,Google Pixel 7a,PyTorch,mobilenet_v2,broom.JPEG,go-kart,1,98,186,2936,0,2
1743860835295,Google Pixel 7a,TFLite,efficientnet_lite0,brown_bear.JPEG,brown bear,65,22,28,2604,0,1
1743860835295,Google Pixel 7a,TFLite,efficientnet_lite0_int8,brown_bear.JPEG,tiger beetle,51,37,10,349,0,0
1743860835295,Google Pixel 7a,PyTorch,mobilenet_v2,brown_bear.JPEG,brown bear,99,60,61,604,0,1
1743860835764,Google Pixel 7a,TFLite,efficientnet_lite0,bubble.JPEG,bubble,68,97,28,2636,0,1
1743860835764,Google Pixel 7a,TFLite,efficientnet_lite0_int8,bubble.JPEG,bikini,50,59,10,349,0,0
1743860835765,Google Pixel 7a,PyTorch,mobilenet_v2,bubble.JPEG,bubble,79,95,209,0,0,1
1743860836220,Google Pixel 7a,TFLite,efficientnet_lite0,bucket.JPEG,bucket,87,12,29,2604,0,1
1743860836221,Google Pixel 7a,TFLite,efficientnet_lite0_int8,bucket.JPEG,oxcart,54,90,10,349,0,0
1743860836221,Google Pixel 7a,PyTorch,mobilenet_v2,bucket.JPEG,switch,6,58,191,2936,0,3
1743860836651,Google Pixel 7a,TFLite,efficientnet_lite0,buckeye.JPEG,buckeye,96,71,29,2604,0,1
1743860836651,Google Pixel 7a,TFLite,efficientnet_lite0_int8,buckeye.JPEG,coil,51,76,12,381,0,0
1743860836652,Google Pixel 7a,PyTorch,mobilenet_v2,buckeye.JPEG,buckeye,64,28,162,2504,0,1
1743860837076,Google Pixel 7a,TFLite,efficientnet_lite0,buckle.JPEG,buckle,90,73,29,2604,0,1
1743860837076,Google Pixel 7a,TFLite,efficientnet_lite0_int8,buckle.JPEG,hamper,52,16,11,349,0,0
1743860837076,Google Pixel 7a,PyTorch,mobilenet_v2,buckle.JPEG,buckle,27,68,161,2504,0,1
1743860837542,Google Pixel 7a,TFLite,efficientnet_lite0,bulbul.JPEG,bulbul,94,27,28,2636,0,1
1743860837542,Google Pixel 7a,TFLite,efficientnet_lite0_int8,bulbul.JPEG,tench,50,20,12,349,0,0
1743860837542,Google Pixel 7a,PyTorch,mobilenet_v2,bulbul.JPEG,bulbul,62,38,192,0,0,1
1743860837895,Google Pixel 7a,TFLite,efficientnet_lite0,bull_mastiff.JPEG,bull mastiff,54,12,29,2636,0,1
1743860837895,Google Pixel 7a,TFLite,efficientnet_lite0_int8,bull_mastiff.JPEG,Samoyed,78,04,10,349,0,0
1743860837895,Google Pixel 7a,PyTorch,mobilenet_v2,bull_mastiff.JPEG,bull mastiff,42,12,107,1544,0,1
1743860838321,Google Pixel 7a,TFLite,efficientnet_lite0,bullet_train.JPEG,bullet train,92,95,28,2636,0,1
1743860838321,Google Pixel 7a,TFLite,efficientnet_lite0_int8,bullet_train.JPEG,face powder,50,59,11,381,0,0
1743860838321,Google Pixel 7a,PyTorch,mobilenet_v2,bullet_train.JPEG,bullet train,98,47,163,2604,0,1
1743860838620,Google Pixel 7a,TFLite,efficientnet_lite0,bulletproof_vest.JPEG,bulletproof vest,97,08,28,2604,0,1
1743860838620,Google Pixel 7a,TFLite,efficientnet_lite0_int8,bulletproof_vest.JPEG,dial telephone,50,59,10,349,0,0
1743860838620,Google Pixel 7a,PyTorch,mobilenet_v2,bulletproof_vest.JPEG,bulletproof vest,99,98,59,512,0,1
1743860839029,Google Pixel 7a,TFLite,efficientnet_lite0,bullfrog.JPEG,bullfrog,93,83,28,2604,0,1
1743860839029,Google Pixel 7a,TFLite,efficientnet_lite0_int8,bullfrog.JPEG,terrapin,50,98,10,381,0,0
1743860839029,Google Pixel 7a,PyTorch,mobilenet_v2,bullfrog.JPEG,bullfrog,87,39,154,2412,0,1
1743860839497,Google Pixel 7a,TFLite,efficientnet_lite0,burrito.JPEG,burrito,71,72,28,0,0,1
1743860839497,Google Pixel 7a,TFLite,efficientnet_lite0_int8,burrito.JPEG,trifle,60,00,11,413,0,0
1743860839498,Google Pixel 7a,PyTorch,mobilenet_v2,burrito.JPEG,burrito,62,07,188,2936,0,1
1743860839934,Google Pixel 7a,TFLite,efficientnet_lite0,bustard.JPEG,bustard,94,88,29,2636,0,1
1743860839934,Google Pixel 7a,TFLite,efficientnet_lite0_int8,bustard.JPEG,junco,50,59,11,349,0,0
1743860839934,Google Pixel 7a,PyTorch,mobilenet_v2,bustard.JPEG,bustard,92,73,170,2636,0,1
1743860840374,Google Pixel 7a,TFLite,efficientnet_lite0,butcher_shop.JPEG,Dutch oven,11,75,28,2604,0,4
1743860840374,Google Pixel 7a,TFLite,efficientnet_lite0_int8,butcher_shop.JPEG,entertainment center,67,84,10,349,0,0
1743860840374,Google Pixel 7a,PyTorch,mobilenet_v2,butcher_shop.JPEG,butcher shop,15,25,181,2604,0,1
1743860840808,Google Pixel 7a,TFLite,efficientnet_lite0,butternut_squash.JPEG,butternut squash,96,91,28,2572,0,1
1743860840809,Google Pixel 7a,TFLite,efficientnet_lite0_int8,butternut_squash.JPEG,cardoon,88,63,11,381,0,0
1743860840809,Google Pixel 7a,PyTorch,mobilenet_v2,butternut_squash.JPEG,butternut squash,97,73,169,2572,0,1
1743860841284,Google Pixel 7a,TFLite,efficientnet_lite0,cab.JPEG,cab,95,60,29,0,0,0
1743860841284,Google Pixel 7a,TFLite,efficientnet_lite0_int8,cab.JPEG,screw,51,37,11,413,0,0
1743860841284,Google Pixel 7a,PyTorch,mobilenet_v2,cab.JPEG,cab,89,78,197,3240,0,0
1743860841814,Google Pixel 7a,TFLite,efficientnet_lite0,cabbage_butterfly.JPEG,cabbage butterfly,93,12,29,2604,0,0
1743860841814,Google Pixel 7a,TFLite,efficientnet_lite0_int8,cabbage_butterfly.JPEG,lycaenid,50,98,11,349,0,0
1743860841814,Google Pixel 7a,PyTorch,mobilenet_v2,cabbage_butterfly.JPEG,cabbage butterfly,47,97,252,3944,0,0
1743860842170,Google Pixel 7a,TFLite,efficientnet_lite0,cairn.JPEG,cairn,64,43,29,2636,0,1
1743860842170,Google Pixel 7a,TFLite,efficientnet_lite0_int8,cairn.JPEG,Sealyham terrier,61,18,11,349,0,0
1743860842170,Google Pixel 7a,PyTorch,mobilenet_v2,cairn.JPEG,cairn,32,13,102,1292,0,1
1743860842621,Google Pixel 7a,TFLite,efficientnet_lite0,caldron.JPEG,caldron,44,07,28,2604,0,1
1743860842622,Google Pixel 7a,TFLite,efficientnet_lite0_int8,caldron.JPEG,can opener,75,69,10,349,0,0
1743860842622,Google Pixel 7a,PyTorch,mobilenet_v2,caldron.JPEG,caldron,12,84,192,2968,0,1
1743860843020,Google Pixel 7a,TFLite,efficientnet_lite0,can_opener.JPEG,can opener,94,39,29,0,0,1
1743860843020,Google Pixel 7a,TFLite,efficientnet_lite0_int8,can_opener.JPEG,tub,55,29,11,381,0,0
1743860843020,Google Pixel 7a,PyTorch,mobilenet_v2,can_opener.JPEG,can opener,39,43,126,1804,0,1
1743860843451,Google Pixel 7a,TFLite,efficientnet_lite0,candle.JPEG,candle,98,59,28,2636,0,1
1743860843451,Google Pixel 7a,TFLite,efficientnet_lite0_int8,candle.JPEG,tractor,53,33,10,349,0,0
1743860843451,Google Pixel 7a,PyTorch,mobilenet_v2,candle.JPEG,candle,61,71,168,2652,0,1
1743860843949,Google Pixel 7a,TFLite,efficientnet_lite0,cannon.JPEG,cannon,98,24,29,2604,0,1
1743860843949,Google Pixel 7a,TFLite,efficientnet_lite0_int8,cannon.JPEG,tench,50,20,10,349,0,0
1743860843949,Google Pixel 7a,PyTorch,mobilenet_v2,cannon.JPEG,cannon,67,44,230,3592,0,1
1743860844399,Google Pixel 7a,TFLite,efficientnet_lite0,canoe.JPEG,canoe,97,39,29,2572,0,1
1743860844400,Google Pixel 7a,TFLite,efficientnet_lite0_int8,canoe.JPEG,pajama,51,76,10,349,0,0
1743860844400,Google Pixel 7a,PyTorch,mobilenet_v2,canoe.JPEG,canoe,69,92,190,2936,0,1
1743860844832,Google Pixel 7a,TFLite,efficientnet_lite0,capuchin.JPEG,capuchin,31,85,29,0,0,1
1743860844832,Google Pixel 7a,TFLite,efficientnet_lite0_int8,capuchin.JPEG,squirrel monkey,75,69,11,413,0,5
1743860844832,Google Pixel 7a,PyTorch,mobilenet_v2,capuchin.JPEG,capuchin,9,91,151,2264,0,1
1743860845217,Google Pixel 7a,TFLite,efficientnet_lite0,car_mirror.JPEG,car mirror,92,29,28,2636,0,1
1743860845217,Google Pixel 7a,TFLite,efficientnet_lite0_int8,car_mirror.JPEG,thimble,50,98,11,349,0,0
1743860845217,Google Pixel 7a,PyTorch,mobilenet_v2,car_mirror.JPEG,car mirror,98,66,130,1948,0,1
1743860845570,Google Pixel 7a,TFLite,efficientnet_lite0,car_wheel.JPEG,car wheel,96,13,29,2604,0,0
1743860845570,Google Pixel 7a,TFLite,efficientnet_lite0_int8,car_wheel.JPEG,doormat,52,94,11,349,0,0
1743860845570,Google Pixel 7a,PyTorch,mobilenet_v2,car_wheel.JPEG,car wheel,98,09,98,1056,0,0
1743860845956,Google Pixel 7a,TFLite,efficientnet_lite0,carbonara.JPEG,carbonara,63,49,28,2572,0,1
1743860845956,Google Pixel 7a,TFLite,efficientnet_lite0_int8,carbonara.JPEG,pizza,88,24,11,381,0,0
1743860845956,Google Pixel 7a,PyTorch,mobilenet_v2,carbonara.JPEG,carbonara,46,10,134,1824,0,1
1743860846488,Google Pixel 7a,TFLite,efficientnet_lite0,cardoon.JPEG,cardoon,65,20,28,2636,0,1
1743860846488,Google Pixel 7a,TFLite,efficientnet_lite0_int8,cardoon.JPEG,Granny Smith,60,00,10,349,0,0
1743860846488,Google Pixel 7a,PyTorch,mobilenet_v2,cardoon.JPEG,cardoon,66,46,259,0,0,1
1743860846950,Google Pixel 7a,TFLite,efficientnet_lite0,carousel.JPEG,golfcart,41,66,29,2604,0,0
1743860846951,Google Pixel 7a,TFLite,efficientnet_lite0_int8,carousel.JPEG,castle,53,73,11,349,0,0
1743860846951,Google Pixel 7a,PyTorch,mobilenet_v2,carousel.JPEG,golfcart,9,97,195,2936,0,0
1743860847404,Google Pixel 7a,TFLite,efficientnet_lite0,carpenter's_kit.JPEG,Christmas stocking,16,51,29,2604,0,0
1743860847404,Google Pixel 7a,TFLite,efficientnet_lite0_int8,carpenter's_kit.JPEG,projector,56,47,10,381,0,0
1743860847404,Google Pixel 7a,PyTorch,mobilenet_v2,carpenter's_kit.JPEG,space heater,2,60,188,2936,0,0
1743860848070,Google Pixel 7a,TFLite,efficientnet_lite0,carton.JPEG,carton,97,89,28,2572,0,1
1743860848070,Google Pixel 7a,TFLite,efficientnet_lite0_int8,carton.JPEG,crutch,50,59,10,349,0,0
1743860848070,Google Pixel 7a,PyTorch,mobilenet_v2,carton.JPEG,carton,50,20,376,6032,0,1
1743860849145,Google Pixel 7a,TFLite,efficientnet_lite0,cash_machine.JPEG,cash machine,83,96,30,0,0,1
1743860849145,Google Pixel 7a,TFLite,efficientnet_lite0_int8,cash_machine.JPEG,perfume,63,14,11,381,0,0
1743860849145,Google Pixel 7a,PyTorch,mobilenet_v2,cash_machine.JPEG,cash machine,14,25,709,10912,0,1
1743860849625,Google Pixel 7a,TFLite,efficientnet_lite0,cassette.JPEG,cassette,77,98,33,2604,0,1
1743860849625,Google Pixel 7a,TFLite,efficientnet_lite0_int8,cassette.JPEG,cello,55,69,12,349,0,0
1743860849626,Google Pixel 7a,PyTorch,mobilenet_v2,cassette.JPEG,cassette,82,52,199,2936,0,1
1743860850097,Google Pixel 7a,TFLite,efficientnet_lite0,cassette_player.JPEG,hard disc,49,98,29,2636,0,0
1743860850097,Google Pixel 7a,TFLite,efficientnet_lite0_int8,cassette_player.JPEG,puck,66,67,12,349,0,5
1743860850097,Google Pixel 7a,PyTorch,mobilenet_v2,cassette_player.JPEG,hard disc,11,84,189,0,0,3
1743860850574,Google Pixel 7a,TFLite,efficientnet_lite0,castle.JPEG,castle,98,81,30,2636,0,1
1743860850574,Google Pixel 7a,TFLite,efficientnet_lite0_int8,castle.JPEG,cloak,50,59,12,349,0,0
1743860850574,Google Pixel 7a,PyTorch,mobilenet_v2,castle.JPEG,castle,73,23,199,3192,0,1
1743860851035,Google Pixel 7a,TFLite,efficientnet_lite0,catamaran.JPEG,catamaran,70,19,29,2636,0,1
1743860851035,Google Pixel 7a,TFLite,efficientnet_lite0_int8,catamaran.JPEG,trombone,76,86,11,349,0,0
1743860851035,Google Pixel 7a,PyTorch,mobilenet_v2,catamaran.JPEG,catamaran,60,79,189,2936,0,1
1743860851530,Google Pixel 7a,TFLite,efficientnet_lite0,cauliflower.JPEG,cauliflower,77,79,29,2572,0,1
1743860851530,Google Pixel 7a,TFLite,efficientnet_lite0_int8,cauliflower.JPEG,spaghetti squash,50,59,11,349,0,0
1743860851530,Google Pixel 7a,PyTorch,mobilenet_v2,cauliflower.JPEG,cauliflower,94,12,220,3424,0,1
1743860851994,Google Pixel 7a,TFLite,efficientnet_lite0,cello.JPEG,cello,43,48,29,2604,0,1
1743860851994,Google Pixel 7a,TFLite,efficientnet_lite0_int8,cello.JPEG,altar,81,18,12,361,0,0
1743860851994,Google Pixel 7a,PyTorch,mobilenet_v2,cello.JPEG,cello,56,64,188,2968,0,1
1743860852317,Google Pixel 7a,TFLite,efficientnet_lite0,cellular_telephone.JPEG,hand-held computer,30,05,30,2604,0,2
1743860852317,Google Pixel 7a,TFLite,efficientnet_lite0_int8,cellular_telephone.JPEG,chain saw,67,84,11,349,0,0
1743860852318,Google Pixel 7a,PyTorch,mobilenet_v2,cellular_telephone.JPEG,cellular telephone,97,71,68,704,0,1
1743860852763,Google Pixel 7a,TFLite,efficientnet_lite0,centipede.JPEG,centipede,88,21,29,2636,0,1
1743860852763,Google Pixel 7a,TFLite,efficientnet_lite0_int8,centipede.JPEG,container ship,50,59,12,349,0,0
1743860852763,Google Pixel 7a,PyTorch,mobilenet_v2,centipede.JPEG,centipede,60,49,172,2620,0,1
1743860853099,Google Pixel 7a,TFLite,efficientnet_lite0,chain.JPEG,chain,51,09,29,2572,0,1
1743860853100,Google Pixel 7a,TFLite,efficientnet_lite0_int8,chain.JPEG,Windsor tie,61,18,11,349,0,0
1743860853100,Google Pixel 7a,PyTorch,mobilenet_v2,chain.JPEG,chain,42,25,84,640,0,1
1743860853595,Google Pixel 7a,TFLite,efficientnet_lite0,chain_mail.JPEG,chain mail,85,67,31,2636,0,0
1743860853595,Google Pixel 7a,TFLite,efficientnet_lite0_int8,chain_mail.JPEG,carton,50,98,11,381,0,0
1743860853595,Google Pixel 7a,PyTorch,mobilenet_v2,chain_mail.JPEG,chain mail,94,24,220,0,0,0
1743860853931,Google Pixel 7a,TFLite,efficientnet_lite0,chain_saw.JPEG,lumbermill,88,14,29,2636,0,0
1743860853931,Google Pixel 7a,TFLite,efficientnet_lite0_int8,chain_saw.JPEG,china cabinet,72,16,11,349,0,0
1743860853931,Google Pixel 7a,PyTorch,mobilenet_v2,chain_saw.JPEG,lumbermill,32,68,88,952,0,0
1743860854411,Google Pixel 7a,TFLite,efficientnet_lite0,chainlink_fence.JPEG,chainlink fence,94,22,30,2604,0,0
1743860854411,Google Pixel 7a,TFLite,efficientnet_lite0_int8,chainlink_fence.JPEG,punching bag,51,76,11,381,0,0
1743860854411,Google Pixel 7a,PyTorch,mobilenet_v2,chainlink_fence.JPEG,chainlink fence,86,83,207,3128,0,0
1743860854736,Google Pixel 7a,TFLite,efficientnet_lite0,chambered_nautilus.JPEG,chambered nautilus,91,24,29,2604,0,1
1743860854736,Google Pixel 7a,TFLite,efficientnet_lite0_int8,chambered_nautilus.JPEG,chambered nautilus,50,98,11,349,0,1
1743860854736,Google Pixel 7a,PyTorch,mobilenet_v2,chambered_nautilus.JPEG,chambered nautilus,99,86,76,800,0,1
1743860855223,Google Pixel 7a,TFLite,efficientnet_lite0,cheeseburger.JPEG,cheeseburger,97,84,29,2604,1,1
1743860855224,Google Pixel 7a,TFLite,efficientnet_lite0_int8,cheeseburger.JPEG,mashed potato,50,59,12,381,1,0
1743860855224,Google Pixel 7a,PyTorch,mobilenet_v2,cheeseburger.JPEG,cheeseburger,87,42,212,2648,1,1
1743860855808,Google Pixel 7a,TFLite,efficientnet_lite0,cheetah.JPEG,cheetah,85,60,29,0,0,1
1743860855808,Google Pixel 7a,TFLite,efficientnet_lite0_int8,cheetah.JPEG,cheetah,67,45,14,381,0,1
1743860855808,Google Pixel 7a,PyTorch,mobilenet_v2,cheetah.JPEG,cheetah,50,59,282,2616,0,1
1743860856693,Google Pixel 7a,TFLite,efficientnet_lite0,chest.JPEG,chest,85,19,46,2636,0,1
1743860856693,Google Pixel 7a,TFLite,efficientnet_lite0_int8,chest.JPEG,crutch,53,73,17,349,0,0
1743860856693,Google Pixel 7a,PyTorch,mobilenet_v2,chest.JPEG,chest,5,63,509,4840,0,1
1743860857327,Google Pixel 7a,TFLite,efficientnet_lite0,chickadee.JPEG,chickadee,94,95,45,2636,0,1
1743860857327,Google Pixel 7a,TFLite,efficientnet_lite0_int8,chickadee.JPEG,robin,50,59,17,349,0,0
1743860857327,Google Pixel 7a,PyTorch,mobilenet_v2,chickadee.JPEG,chickadee,74,66,275,2648,0,1
1743860860294,Google Pixel 7a,TFLite,efficientnet_lite0,chiffonier.JPEG,chiffonier,80,93,226,2668,0,1
1743860860295,Google Pixel 7a,TFLite,efficientnet_lite0_int8,chiffonier.JPEG,velvet,54,90,81,349,0,0
1743860860296,Google Pixel 7a,PyTorch,mobilenet_v2,chiffonier.JPEG,chiffonier,69,13,986,0,0,1
1743860862920,Google Pixel 7a,TFLite,efficientnet_lite0,chime.JPEG,chime,83,69,323,2604,0,1
1743860862921,Google Pixel 7a,TFLite,efficientnet_lite0_int8,chime.JPEG,cloak,60,78,53,349,0,0
1743860862921,Google Pixel 7a,PyTorch,mobilenet_v2,chime.JPEG,chime,69,73,802,2488,0,1
1743860866208,Google Pixel 7a,TFLite,efficientnet_lite0,chimpanzee.JPEG,gorilla,61,02,223,2572,0,2
1743860866208,Google Pixel 7a,TFLite,efficientnet_lite0_int8,chimpanzee.JPEG,patas,64,71,75,349,0,0
1743860866208,Google Pixel 7a,PyTorch,mobilenet_v2,chimpanzee.JPEG,chimpanzee,20,57,1228,2924,0,1
1743860895554,Google Pixel 7a,TFLite,efficientnet_lite0,china_cabinet.JPEG,china cabinet,95,15,177,2572,0,0
1743860895555,Google Pixel 7a,TFLite,efficientnet_lite0_int8,china_cabinet.JPEG,feather boa,51,37,381,349,0,0
1743860895555,Google Pixel 7a,PyTorch,mobilenet_v2,china_cabinet.JPEG,china cabinet,93,42,26572,3096,0,0
1743860896176,Google Pixel 7a,TFLite,efficientnet_lite0,chiton.JPEG,chiton,83,69,34,2636,0,1
1743860896176,Google Pixel 7a,TFLite,efficientnet_lite0_int8,chiton.JPEG,barn spider,53,33,13,349,0,0
1743860896176,Google Pixel 7a,PyTorch,mobilenet_v2,chiton.JPEG,chiton,99,74,239,0,0,1
1743860896653,Google Pixel 7a,TFLite,efficientnet_lite0,chocolate_sauce.JPEG,chocolate sauce,47,47,29,2636,0,1
1743860896653,Google Pixel 7a,TFLite,efficientnet_lite0_int8,chocolate_sauce.JPEG,potpie,90,20,12,413,0,0
1743860896653,Google Pixel 7a,PyTorch,mobilenet_v2,chocolate_sauce.JPEG,waffle iron,7,65,193,3128,0,2
1743860897056,Google Pixel 7a,TFLite,efficientnet_lite0,chow.JPEG,chow,65,03,29,2604,0,1
1743860897056,Google Pixel 7a,TFLite,efficientnet_lite0_int8,chow.JPEG,Cardigan,98,43,11,349,0,0
1743860897056,Google Pixel 7a,PyTorch,mobilenet_v2,chow.JPEG,chow,18,69,146,2344,0,1
1743860897505,Google Pixel 7a,TFLite,efficientnet_lite0,church.JPEG,church,83,76,29,2636,0,1
1743860897505,Google Pixel 7a,TFLite,efficientnet_lite0_int8,church.JPEG,baseball,60,78,12,349,0,0
1743860897505,Google Pixel 7a,PyTorch,mobilenet_v2,church.JPEG,church,17,76,180,2720,0,1
1743860898010,Google Pixel 7a,TFLite,efficientnet_lite0,cicada.JPEG,cicada,63,33,29,2572,0,1
1743860898010,Google Pixel 7a,TFLite,efficientnet_lite0_int8,cicada.JPEG,admiral,55,29,10,349,0,0
1743860898010,Google Pixel 7a,PyTorch,mobilenet_v2,cicada.JPEG,cicada,26,33,237,0,0,1
1743860898462,Google Pixel 7a,TFLite,efficientnet_lite0,cinema.JPEG,cinema,74,54,29,2604,0,1
1743860898462,Google Pixel 7a,TFLite,efficientnet_lite0_int8,cinema.JPEG,barrow,56,47,10,349,0,0
1743860898462,Google Pixel 7a,PyTorch,mobilenet_v2,cinema.JPEG,cinema,53,87,186,2872,0,1
1743860898894,Google Pixel 7a,TFLite,efficientnet_lite0,cleaver.JPEG,butcher shop,92,28,29,2604,0,2
1743860898894,Google Pixel 7a,TFLite,efficientnet_lite0_int8,cleaver.JPEG,cocktail shaker,52,16,10,349,0,0
1743860898894,Google Pixel 7a,PyTorch,mobilenet_v2,cleaver.JPEG,butcher shop,96,62,170,2604,0,2
1743860899337,Google Pixel 7a,TFLite,efficientnet_lite0,cliff.JPEG,cliff,87,05,29,2604,0,4
1743860899338,Google Pixel 7a,TFLite,efficientnet_lite0_int8,cliff.JPEG,coffee mug,51,37,10,349,0,0
1743860899338,Google Pixel 7a,PyTorch,mobilenet_v2,cliff.JPEG,cliff,24,89,180,2968,0,5
1743860899821,Google Pixel 7a,TFLite,efficientnet_lite0,cliff_dwelling.JPEG,cliff dwelling,75,83,28,2604,0,1
1743860899821,Google Pixel 7a,TFLite,efficientnet_lite0_int8,cliff_dwelling.JPEG,promontory,59,61,11,349,0,0
1743860899821,Google Pixel 7a,PyTorch,mobilenet_v2,cliff_dwelling.JPEG,cliff dwelling,45,65,215,0,0,1
1743860900242,Google Pixel 7a,TFLite,efficientnet_lite0,cloak.JPEG,gown,22,02,29,2604,0,2
1743860900242,Google Pixel 7a,TFLite,efficientnet_lite0_int8,cloak.JPEG,ladle,70,59,11,349,0,0
1743860900242,Google Pixel 7a,PyTorch,mobilenet_v2,cloak.JPEG,gown,20,16,163,2604,0,0
1743860900653,Google Pixel 7a,TFLite,efficientnet_lite0,clog.JPEG,Loafer,34,01,29,2604,0,3
1743860900653,Google Pixel 7a,TFLite,efficientnet_lite0_int8,clog.JPEG,scale,83,14,11,349,0,0
1743860900653,Google Pixel 7a,PyTorch,mobilenet_v2,clog.JPEG,Loafer,15,20,149,2200,0,2
1743860901093,Google Pixel 7a,TFLite,efficientnet_lite0,clumber.JPEG,clumber,94,35,28,2572,0,1
1743860901093,Google Pixel 7a,TFLite,efficientnet_lite0_int8,clumber.JPEG,clumber,51,76,10,349,0,1
1743860901093,Google Pixel 7a,PyTorch,mobilenet_v2,clumber.JPEG,clumber,67,34,180,2936,0,1
1743860901550,Google Pixel 7a,TFLite,efficientnet_lite0,cock.JPEG,cock,15,44,28,2636,0,1
1743860901550,Google Pixel 7a,TFLite,efficientnet_lite0_int8,cock.JPEG,tusker,66,27,11,349,0,0
1743860901550,Google Pixel 7a,PyTorch,mobilenet_v2,cock.JPEG,crane,8,02,201,0,0,3
1743860901985,Google Pixel 7a,TFLite,efficientnet_lite0,cocker_spaniel.JPEG,cocker spaniel,70,44,29,2636,0,0
1743860901985,Google Pixel 7a,TFLite,efficientnet_lite0_int8,cocker_spaniel.JPEG,Sussex spaniel,54,12,11,349,0,0
1743860901985,Google Pixel 7a,PyTorch,mobilenet_v2,cocker_spaniel.JPEG,cocker spaniel,43,62,173,2704,0,0
1743860902424,Google Pixel 7a,TFLite,efficientnet_lite0,cockroach.JPEG,thimble,26,80,29,2636,0,0
1743860902424,Google Pixel 7a,TFLite,efficientnet_lite0_int8,cockroach.JPEG,toaster,73,73,11,349,0,0
1743860902425,Google Pixel 7a,PyTorch,mobilenet_v2,cockroach.JPEG,buckle,3,83,174,2632,0,0
1743860902953,Google Pixel 7a,TFLite,efficientnet_lite0,cocktail_shaker.JPEG,cocktail shaker,66,74,29,2572,0,0
1743860902953,Google Pixel 7a,TFLite,efficientnet_lite0_int8,cocktail_shaker.JPEG,bikini,71,37,12,349,0,0
1743860902953,Google Pixel 7a,PyTorch,mobilenet_v2,cocktail_shaker.JPEG,cocktail shaker,8,99,241,3912,0,0
1743860903892,Google Pixel 7a,TFLite,efficientnet_lite0,coffee_mug.JPEG,coffee mug,87,74,29,2604,0,1
1743860903892,Google Pixel 7a,TFLite,efficientnet_lite0_int8,coffee_mug.JPEG,cliff,60,39,11,381,0,0
1743860903892,Google Pixel 7a,PyTorch,mobilenet_v2,coffee_mug.JPEG,coffee mug,8,94,604,0,0,1
1743860904344,Google Pixel 7a,TFLite,efficientnet_lite0,coffeepot.JPEG,coffeepot,45,80,30,2604,0,1
1743860904344,Google Pixel 7a,TFLite,efficientnet_lite0_int8,coffeepot.JPEG,computer keyboard,82,75,11,349,0,0
1743860904344,Google Pixel 7a,PyTorch,mobilenet_v2,coffeepot.JPEG,coffeepot,35,94,184,2936,0,1
1743860904800,Google Pixel 7a,TFLite,efficientnet_lite0,coho.JPEG,coho,88,74,29,2604,0,1
1743860904800,Google Pixel 7a,TFLite,efficientnet_lite0_int8,coho.JPEG,abaya,52,16,11,381,0,0
1743860904800,Google Pixel 7a,PyTorch,mobilenet_v2,coho.JPEG,coho,80,22,188,2936,0,1
1743860905196,Google Pixel 7a,TFLite,efficientnet_lite0,coil.JPEG,coil,88,41,28,2604,0,1
1743860905196,Google Pixel 7a,TFLite,efficientnet_lite0_int8,coil.JPEG,Granny Smith,51,37,10,349,0,0
1743860905196,Google Pixel 7a,PyTorch,mobilenet_v2,coil.JPEG,coil,15,98,141,2108,0,1
1743860905636,Google Pixel 7a,TFLite,efficientnet_lite0,collie.JPEG,collie,24,99,28,2604,0,1
1743860905636,Google Pixel 7a,TFLite,efficientnet_lite0_int8,collie.JPEG,German shepherd,96,08,10,349,0,0
1743860905636,Google Pixel 7a,PyTorch,mobilenet_v2,collie.JPEG,collie,5,31,181,2936,0,1
1743860906071,Google Pixel 7a,TFLite,efficientnet_lite0,colobus.JPEG,langur,53,91,28,2572,0,2
1743860906071,Google Pixel 7a,TFLite,efficientnet_lite0_int8,colobus.JPEG,capuchin,94,90,11,349,0,5
1743860906071,Google Pixel 7a,PyTorch,mobilenet_v2,colobus.JPEG,langur,39,88,173,2792,0,2
1743860906458,Google Pixel 7a,TFLite,efficientnet_lite0,combination_lock.JPEG,combination lock,90,68,28,2604,0,1
1743860906458,Google Pixel 7a,TFLite,efficientnet_lite0_int8,combination_lock.JPEG,pickelhaube,50,59,10,381,0,0
1743860906458,Google Pixel 7a,PyTorch,mobilenet_v2,combination_lock.JPEG,combination lock,45,17,133,2208,0,1
1743860906903,Google Pixel 7a,TFLite,efficientnet_lite0,comic_book.JPEG,comic book,73,97,30,0,0,1
1743860906903,Google Pixel 7a,TFLite,efficientnet_lite0_int8,comic_book.JPEG,brass,67,45,12,349,0,0
1743860906903,Google Pixel 7a,PyTorch,mobilenet_v2,comic_book.JPEG,bookshop,38,48,166,2616,0,2
1743860907353,Google Pixel 7a,TFLite,efficientnet_lite0,common_iguana.JPEG,common iguana,96,09,28,2572,0,1
1743860907353,Google Pixel 7a,TFLite,efficientnet_lite0_int8,common_iguana.JPEG,thunder snake,52,94,10,381,0,0
1743860907353,Google Pixel 7a,PyTorch,mobilenet_v2,common_iguana.JPEG,common iguana,86,89,191,2936,0,1
1743860907701,Google Pixel 7a,TFLite,efficientnet_lite0,common_newt.JPEG,common newt,30,27,28,2636,0,1
1743860907701,Google Pixel 7a,TFLite,efficientnet_lite0_int8,common_newt.JPEG,bullfrog,88,63,10,349,0,0
1743860907701,Google Pixel 7a,PyTorch,mobilenet_v2,common_newt.JPEG,common newt,57,52,99,1256,0,1
1743860908146,Google Pixel 7a,TFLite,efficientnet_lite0,computer_keyboard.JPEG,computer keyboard,40,81,28,2604,0,1
1743860908146,Google Pixel 7a,TFLite,efficientnet_lite0_int8,computer_keyboard.JPEG,speedboat,59,61,10,349,0,0
1743860908146,Google Pixel 7a,PyTorch,mobilenet_v2,computer_keyboard.JPEG,computer keyboard,45,40,182,2968,0,1
1743860908600,Google Pixel 7a,TFLite,efficientnet_lite0,conch.JPEG,conch,95,48,29,0,0,1
1743860908600,Google Pixel 7a,TFLite,efficientnet_lite0_int8,conch.JPEG,chambered nautilus,53,33,11,381,0,0
1743860908600,Google Pixel 7a,PyTorch,mobilenet_v2,conch.JPEG,conch,42,98,171,2604,0,1
1743860909066,Google Pixel 7a,TFLite,efficientnet_lite0,confectionery.JPEG,grocery store,64,40,29,2636,0,2
1743860909066,Google Pixel 7a,TFLite,efficientnet_lite0_int8,confectionery.JPEG,half track,65,10,11,349,0,0
1743860909066,Google Pixel 7a,PyTorch,mobilenet_v2,confectionery.JPEG,wine bottle,7,77,198,2968,0,3
1743860909510,Google Pixel 7a,TFLite,efficientnet_lite0,consomme.JPEG,consomme,48,18,29,2636,0,1
1743860909510,Google Pixel 7a,TFLite,efficientnet_lite0_int8,consomme.JPEG,bubble,86,67,11,349,0,0
1743860909510,Google Pixel 7a,PyTorch,mobilenet_v2,consomme.JPEG,consomme,27,20,179,2604,0,1
1743860909953,Google Pixel 7a,TFLite,efficientnet_lite0,container_ship.JPEG,container ship,93,01,29,2572,0,1
1743860909953,Google Pixel 7a,TFLite,efficientnet_lite0_int8,container_ship.JPEG,lipstick,50,59,12,349,0,0
1743860909953,Google Pixel 7a,PyTorch,mobilenet_v2,container_ship.JPEG,container ship,99,50,170,2652,0,1
1743860910409,Google Pixel 7a,TFLite,efficientnet_lite0,convertible.JPEG,convertible,89,43,29,0,0,1
1743860910409,Google Pixel 7a,TFLite,efficientnet_lite0_int8,convertible.JPEG,pillow,57,25,11,381,0,0
1743860910409,Google Pixel 7a,PyTorch,mobilenet_v2,convertible.JPEG,convertible,56,60,178,2936,0,1
1743860910903,Google Pixel 7a,TFLite,efficientnet_lite0,coral_fungus.JPEG,agaric,21,61,29,2636,0,3
1743860910903,Google Pixel 7a,TFLite,efficientnet_lite0_int8,coral_fungus.JPEG,earthstar,67,06,11,349,0,0
1743860910903,Google Pixel 7a,PyTorch,mobilenet_v2,coral_fungus.JPEG,stinkhorn,13,91,221,3500,0,4
1743860911360,Google Pixel 7a,TFLite,efficientnet_lite0,coral_reef.JPEG,coral reef,85,52,29,2604,0,1
1743860911360,Google Pixel 7a,TFLite,efficientnet_lite0_int8,coral_reef.JPEG,sandbar,88,24,13,349,0,0
1743860911360,Google Pixel 7a,PyTorch,mobilenet_v2,coral_reef.JPEG,coral reef,55,22,187,2792,0,1
1743860913903,Google Pixel 7a,TFLite,efficientnet_lite0,corkscrew.JPEG,corkscrew,52,73,28,2604,0,1
1743860913903,Google Pixel 7a,TFLite,efficientnet_lite0_int8,corkscrew.JPEG,carpenter's kit,53,73,11,381,0,0
1743860913903,Google Pixel 7a,PyTorch,mobilenet_v2,corkscrew.JPEG,letter opener,5,94,2032,6947,0,0
1743860914350,Google Pixel 7a,TFLite,efficientnet_lite0,corn.JPEG,megalith,3,95,31,2604,0,0
1743860914350,Google Pixel 7a,TFLite,efficientnet_lite0_int8,corn.JPEG,laptop,62,35,11,349,0,0
1743860914350,Google Pixel 7a,PyTorch,mobilenet_v2,corn.JPEG,corn,4,79,169,2632,0,0
1743860914936,Google Pixel 7a,TFLite,efficientnet_lite0,cornet.JPEG,French horn,55,11,43,2604,0,2
1743860914936,Google Pixel 7a,TFLite,efficientnet_lite0_int8,cornet.JPEG,crane,69,80,10,381,0,0
1743860914936,Google Pixel 7a,PyTorch,mobilenet_v2,cornet.JPEG,cornet,23,41,293,4808,0,1
1743860915372,Google Pixel 7a,TFLite,efficientnet_lite0,coucal.JPEG,coucal,82,90,29,2572,0,1
1743860915372,Google Pixel 7a,TFLite,efficientnet_lite0_int8,coucal.JPEG,jacamar,81,18,11,381,0,0
1743860915372,Google Pixel 7a,PyTorch,mobilenet_v2,coucal.JPEG,coucal,42,92,170,2604,0,1
1743860915829,Google Pixel 7a,TFLite,efficientnet_lite0,cougar.JPEG,cougar,25,83,29,2604,0,1
1743860915830,Google Pixel 7a,TFLite,efficientnet_lite0_int8,cougar.JPEG,ground beetle,81,18,10,381,0,0
1743860915830,Google Pixel 7a,PyTorch,mobilenet_v2,cougar.JPEG,cougar,19,53,193,2936,0,1
1743860916478,Google Pixel 7a,TFLite,efficientnet_lite0,cowboy_boot.JPEG,cowboy boot,99,05,28,2604,0,1
1743860916478,Google Pixel 7a,TFLite,efficientnet_lite0_int8,cowboy_boot.JPEG,tench,50,20,11,349,0,0
1743860916478,Google Pixel 7a,PyTorch,mobilenet_v2,cowboy_boot.JPEG,cowboy boot,96,28,362,5616,0,1
1743860916956,Google Pixel 7a,TFLite,efficientnet_lite0,cowboy_hat.JPEG,cowboy hat,91,97,30,2636,0,1
1743860916957,Google Pixel 7a,TFLite,efficientnet_lite0_int8,cowboy_hat.JPEG,space shuttle,78,04,12,413,0,0
1743860916957,Google Pixel 7a,PyTorch,mobilenet_v2,cowboy_hat.JPEG,cowboy hat,64,63,200,3320,0,1
1743860917485,Google Pixel 7a,TFLite,efficientnet_lite0,coyote.JPEG,white wolf,12,80,43,2668,0,4
1743860917485,Google Pixel 7a,TFLite,efficientnet_lite0_int8,coyote.JPEG,dhole,85,49,11,381,0,0
1743860917485,Google Pixel 7a,PyTorch,mobilenet_v2,coyote.JPEG,white wolf,19,19,252,2556,0,4
1743860919378,Google Pixel 7a,TFLite,efficientnet_lite0,cradle.JPEG,cradle,77,91,47,2636,0,1
1743860919379,Google Pixel 7a,TFLite,efficientnet_lite0_int8,cradle.JPEG,grocery store,54,90,17,349,0,0
1743860919380,Google Pixel 7a,PyTorch,mobilenet_v2,cradle.JPEG,cradle,25,55,1503,2476,0,1
1743860924842,Google Pixel 7a,TFLite,efficientnet_lite0,crane.JPEG,little blue heron,9,30,311,2572,0,0
1743860924843,Google Pixel 7a,TFLite,efficientnet_lite0_int8,crane.JPEG,limpkin,51,37,100,349,0,0
1743860924843,Google Pixel 7a,PyTorch,mobilenet_v2,crane.JPEG,crane,47,28,3333,3032,0,1
1743860925676,Google Pixel 7a,TFLite,efficientnet_lite0,crash_helmet.JPEG,crash helmet,93,44,38,0,0,1
1743860925676,Google Pixel 7a,TFLite,efficientnet_lite0_int8,crash_helmet.JPEG,mousetrap,52,55,13,381,0,0
1743860925676,Google Pixel 7a,PyTorch,mobilenet_v2,crash_helmet.JPEG,crash helmet,49,07,395,2764,0,1
1743860926573,Google Pixel 7a,TFLite,efficientnet_lite0,crate.JPEG,crate,13,25,36,2636,0,1
1743860926573,Google Pixel 7a,TFLite,efficientnet_lite0_int8,crate.JPEG,crutch,61,57,13,349,0,0
1743860926573,Google Pixel 7a,PyTorch,mobilenet_v2,crate.JPEG,ashcan,2,62,527,7536,0,2
1743860927119,Google Pixel 7a,TFLite,efficientnet_lite0,crayfish.JPEG,crayfish,66,80,35,2636,0,1
1743860927119,Google Pixel 7a,TFLite,efficientnet_lite0_int8,crayfish.JPEG,black stork,89,02,17,349,0,5
1743860927119,Google Pixel 7a,PyTorch,mobilenet_v2,crayfish.JPEG,crayfish,10,78,202,2936,0,1
1743860927789,Google Pixel 7a,TFLite,efficientnet_lite0,crib.JPEG,crib,68,00,33,0,0,1
1743860927789,Google Pixel 7a,TFLite,efficientnet_lite0_int8,crib.JPEG,crib,60,39,12,413,0,1
1743860927789,Google Pixel 7a,PyTorch,mobilenet_v2,crib.JPEG,crib,30,78,365,4224,0,1
1743860928289,Google Pixel 7a,TFLite,efficientnet_lite0,cricket.JPEG,cricket,93,91,33,2604,0,1
1743860928289,Google Pixel 7a,TFLite,efficientnet_lite0_int8,cricket.JPEG,mantis,59,22,13,349,0,0
1743860928289,Google Pixel 7a,PyTorch,mobilenet_v2,cricket.JPEG,cricket,51,40,179,2604,0,1
1743860928767,Google Pixel 7a,TFLite,efficientnet_lite0,croquet_ball.JPEG,croquet ball,98,34,31,2636,0,1
1743860928767,Google Pixel 7a,TFLite,efficientnet_lite0_int8,croquet_ball.JPEG,gown,53,73,11,349,0,0
1743860928767,Google Pixel 7a,PyTorch,mobilenet_v2,croquet_ball.JPEG,croquet ball,56,46,192,2936,0,1
1743860929262,Google Pixel 7a,TFLite,efficientnet_lite0,crossword_puzzle.JPEG,crossword puzzle,15,93,44,2572,0,1
1743860929262,Google Pixel 7a,TFLite,efficientnet_lite0_int8,crossword_puzzle.JPEG,electric guitar,78,82,11,349,0,0
1743860929262,Google Pixel 7a,PyTorch,mobilenet_v2,crossword_puzzle.JPEG,lipstick,6,14,197,0,0,0
1743860929716,Google Pixel 7a,TFLite,efficientnet_lite0,crutch.JPEG,crutch,19,77,30,2604,0,1
1743860929716,Google Pixel 7a,TFLite,efficientnet_lite0_int8,crutch.JPEG,desktop computer,67,84,12,349,0,0
1743860929716,Google Pixel 7a,PyTorch,mobilenet_v2,crutch.JPEG,crutch,16,60,176,2736,0,1
1743860930175,Google Pixel 7a,TFLite,efficientnet_lite0,cucumber.JPEG,cucumber,27,78,29,2604,0,0
1743860930175,Google Pixel 7a,TFLite,efficientnet_lite0_int8,cucumber.JPEG,mushroom,71,37,12,349,0,0
1743860930175,Google Pixel 7a,PyTorch,mobilenet_v2,cucumber.JPEG,cucumber,27,25,187,2840,0,0
1743860930637,Google Pixel 7a,TFLite,efficientnet_lite0,cuirass.JPEG,cuirass,75,73,31,2572,0,1
1743860930637,Google Pixel 7a,TFLite,efficientnet_lite0_int8,cuirass.JPEG,bulletproof vest,65,88,12,349,0,0
1743860930637,Google Pixel 7a,PyTorch,mobilenet_v2,cuirass.JPEG,cuirass,51,96,179,2604,0,1
1743860931111,Google Pixel 7a,TFLite,efficientnet_lite0,cup.JPEG,cup,60,34,31,2636,0,0
1743860931112,Google Pixel 7a,TFLite,efficientnet_lite0_int8,cup.JPEG,computer keyboard,78,04,11,349,0,0
1743860931112,Google Pixel 7a,PyTorch,mobilenet_v2,cup.JPEG,cup,69,61,192,0,0,0
1743860931499,Google Pixel 7a,TFLite,efficientnet_lite0,curly-coated_retriever.JPEG,curly-coated retriever,76,07,30,2604,0,0
1743860931499,Google Pixel 7a,TFLite,efficientnet_lite0_int8,curly-coated_retriever.JPEG,malinois,56,08,11,349,0,0
1743860931499,Google Pixel 7a,PyTorch,mobilenet_v2,curly-coated_retriever.JPEG,curly-coated retriever,79,11,124,1880,0,0
1743860931959,Google Pixel 7a,TFLite,efficientnet_lite0,custard_apple.JPEG,custard apple,79,08,29,2604,0,1
1743860931959,Google Pixel 7a,TFLite,efficientnet_lite0_int8,custard_apple.JPEG,butternut squash,60,78,11,381,0,0
1743860931959,Google Pixel 7a,PyTorch,mobilenet_v2,custard_apple.JPEG,custard apple,82,24,188,2936,0,1
1743860932435,Google Pixel 7a,TFLite,efficientnet_lite0,daisy.JPEG,daisy,98,84,44,2604,0,1
1743860932435,Google Pixel 7a,TFLite,efficientnet_lite0_int8,daisy.JPEG,tench,50,20,11,349,0,0
1743860932435,Google Pixel 7a,PyTorch,mobilenet_v2,daisy.JPEG,daisy,98,58,192,2968,0,1
1743860932945,Google Pixel 7a,TFLite,efficientnet_lite0,dalmatian.JPEG,dalmatian,97,01,29,2604,0,1
1743860932945,Google Pixel 7a,TFLite,efficientnet_lite0_int8,dalmatian.JPEG,tench,50,20,11,349,0,0
1743860932946,Google Pixel 7a,PyTorch,mobilenet_v2,dalmatian.JPEG,dalmatian,48,21,240,0,0,1
1743860933421,Google Pixel 7a,TFLite,efficientnet_lite0,dam.JPEG,dam,97,96,44,2604,0,0
1743860933421,Google Pixel 7a,TFLite,efficientnet_lite0_int8,dam.JPEG,wall clock,50,59,11,349,0,0
1743860933421,Google Pixel 7a,PyTorch,mobilenet_v2,dam.JPEG,dam,95,99,188,2936,0,0
1743860933851,Google Pixel 7a,TFLite,efficientnet_lite0,damselfly.JPEG,dragonfly,47,13,30,2604,0,3
1743860933851,Google Pixel 7a,TFLite,efficientnet_lite0_int8,damselfly.JPEG,monarch,99,61,11,381,0,0
1743860933851,Google Pixel 7a,PyTorch,mobilenet_v2,damselfly.JPEG,damselfly,48,98,166,2648,0,4
1743860934312,Google Pixel 7a,TFLite,efficientnet_lite0,desk.JPEG,desk,50,78,44,2604,0,1
1743860934312,Google Pixel 7a,TFLite,efficientnet_lite0_int8,desk.JPEG,digital clock,76,86,11,349,0,0
1743860934312,Google Pixel 7a,PyTorch,mobilenet_v2,desk.JPEG,desk,10,78,170,2604,0,1
1743860934805,Google Pixel 7a,TFLite,efficientnet_lite0,desktop_computer.JPEG,monitor,35,82,30,2636,0,4
1743860934805,Google Pixel 7a,TFLite,efficientnet_lite0_int8,desktop_computer.JPEG,mosque,74,12,11,349,0,0
1743860934805,Google Pixel 7a,PyTorch,mobilenet_v2,desktop_computer.JPEG,desktop computer,22,84,222,0,0,3
1743860935314,Google Pixel 7a,TFLite,efficientnet_lite0,dhole.JPEG,dhole,79,20,31,2604,0,1
1743860935314,Google Pixel 7a,TFLite,efficientnet_lite0_int8,dhole.JPEG,red fox,59,22,17,349,0,0
1743860935314,Google Pixel 7a,PyTorch,mobilenet_v2,dhole.JPEG,dhole,52,36,192,2936,0,1
1743860935869,Google Pixel 7a,TFLite,efficientnet_lite0,dial_telephone.JPEG,dial telephone,75,88,32,2604,0,1
1743860935869,Google Pixel 7a,TFLite,efficientnet_lite0_int8,dial_telephone.JPEG,convertible,60,39,12,349,0,0
1743860935869,Google Pixel 7a,PyTorch,mobilenet_v2,dial_telephone.JPEG,switch,22,80,251,3640,0,2
1743860936343,Google Pixel 7a,TFLite,efficientnet_lite0,diamondback.JPEG,diamondback,37,16,30,2572,0,1
1743860936343,Google Pixel 7a,TFLite,efficientnet_lite0_int8,diamondback.JPEG,water snake,61,57,13,349,0,0
1743860936343,Google Pixel 7a,PyTorch,mobilenet_v2,diamondback.JPEG,diamondback,46,22,179,2604,0,1
1743860936892,Google Pixel 7a,TFLite,efficientnet_lite0,diaper.JPEG,diaper,40,84,31,2604,0,1
1743860936892,Google Pixel 7a,TFLite,efficientnet_lite0_int8,diaper.JPEG,dishrag,76,08,12,381,0,0
1743860936892,Google Pixel 7a,PyTorch,mobilenet_v2,diaper.JPEG,diaper,34,87,255,0,0,1
1743860937375,Google Pixel 7a,TFLite,efficientnet_lite0,digital_clock.JPEG,digital clock,95,29,29,2604,0,1
1743860937375,Google Pixel 7a,TFLite,efficientnet_lite0_int8,digital_clock.JPEG,seat belt,51,37,15,349,0,0
1743860937375,Google Pixel 7a,PyTorch,mobilenet_v2,digital_clock.JPEG,digital clock,70,20,190,2936,0,1
1743860937848,Google Pixel 7a,TFLite,efficientnet_lite0,digital_watch.JPEG,cassette player,28,12,29,2604,0,0
1743860937848,Google Pixel 7a,TFLite,efficientnet_lite0_int8,digital_watch.JPEG,cello,78,82,11,381,0,0
1743860937848,Google Pixel 7a,PyTorch,mobilenet_v2,digital_watch.JPEG,iPod,5,74,196,2936,0,0
1743860938397,Google Pixel 7a,TFLite,efficientnet_lite0,dingo.JPEG,dingo,66,20,30,2604,0,1
1743860938397,Google Pixel 7a,TFLite,efficientnet_lite0_int8,dingo.JPEG,jaguar,58,04,11,349,0,0
1743860938397,Google Pixel 7a,PyTorch,mobilenet_v2,dingo.JPEG,dingo,5,47,258,3944,0,1
1743860938905,Google Pixel 7a,TFLite,efficientnet_lite0,dining_table.JPEG,dining table,88,43,31,2636,0,1
1743860938906,Google Pixel 7a,TFLite,efficientnet_lite0_int8,dining_table.JPEG,cleaver,52,94,12,349,0,0
1743860938906,Google Pixel 7a,PyTorch,mobilenet_v2,dining_table.JPEG,dining table,42,27,217,0,0,1
1743860939356,Google Pixel 7a,TFLite,efficientnet_lite0,dishrag.JPEG,dishrag,59,08,30,2636,0,1
1743860939357,Google Pixel 7a,TFLite,efficientnet_lite0_int8,dishrag.JPEG,dogsled,83,92,11,349,0,0
1743860939357,Google Pixel 7a,PyTorch,mobilenet_v2,dishrag.JPEG,dishrag,95,29,169,2636,0,1
1743860939835,Google Pixel 7a,TFLite,efficientnet_lite0,dishwasher.JPEG,Dungeness crab,18,77,31,2604,0,4
1743860939835,Google Pixel 7a,TFLite,efficientnet_lite0_int8,dishwasher.JPEG,running shoe,79,22,12,381,0,0
1743860939835,Google Pixel 7a,PyTorch,mobilenet_v2,dishwasher.JPEG,dishwasher,12,29,191,2936,0,1
1743860940280,Google Pixel 7a,TFLite,efficientnet_lite0,disk_brake.JPEG,disk brake,81,04,30,2604,0,1
1743860940280,Google Pixel 7a,TFLite,efficientnet_lite0_int8,disk_brake.JPEG,revolver,85,49,11,349,0,0
1743860940280,Google Pixel 7a,PyTorch,mobilenet_v2,disk_brake.JPEG,disk brake,15,05,172,2636,0,1
1743860940742,Google Pixel 7a,TFLite,efficientnet_lite0,dock.JPEG,dock,46,21,31,2604,0,1
1743860940743,Google Pixel 7a,TFLite,efficientnet_lite0_int8,dock.JPEG,sunglasses,57,25,11,349,0,0
1743860940743,Google Pixel 7a,PyTorch,mobilenet_v2,dock.JPEG,dock,39,00,190,0,0,1
1743860941214,Google Pixel 7a,TFLite,efficientnet_lite0,dogsled.JPEG,dogsled,97,90,30,2636,0,1
1743860941214,Google Pixel 7a,TFLite,efficientnet_lite0_int8,dogsled.JPEG,Norwegian elkhound,50,98,12,349,0,0
1743860941214,Google Pixel 7a,PyTorch,mobilenet_v2,dogsled.JPEG,dogsled,78,97,189,2984,0,1
1743860941701,Google Pixel 7a,TFLite,efficientnet_lite0,dome.JPEG,dome,76,71,30,2604,0,1
1743860941701,Google Pixel 7a,TFLite,efficientnet_lite0_int8,dome.JPEG,mountain tent,59,61,12,349,0,0
1743860941701,Google Pixel 7a,PyTorch,mobilenet_v2,dome.JPEG,dome,72,94,198,2936,0,1
1743860942133,Google Pixel 7a,TFLite,efficientnet_lite0,doormat.JPEG,doormat,91,25,29,2604,0,1
1743860942133,Google Pixel 7a,TFLite,efficientnet_lite0_int8,doormat.JPEG,file,58,43,12,349,0,0
1743860942133,Google Pixel 7a,PyTorch,mobilenet_v2,doormat.JPEG,doormat,72,05,153,2332,0,1
1743860942622,Google Pixel 7a,TFLite,efficientnet_lite0,dough.JPEG,guacamole,21,82,29,2604,0,3
1743860942623,Google Pixel 7a,TFLite,efficientnet_lite0_int8,dough.JPEG,ice cream,64,31,11,349,0,0
1743860942623,Google Pixel 7a,PyTorch,mobilenet_v2,dough.JPEG,dough,6,24,215,0,0,1
1743860943080,Google Pixel 7a,TFLite,efficientnet_lite0,dowitcher.JPEG,dowitcher,65,68,30,2604,0,1
1743860943080,Google Pixel 7a,TFLite,efficientnet_lite0_int8,dowitcher.JPEG,king penguin,56,08,13,349,0,0
1743860943080,Google Pixel 7a,PyTorch,mobilenet_v2,dowitcher.JPEG,dowitcher,34,14,174,2620,0,1
1743860943647,Google Pixel 7a,TFLite,efficientnet_lite0,dragonfly.JPEG,dragonfly,36,98,30,2604,0,0
1743860943647,Google Pixel 7a,TFLite,efficientnet_lite0_int8,dragonfly.JPEG,monarch,90,59,11,349,0,0
1743860943647,Google Pixel 7a,PyTorch,mobilenet_v2,dragonfly.JPEG,damselfly,12,06,281,4304,0,0
1743860944089,Google Pixel 7a,TFLite,efficientnet_lite0,drake.JPEG,drake,74,00,29,2572,0,1
1743860944089,Google Pixel 7a,TFLite,efficientnet_lite0_int8,drake.JPEG,tusker,71,37,11,349,0,0
1743860944089,Google Pixel 7a,PyTorch,mobilenet_v2,drake.JPEG,drake,32,71,167,2632,0,1
1743860944400,Google Pixel 7a,TFLite,efficientnet_lite0,drilling_platform.JPEG,drilling platform,60,57,30,2636,0,1
1743860944400,Google Pixel 7a,TFLite,efficientnet_lite0_int8,drilling_platform.JPEG,ambulance,60,78,11,349,0,4
1743860944400,Google Pixel 7a,PyTorch,mobilenet_v2,drilling_platform.JPEG,aircraft carrier,85,72,58,0,0,2
1743860944869,Google Pixel 7a,TFLite,efficientnet_lite0,drum.JPEG,drum,88,68,29,2604,0,1
1743860944869,Google Pixel 7a,TFLite,efficientnet_lite0_int8,drum.JPEG,electric guitar,52,55,13,381,0,0
1743860944869,Google Pixel 7a,PyTorch,mobilenet_v2,drum.JPEG,drum,63,15,191,2936,0,1
1743860945337,Google Pixel 7a,TFLite,efficientnet_lite0,drumstick.JPEG,drumstick,98,98,29,2636,0,0
1743860945337,Google Pixel 7a,TFLite,efficientnet_lite0_int8,drumstick.JPEG,electric fan,50,59,11,349,0,0
1743860945337,Google Pixel 7a,PyTorch,mobilenet_v2,drumstick.JPEG,drumstick,94,22,195,2968,0,0
1743860945780,Google Pixel 7a,TFLite,efficientnet_lite0,dugong.JPEG,dugong,98,97,29,2572,0,1
1743860945780,Google Pixel 7a,TFLite,efficientnet_lite0_int8,dugong.JPEG,pinwheel,50,59,11,349,0,0
1743860945780,Google Pixel 7a,PyTorch,mobilenet_v2,dugong.JPEG,dugong,89,50,169,2616,0,1
1743860946242,Google Pixel 7a,TFLite,efficientnet_lite0,dumbbell.JPEG,dumbbell,35,83,31,2636,0,1
1743860946242,Google Pixel 7a,TFLite,efficientnet_lite0_int8,dumbbell.JPEG,electric locomotive,59,61,11,349,0,0
1743860946242,Google Pixel 7a,PyTorch,mobilenet_v2,dumbbell.JPEG,dumbbell,12,49,191,0,0,1
1743860946706,Google Pixel 7a,TFLite,efficientnet_lite0,dung_beetle.JPEG,dung beetle,42,01,29,2636,0,1
1743860946706,Google Pixel 7a,TFLite,efficientnet_lite0_int8,dung_beetle.JPEG,bee,91,76,11,349,0,0
1743860946706,Google Pixel 7a,PyTorch,mobilenet_v2,dung_beetle.JPEG,dung beetle,49,00,186,2968,0,1
1743860947208,Google Pixel 7a,TFLite,efficientnet_lite0,ear.JPEG,corn,69,31,30,2604,1,0
1743860947208,Google Pixel 7a,TFLite,efficientnet_lite0_int8,ear.JPEG,Unknown,72,94,12,349,1,0
1743860947209,Google Pixel 7a,PyTorch,mobilenet_v2,ear.JPEG,corn,20,44,214,3216,1,0
1743860947671,Google Pixel 7a,TFLite,efficientnet_lite0,earthstar.JPEG,earthstar,98,00,30,2572,0,1
1743860947671,Google Pixel 7a,TFLite,efficientnet_lite0_int8,earthstar.JPEG,agaric,50,59,13,381,0,0
1743860947671,Google Pixel 7a,PyTorch,mobilenet_v2,earthstar.JPEG,earthstar,68,06,172,2604,0,1
1743860948185,Google Pixel 7a,TFLite,efficientnet_lite0,echidna.JPEG,echidna,91,36,30,2604,0,1
1743860948185,Google Pixel 7a,TFLite,efficientnet_lite0_int8,echidna.JPEG,guinea pig,50,98,12,349,0,0
1743860948185,Google Pixel 7a,PyTorch,mobilenet_v2,echidna.JPEG,echidna,99,53,224,0,0,1
1743860948627,Google Pixel 7a,TFLite,efficientnet_lite0,eel.JPEG,eel,33,91,30,2604,0,1
1743860948627,Google Pixel 7a,TFLite,efficientnet_lite0_int8,eel.JPEG,sturgeon,66,27,11,349,0,0
1743860948627,Google Pixel 7a,PyTorch,mobilenet_v2,eel.JPEG,slug,14,59,166,2588,0,2
1743860949086,Google Pixel 7a,TFLite,efficientnet_lite0,eft.JPEG,eft,85,48,30,2604,0,1
1743860949086,Google Pixel 7a,TFLite,efficientnet_lite0_int8,eft.JPEG,bullfrog,58,43,12,381,0,0
1743860949086,Google Pixel 7a,PyTorch,mobilenet_v2,eft.JPEG,eft,47,48,175,2616,0,1
1743860949451,Google Pixel 7a,TFLite,efficientnet_lite0,eggnog.JPEG,eggnog,95,20,30,2604,0,1
1743860949451,Google Pixel 7a,TFLite,efficientnet_lite0_int8,eggnog.JPEG,combination lock,52,16,12,349,0,0
1743860949452,Google Pixel 7a,PyTorch,mobilenet_v2,eggnog.JPEG,eggnog,97,73,101,1208,0,1
1743860949958,Google Pixel 7a,TFLite,efficientnet_lite0,electric_fan.JPEG,loudspeaker,34,14,30,2636,0,2
1743860949959,Google Pixel 7a,TFLite,efficientnet_lite0_int8,electric_fan.JPEG,reel,75,29,11,349,0,0
1743860949959,Google Pixel 7a,PyTorch,mobilenet_v2,electric_fan.JPEG,loudspeaker,18,17,225,0,0,0
1743860950451,Google Pixel 7a,TFLite,efficientnet_lite0,electric_guitar.JPEG,electric guitar,97,49,29,2604,0,1
1743860950451,Google Pixel 7a,TFLite,efficientnet_lite0_int8,electric_guitar.JPEG,altar,50,98,11,349,0,0
1743860950451,Google Pixel 7a,PyTorch,mobilenet_v2,electric_guitar.JPEG,electric guitar,65,20,209,3432,0,1
1743860950897,Google Pixel 7a,TFLite,efficientnet_lite0,electric_locomotive.JPEG,electric locomotive,50,55,31,2604,0,1
1743860950897,Google Pixel 7a,TFLite,efficientnet_lite0_int8,electric_locomotive.JPEG,face powder,89,02,11,381,0,0
1743860950897,Google Pixel 7a,PyTorch,mobilenet_v2,electric_locomotive.JPEG,passenger car,50,86,174,2604,0,2
1743860951432,Google Pixel 7a,TFLite,efficientnet_lite0,electric_ray.JPEG,electric ray,51,44,30,2604,0,1
1743860951432,Google Pixel 7a,TFLite,efficientnet_lite0_int8,electric_ray.JPEG,ostrich,85,49,12,349,0,0
1743860951432,Google Pixel 7a,PyTorch,mobilenet_v2,electric_ray.JPEG,electric ray,50,09,238,3776,0,1
1743860951899,Google Pixel 7a,TFLite,efficientnet_lite0,entertainment_center.JPEG,entertainment center,66,18,29,0,0,1
1743860951899,Google Pixel 7a,TFLite,efficientnet_lite0_int8,entertainment_center.JPEG,bow tie,63,53,11,381,0,0
1743860951899,Google Pixel 7a,PyTorch,mobilenet_v2,entertainment_center.JPEG,entertainment center,35,12,192,2936,0,1
1743860952367,Google Pixel 7a,TFLite,efficientnet_lite0,envelope.JPEG,envelope,80,04,29,2604,0,1
1743860952367,Google Pixel 7a,TFLite,efficientnet_lite0_int8,envelope.JPEG,chest,55,69,11,381,0,0
1743860952367,Google Pixel 7a,PyTorch,mobilenet_v2,envelope.JPEG,envelope,23,65,192,2936,0,1
1743860952825,Google Pixel 7a,TFLite,efficientnet_lite0,espresso.JPEG,espresso,53,32,29,2636,0,5
1743860952825,Google Pixel 7a,TFLite,efficientnet_lite0_int8,espresso.JPEG,bubble,88,24,12,349,0,0
1743860952825,Google Pixel 7a,PyTorch,mobilenet_v2,espresso.JPEG,espresso,14,20,174,2636,0,3
1743860953205,Google Pixel 7a,TFLite,efficientnet_lite0,espresso_maker.JPEG,espresso maker,98,94,31,2572,0,1
1743860953205,Google Pixel 7a,TFLite,efficientnet_lite0_int8,espresso_maker.JPEG,confectionery,50,59,12,349,0,0
1743860953205,Google Pixel 7a,PyTorch,mobilenet_v2,espresso_maker.JPEG,espresso maker,98,93,111,1500,0,1
1743860953661,Google Pixel 7a,TFLite,efficientnet_lite0,face_powder.JPEG,face powder,63,96,30,0,0,1
1743860953661,Google Pixel 7a,TFLite,efficientnet_lite0_int8,face_powder.JPEG,toaster,63,53,12,381,0,0
1743860953661,Google Pixel 7a,PyTorch,mobilenet_v2,face_powder.JPEG,face powder,62,04,167,2520,0,1
1743860954109,Google Pixel 7a,TFLite,efficientnet_lite0,feather_boa.JPEG,feather boa,92,61,29,2668,0,1
1743860954109,Google Pixel 7a,TFLite,efficientnet_lite0_int8,feather_boa.JPEG,wine bottle,50,98,11,349,0,0
1743860954109,Google Pixel 7a,PyTorch,mobilenet_v2,feather_boa.JPEG,feather boa,99,44,173,2684,0,1
1743860954556,Google Pixel 7a,TFLite,efficientnet_lite0,fiddler_crab.JPEG,fiddler crab,97,37,29,2572,0,1
1743860954556,Google Pixel 7a,TFLite,efficientnet_lite0_int8,fiddler_crab.JPEG,spiny lobster,50,59,11,381,0,0
1743860954556,Google Pixel 7a,PyTorch,mobilenet_v2,fiddler_crab.JPEG,fiddler crab,80,02,174,2600,0,1
1743860955020,Google Pixel 7a,TFLite,efficientnet_lite0,fig.JPEG,fig,87,96,29,2604,0,1
1743860955021,Google Pixel 7a,TFLite,efficientnet_lite0_int8,fig.JPEG,banana,50,98,10,349,0,0
1743860955021,Google Pixel 7a,PyTorch,mobilenet_v2,fig.JPEG,fig,90,13,191,2816,0,1
1743860957613,Google Pixel 7a,TFLite,efficientnet_lite0,file.JPEG,file,69,69,30,0,0,1
1743860957613,Google Pixel 7a,TFLite,efficientnet_lite0_int8,file.JPEG,Christmas stocking,65,10,11,413,0,0
1743860957614,Google Pixel 7a,PyTorch,mobilenet_v2,file.JPEG,switch,2,07,2035,28327,0,3
1743860958440,Google Pixel 7a,TFLite,efficientnet_lite0,fire_engine.JPEG,fire engine,37,48,33,2604,0,1
1743860958440,Google Pixel 7a,TFLite,efficientnet_lite0_int8,fire_engine.JPEG,folding chair,75,29,13,349,0,0
1743860958440,Google Pixel 7a,PyTorch,mobilenet_v2,fire_engine.JPEG,fire engine,12,78,473,7472,0,1
1743860958755,Google Pixel 7a,TFLite,efficientnet_lite0,fire_screen.JPEG,fire screen,73,51,30,2604,0,1
1743860958755,Google Pixel 7a,TFLite,efficientnet_lite0_int8,fire_screen.JPEG,studio couch,58,82,11,349,0,0
1743860958755,Google Pixel 7a,PyTorch,mobilenet_v2,fire_screen.JPEG,fire screen,86,79,56,408,0,1
1743860959222,Google Pixel 7a,TFLite,efficientnet_lite0,fireboat.JPEG,fireboat,94,24,29,2604,0,1
1743860959222,Google Pixel 7a,TFLite,efficientnet_lite0_int8,fireboat.JPEG,loudspeaker,50,59,13,349,0,0
1743860959223,Google Pixel 7a,PyTorch,mobilenet_v2,fireboat.JPEG,fireboat,97,29,180,2620,0,1
1743860959685,Google Pixel 7a,TFLite,efficientnet_lite0,flagpole.JPEG,flagpole,95,51,30,2604,0,1
1743860959686,Google Pixel 7a,TFLite,efficientnet_lite0_int8,flagpole.JPEG,clog,50,98,11,349,0,0
1743860959686,Google Pixel 7a,PyTorch,mobilenet_v2,flagpole.JPEG,flagpole,20,94,187,2840,0,1
1743860960205,Google Pixel 7a,TFLite,efficientnet_lite0,flamingo.JPEG,flamingo,98,28,29,2572,0,1
1743860960205,Google Pixel 7a,TFLite,efficientnet_lite0_int8,flamingo.JPEG,tench,50,20,11,381,0,0
1743860960205,Google Pixel 7a,PyTorch,mobilenet_v2,flamingo.JPEG,flamingo,91,83,238,3740,0,1
1743860960704,Google Pixel 7a,TFLite,efficientnet_lite0,flat-coated_retriever.JPEG,flat-coated retriever,18,24,31,2636,0,0
1743860960704,Google Pixel 7a,TFLite,efficientnet_lite0_int8,flat-coated_retriever.JPEG,Chesapeake Bay retriever,74,51,12,349,0,0
1743860960704,Google Pixel 7a,PyTorch,mobilenet_v2,flat-coated_retriever.JPEG,flat-coated retriever,7,60,214,3168,0,0
1743860962112,Google Pixel 7a,TFLite,efficientnet_lite0,flatworm.JPEG,flatworm,79,09,31,2604,0,1
1743860962112,Google Pixel 7a,TFLite,efficientnet_lite0_int8,flatworm.JPEG,hare,52,16,13,349,0,0
1743860962112,Google Pixel 7a,PyTorch,mobilenet_v2,flatworm.JPEG,flatworm,49,03,998,15560,0,1
1743860962590,Google Pixel 7a,TFLite,efficientnet_lite0,flute.JPEG,flute,94,77,31,2604,0,1
1743860962590,Google Pixel 7a,TFLite,efficientnet_lite0_int8,flute.JPEG,holster,52,94,13,349,0,0
1743860962590,Google Pixel 7a,PyTorch,mobilenet_v2,flute.JPEG,flute,55,58,183,2936,0,1
1743860963084,Google Pixel 7a,TFLite,efficientnet_lite0,fly.JPEG,fly,83,88,44,0,0,1
1743860963085,Google Pixel 7a,TFLite,efficientnet_lite0_int8,fly.JPEG,monarch,57,65,13,349,0,0
1743860963085,Google Pixel 7a,PyTorch,mobilenet_v2,fly.JPEG,fly,50,60,192,2936,0,1
1743860963529,Google Pixel 7a,TFLite,efficientnet_lite0,folding_chair.JPEG,folding chair,87,09,29,2604,0,1
1743860963529,Google Pixel 7a,TFLite,efficientnet_lite0_int8,folding_chair.JPEG,fountain pen,78,43,11,349,0,0
1743860963529,Google Pixel 7a,PyTorch,mobilenet_v2,folding_chair.JPEG,folding chair,43,59,170,2600,0,1
1743860964028,Google Pixel 7a,TFLite,efficientnet_lite0,football_helmet.JPEG,football helmet,88,36,32,2604,0,1
1743860964028,Google Pixel 7a,TFLite,efficientnet_lite0_int8,football_helmet.JPEG,safety pin,51,76,12,349,0,0
1743860964028,Google Pixel 7a,PyTorch,mobilenet_v2,football_helmet.JPEG,football helmet,94,69,200,2936,0,1
1743860964515,Google Pixel 7a,TFLite,efficientnet_lite0,forklift.JPEG,forklift,98,73,30,2604,0,1
1743860964515,Google Pixel 7a,TFLite,efficientnet_lite0_int8,forklift.JPEG,tench,50,20,12,349,0,0
1743860964515,Google Pixel 7a,PyTorch,mobilenet_v2,forklift.JPEG,forklift,76,83,197,2968,0,1
1743860965010,Google Pixel 7a,TFLite,efficientnet_lite0,fountain.JPEG,fountain,47,82,28,0,0,1
1743860965010,Google Pixel 7a,TFLite,efficientnet_lite0_int8,fountain.JPEG,vase,83,14,11,413,0,0
1743860965010,Google Pixel 7a,PyTorch,mobilenet_v2,fountain.JPEG,fountain,54,65,186,2904,0,1
1743860965412,Google Pixel 7a,TFLite,efficientnet_lite0,fountain_pen.JPEG,iron,7,90,29,2636,0,0
1743860965412,Google Pixel 7a,TFLite,efficientnet_lite0_int8,fountain_pen.JPEG,totem pole,62,75,11,349,0,0
1743860965412,Google Pixel 7a,PyTorch,mobilenet_v2,fountain_pen.JPEG,scabbard,13,99,134,1920,0,0
1743860965861,Google Pixel 7a,TFLite,efficientnet_lite0,four-poster.JPEG,four-poster,67,43,30,2604,0,0
1743860965861,Google Pixel 7a,TFLite,efficientnet_lite0_int8,four-poster.JPEG,mouse,81,57,12,349,0,0
1743860965861,Google Pixel 7a,PyTorch,mobilenet_v2,four-poster.JPEG,four-poster,58,49,172,2604,0,0
1743860966154,Google Pixel 7a,TFLite,efficientnet_lite0,fox_squirrel.JPEG,barn spider,6,58,29,2572,0,0
1743860966154,Google Pixel 7a,TFLite,efficientnet_lite0_int8,fox_squirrel.JPEG,sea slug,54,12,11,381,0,0
1743860966154,Google Pixel 7a,PyTorch,mobilenet_v2,fox_squirrel.JPEG,stone wall,51,40,42,152,0,0
1743860966614,Google Pixel 7a,TFLite,efficientnet_lite0,freight_car.JPEG,freight car,78,86,29,2636,0,1
1743860966614,Google Pixel 7a,TFLite,efficientnet_lite0_int8,freight_car.JPEG,bassoon,50,59,11,349,0,2
1743860966615,Google Pixel 7a,PyTorch,mobilenet_v2,freight_car.JPEG,freight car,99,52,192,0,0,1
1743860967512,Google Pixel 7a,TFLite,efficientnet_lite0,frilled_lizard.JPEG,frilled lizard,84,15,28,2604,0,1
1743860967512,Google Pixel 7a,TFLite,efficientnet_lite0_int8,frilled_lizard.JPEG,triceratops,60,00,12,349,0,2
1743860967512,Google Pixel 7a,PyTorch,mobilenet_v2,frilled_lizard.JPEG,frilled lizard,5,27,562,8816,0,1
1743860968008,Google Pixel 7a,TFLite,efficientnet_lite0,frying_pan.JPEG,frying pan,69,50,31,2604,0,1
1743860968009,Google Pixel 7a,TFLite,efficientnet_lite0_int8,frying_pan.JPEG,espresso,60,78,13,381,0,0
1743860968009,Google Pixel 7a,PyTorch,mobilenet_v2,frying_pan.JPEG,frying pan,54,79,203,2936,0,1
1743860968502,Google Pixel 7a,TFLite,efficientnet_lite0,fur_coat.JPEG,fur coat,10,14,30,2604,0,1
1743860968502,Google Pixel 7a,TFLite,efficientnet_lite0_int8,fur_coat.JPEG,school bus,60,00,12,349,0,0
1743860968502,Google Pixel 7a,PyTorch,mobilenet_v2,fur_coat.JPEG,padlock,4,46,203,0,0,0
1743860968988,Google Pixel 7a,TFLite,efficientnet_lite0,gar.JPEG,gar,36,14,29,2604,0,0
1743860968988,Google Pixel 7a,TFLite,efficientnet_lite0_int8,gar.JPEG,abaya,94,51,12,349,0,0
1743860968988,Google Pixel 7a,PyTorch,mobilenet_v2,gar.JPEG,lakeside,7,55,198,2956,0,0
1743860969593,Google Pixel 7a,TFLite,efficientnet_lite0,garbage_truck.JPEG,garbage truck,99,34,29,2604,0,0
1743860969593,Google Pixel 7a,TFLite,efficientnet_lite0_int8,garbage_truck.JPEG,crutch,53,33,11,381,0,0
1743860969593,Google Pixel 7a,PyTorch,mobilenet_v2,garbage_truck.JPEG,garbage truck,4,79,313,4896,0,0
1743860970154,Google Pixel 7a,TFLite,efficientnet_lite0,garden_spider.JPEG,garden spider,55,70,29,2572,0,2
1743860970154,Google Pixel 7a,TFLite,efficientnet_lite0_int8,garden_spider.JPEG,tarantula,70,20,12,349,0,0
1743860970154,Google Pixel 7a,PyTorch,mobilenet_v2,garden_spider.JPEG,garden spider,41,11,262,3912,0,2
1743860970517,Google Pixel 7a,TFLite,efficientnet_lite0,garter_snake.JPEG,garter snake,83,02,31,0,0,1
1743860970517,Google Pixel 7a,TFLite,efficientnet_lite0_int8,garter_snake.JPEG,king snake,51,76,12,381,0,0
1743860970518,Google Pixel 7a,PyTorch,mobilenet_v2,garter_snake.JPEG,garter snake,94,50,91,1208,0,1
1743860970992,Google Pixel 7a,TFLite,efficientnet_lite0,gas_pump.JPEG,gas pump,56,83,31,2636,0,1
1743860970992,Google Pixel 7a,TFLite,efficientnet_lite0_int8,gas_pump.JPEG,golfcart,88,63,12,349,0,0
1743860970992,Google Pixel 7a,PyTorch,mobilenet_v2,gas_pump.JPEG,cash machine,5,44,198,3040,0,0
1743860971396,Google Pixel 7a,TFLite,efficientnet_lite0,gasmask.JPEG,gasmask,80,90,29,2636,0,1
1743860971397,Google Pixel 7a,TFLite,efficientnet_lite0_int8,gasmask.JPEG,stupa,53,33,11,349,0,0
1743860971397,Google Pixel 7a,PyTorch,mobilenet_v2,gasmask.JPEG,gasmask,24,55,138,2028,0,1
1743860971861,Google Pixel 7a,TFLite,efficientnet_lite0,gazelle.JPEG,gazelle,48,68,30,2572,0,1
1743860971861,Google Pixel 7a,TFLite,efficientnet_lite0_int8,gazelle.JPEG,weasel,92,16,12,349,0,0
1743860971861,Google Pixel 7a,PyTorch,mobilenet_v2,gazelle.JPEG,gazelle,65,77,185,2864,0,1
1743860972421,Google Pixel 7a,TFLite,efficientnet_lite0,geyser.JPEG,geyser,79,92,29,0,0,1
1743860972422,Google Pixel 7a,TFLite,efficientnet_lite0_int8,geyser.JPEG,seashore,77,65,11,413,0,0
1743860972422,Google Pixel 7a,PyTorch,mobilenet_v2,geyser.JPEG,geyser,38,38,266,4288,0,1
1743860972929,Google Pixel 7a,TFLite,efficientnet_lite0,giant_panda.JPEG,giant panda,94,55,31,2636,0,0
1743860972929,Google Pixel 7a,TFLite,efficientnet_lite0_int8,giant_panda.JPEG,tench,50,20,14,349,0,0
1743860972929,Google Pixel 7a,PyTorch,mobilenet_v2,giant_panda.JPEG,giant panda,98,91,196,2968,0,0
1743860973293,Google Pixel 7a,TFLite,efficientnet_lite0,giant_schnauzer.JPEG,giant schnauzer,68,95,30,2604,0,1
1743860973293,Google Pixel 7a,TFLite,efficientnet_lite0_int8,giant_schnauzer.JPEG,soft-coated wheaten terrier,66,27,12,349,0,0
1743860973293,Google Pixel 7a,PyTorch,mobilenet_v2,giant_schnauzer.JPEG,giant schnauzer,76,75,100,1240,0,1
1743860973739,Google Pixel 7a,TFLite,efficientnet_lite0,gibbon.JPEG,gibbon,55,00,28,2572,0,1
1743860973739,Google Pixel 7a,TFLite,efficientnet_lite0_int8,gibbon.JPEG,baboon,83,14,11,349,0,0
1743860973739,Google Pixel 7a,PyTorch,mobilenet_v2,gibbon.JPEG,gibbon,12,05,181,2604,0,1
1743860974193,Google Pixel 7a,TFLite,efficientnet_lite0,go-kart.JPEG,go-kart,83,54,30,0,0,0
1743860974193,Google Pixel 7a,TFLite,efficientnet_lite0_int8,go-kart.JPEG,croquet ball,64,71,13,381,0,0
1743860974193,Google Pixel 7a,PyTorch,mobilenet_v2,go-kart.JPEG,go-kart,82,33,161,2616,0,0
1743860974640,Google Pixel 7a,TFLite,efficientnet_lite0,goblet.JPEG,goblet,46,00,29,2636,0,1
1743860974640,Google Pixel 7a,TFLite,efficientnet_lite0_int8,goblet.JPEG,lens cap,52,16,12,349,0,0
1743860974640,Google Pixel 7a,PyTorch,mobilenet_v2,goblet.JPEG,goblet,16,52,170,2604,0,1
1743860975061,Google Pixel 7a,TFLite,efficientnet_lite0,golden_retriever.JPEG,golden retriever,61,69,28,2604,0,1
1743860975062,Google Pixel 7a,TFLite,efficientnet_lite0_int8,golden_retriever.JPEG,Irish setter,54,90,11,349,0,0
1743860975062,Google Pixel 7a,PyTorch,mobilenet_v2,golden_retriever.JPEG,golden retriever,8,69,157,2348,0,1
1743860975535,Google Pixel 7a,TFLite,efficientnet_lite0,goldfinch.JPEG,goldfinch,94,41,28,2572,0,1
1743860975535,Google Pixel 7a,TFLite,efficientnet_lite0_int8,goldfinch.JPEG,tench,50,20,11,349,0,0
1743860975536,Google Pixel 7a,PyTorch,mobilenet_v2,goldfinch.JPEG,goldfinch,58,92,199,2936,0,1
1743860975928,Google Pixel 7a,TFLite,efficientnet_lite0,goldfish.JPEG,goldfish,89,07,28,0,0,1
1743860975928,Google Pixel 7a,TFLite,efficientnet_lite0_int8,goldfish.JPEG,hammerhead,51,76,13,381,0,5
1743860975928,Google Pixel 7a,PyTorch,mobilenet_v2,goldfish.JPEG,goldfish,90,77,108,1548,0,1
1743860976240,Google Pixel 7a,TFLite,efficientnet_lite0,golf_ball.JPEG,golf ball,85,32,29,2636,0,1
1743860976241,Google Pixel 7a,TFLite,efficientnet_lite0_int8,golf_ball.JPEG,tench,50,20,11,349,0,0
1743860976241,Google Pixel 7a,PyTorch,mobilenet_v2,golf_ball.JPEG,golf ball,99,98,63,668,0,1
1743860976713,Google Pixel 7a,TFLite,efficientnet_lite0,golfcart.JPEG,golfcart,98,76,28,2604,0,1
1743860976713,Google Pixel 7a,TFLite,efficientnet_lite0_int8,golfcart.JPEG,tench,50,20,10,381,0,0
1743860976713,Google Pixel 7a,PyTorch,mobilenet_v2,golfcart.JPEG,golfcart,99,75,203,2936,0,1
1743860977185,Google Pixel 7a,TFLite,efficientnet_lite0,gondola.JPEG,gondola,98,40,28,2604,0,1
1743860977185,Google Pixel 7a,TFLite,efficientnet_lite0_int8,gondola.JPEG,tench,50,20,11,349,0,0
1743860977185,Google Pixel 7a,PyTorch,mobilenet_v2,gondola.JPEG,gondola,98,61,201,2968,0,1
1743860977648,Google Pixel 7a,TFLite,efficientnet_lite0,gong.JPEG,gong,75,64,28,2636,0,0
1743860977648,Google Pixel 7a,TFLite,efficientnet_lite0_int8,gong.JPEG,cinema,68,63,11,349,0,0
1743860977648,Google Pixel 7a,PyTorch,mobilenet_v2,gong.JPEG,gong,60,68,197,0,0,0
1743860978101,Google Pixel 7a,TFLite,efficientnet_lite0,goose.JPEG,goose,77,83,29,2604,0,1
1743860978102,Google Pixel 7a,TFLite,efficientnet_lite0_int8,goose.JPEG,tusker,64,71,11,349,0,0
1743860978102,Google Pixel 7a,PyTorch,mobilenet_v2,goose.JPEG,goose,22,66,187,2792,0,1
1743860978564,Google Pixel 7a,TFLite,efficientnet_lite0,gorilla.JPEG,spider monkey,19,79,29,2604,0,0
1743860978564,Google Pixel 7a,TFLite,efficientnet_lite0_int8,gorilla.JPEG,Indian elephant,76,08,11,381,0,0
1743860978565,Google Pixel 7a,PyTorch,mobilenet_v2,gorilla.JPEG,gorilla,10,36,194,2936,0,1
1743860979007,Google Pixel 7a,TFLite,efficientnet_lite0,gown.JPEG,gown,92,71,29,2604,0,0
1743860979007,Google Pixel 7a,TFLite,efficientnet_lite0_int8,gown.JPEG,yellow lady's slipper,53,33,11,349,0,0
1743860979007,Google Pixel 7a,PyTorch,mobilenet_v2,gown.JPEG,groom,49,90,171,2604,0,0
1743860979544,Google Pixel 7a,TFLite,efficientnet_lite0,grand_piano.JPEG,grand piano,97,13,29,2604,0,1
1743860979544,Google Pixel 7a,TFLite,efficientnet_lite0_int8,grand_piano.JPEG,velvet,50,59,10,349,0,0
1743860979544,Google Pixel 7a,PyTorch,mobilenet_v2,grand_piano.JPEG,grand piano,88,13,256,0,0,1
1743860979999,Google Pixel 7a,TFLite,efficientnet_lite0,grasshopper.JPEG,cricket,59,09,28,2604,0,2
1743860979999,Google Pixel 7a,TFLite,efficientnet_lite0_int8,grasshopper.JPEG,mantis,60,78,12,349,0,0
1743860979999,Google Pixel 7a,PyTorch,mobilenet_v2,grasshopper.JPEG,cricket,57,01,175,2604,0,2
1743860980802,Google Pixel 7a,TFLite,efficientnet_lite0,great_grey_owl.JPEG,great grey owl,93,95,30,2604,0,1
1743860980802,Google Pixel 7a,TFLite,efficientnet_lite0_int8,great_grey_owl.JPEG,tench,50,20,12,349,0,0
1743860980802,Google Pixel 7a,PyTorch,mobilenet_v2,great_grey_owl.JPEG,great grey owl,20,44,477,7436,0,1
1743860981252,Google Pixel 7a,TFLite,efficientnet_lite0,great_white_shark.JPEG,great white shark,88,84,30,2572,0,1
1743860981252,Google Pixel 7a,TFLite,efficientnet_lite0_int8,great_white_shark.JPEG,cock,51,76,12,349,0,0
1743860981252,Google Pixel 7a,PyTorch,mobilenet_v2,great_white_shark.JPEG,great white shark,74,92,171,2604,0,1
1743860981784,Google Pixel 7a,TFLite,efficientnet_lite0,green_lizard.JPEG,green lizard,32,51,30,0,0,1
1743860981784,Google Pixel 7a,TFLite,efficientnet_lite0_int8,green_lizard.JPEG,American alligator,87,84,14,381,0,0
1743860981784,Google Pixel 7a,PyTorch,mobilenet_v2,green_lizard.JPEG,green lizard,15,20,216,3324,0,1
1743860982189,Google Pixel 7a,TFLite,efficientnet_lite0,green_mamba.JPEG,green mamba,51,67,30,2636,0,1
1743860982189,Google Pixel 7a,TFLite,efficientnet_lite0_int8,green_mamba.JPEG,sidewinder,94,90,11,349,0,0
1743860982189,Google Pixel 7a,PyTorch,mobilenet_v2,green_mamba.JPEG,vine snake,6,86,136,2112,0,2
1743860982657,Google Pixel 7a,TFLite,efficientnet_lite0,green_snake.JPEG,green mamba,76,00,29,2636,0,2
1743860982657,Google Pixel 7a,TFLite,efficientnet_lite0_int8,green_snake.JPEG,vine snake,62,75,11,349,0,0
1743860982657,Google Pixel 7a,PyTorch,mobilenet_v2,green_snake.JPEG,green mamba,70,71,190,2936,0,2
1743860983097,Google Pixel 7a,TFLite,efficientnet_lite0,greenhouse.JPEG,greenhouse,56,40,29,2572,0,1
1743860983097,Google Pixel 7a,TFLite,efficientnet_lite0_int8,greenhouse.JPEG,pencil sharpener,55,69,11,349,0,0
1743860983097,Google Pixel 7a,PyTorch,mobilenet_v2,greenhouse.JPEG,greenhouse,80,69,170,2616,0,1
1743860983576,Google Pixel 7a,TFLite,efficientnet_lite0,grey_fox.JPEG,grey fox,80,77,30,0,0,1
1743860983576,Google Pixel 7a,TFLite,efficientnet_lite0_int8,grey_fox.JPEG,sorrel,56,08,12,413,0,0
1743860983576,Google Pixel 7a,PyTorch,mobilenet_v2,grey_fox.JPEG,grey fox,16,94,187,2936,0,1
1743860984057,Google Pixel 7a,TFLite,efficientnet_lite0,grey_whale.JPEG,grey whale,93,80,28,2636,0,1
1743860984057,Google Pixel 7a,TFLite,efficientnet_lite0_int8,grey_whale.JPEG,buckle,50,98,12,349,0,0
1743860984057,Google Pixel 7a,PyTorch,mobilenet_v2,grey_whale.JPEG,grey whale,78,27,194,3024,0,1
1743860984530,Google Pixel 7a,TFLite,efficientnet_lite0,grille.JPEG,beach wagon,20,19,29,2604,0,2
1743860984531,Google Pixel 7a,TFLite,efficientnet_lite0_int8,grille.JPEG,beer bottle,81,96,11,349,0,0
1743860984531,Google Pixel 7a,PyTorch,mobilenet_v2,grille.JPEG,grille,11,26,196,2936,0,1
1743860985756,Google Pixel 7a,TFLite,efficientnet_lite0,grocery_store.JPEG,grocery store,61,60,29,2572,0,1
1743860985756,Google Pixel 7a,TFLite,efficientnet_lite0_int8,grocery_store.JPEG,pomegranate,60,00,11,349,0,0
1743860985757,Google Pixel 7a,PyTorch,mobilenet_v2,grocery_store.JPEG,grocery store,3,76,856,0,0,1
1743860986214,Google Pixel 7a,TFLite,efficientnet_lite0,groenendael.JPEG,groenendael,85,29,30,2636,0,1
1743860986214,Google Pixel 7a,TFLite,efficientnet_lite0_int8,groenendael.JPEG,chow,50,98,11,349,0,0
1743860986214,Google Pixel 7a,PyTorch,mobilenet_v2,groenendael.JPEG,groenendael,12,79,169,2600,0,1
1743860986670,Google Pixel 7a,TFLite,efficientnet_lite0,groom.JPEG,groom,99,60,31,2636,0,1
1743860986670,Google Pixel 7a,TFLite,efficientnet_lite0_int8,groom.JPEG,ladle,50,59,12,349,0,0
1743860986670,Google Pixel 7a,PyTorch,mobilenet_v2,groom.JPEG,groom,90,89,177,2636,0,1
1743860987132,Google Pixel 7a,TFLite,efficientnet_lite0,ground_beetle.JPEG,ground beetle,89,79,29,2572,0,1
1743860987132,Google Pixel 7a,TFLite,efficientnet_lite0_int8,ground_beetle.JPEG,bee,53,33,12,349,0,0
1743860987132,Google Pixel 7a,PyTorch,mobilenet_v2,ground_beetle.JPEG,ground beetle,47,05,186,2780,0,1
1743860987579,Google Pixel 7a,TFLite,efficientnet_lite0,guacamole.JPEG,guacamole,77,39,30,2604,0,1
1743860987579,Google Pixel 7a,TFLite,efficientnet_lite0_int8,guacamole.JPEG,ice cream,76,47,11,381,0,0
1743860987579,Google Pixel 7a,PyTorch,mobilenet_v2,guacamole.JPEG,guacamole,15,04,170,2620,0,1
1743860988018,Google Pixel 7a,TFLite,efficientnet_lite0,guenon.JPEG,guenon,90,72,30,2604,0,1
1743860988018,Google Pixel 7a,TFLite,efficientnet_lite0_int8,guenon.JPEG,colobus,51,37,11,349,0,0
1743860988018,Google Pixel 7a,PyTorch,mobilenet_v2,guenon.JPEG,guenon,74,89,167,2576,0,1
1743860988497,Google Pixel 7a,TFLite,efficientnet_lite0,guillotine.JPEG,guillotine,88,77,30,2604,0,1
1743860988497,Google Pixel 7a,TFLite,efficientnet_lite0_int8,guillotine.JPEG,rule,53,33,11,349,0,0
1743860988497,Google Pixel 7a,PyTorch,mobilenet_v2,guillotine.JPEG,guillotine,63,22,200,2936,0,1
1743860989213,Google Pixel 7a,TFLite,efficientnet_lite0,guinea_pig.JPEG,guinea pig,64,34,28,2572,0,1
1743860989213,Google Pixel 7a,TFLite,efficientnet_lite0_int8,guinea_pig.JPEG,wild boar,97,25,12,349,0,0
1743860989214,Google Pixel 7a,PyTorch,mobilenet_v2,guinea_pig.JPEG,guinea pig,6,45,400,6120,0,1
1743860989593,Google Pixel 7a,TFLite,efficientnet_lite0,gyromitra.JPEG,gyromitra,94,38,31,0,0,1
1743860989593,Google Pixel 7a,TFLite,efficientnet_lite0_int8,gyromitra.JPEG,tench,50,20,12,349,0,0
1743860989593,Google Pixel 7a,PyTorch,mobilenet_v2,gyromitra.JPEG,gyromitra,97,59,101,1340,0,1
1743860990042,Google Pixel 7a,TFLite,efficientnet_lite0,hair_slide.JPEG,pencil sharpener,22,69,29,2572,0,2
1743860990042,Google Pixel 7a,TFLite,efficientnet_lite0_int8,hair_slide.JPEG,hamper,62,75,11,349,0,0
1743860990042,Google Pixel 7a,PyTorch,mobilenet_v2,hair_slide.JPEG,hair slide,11,84,180,2600,0,1
1743860990552,Google Pixel 7a,TFLite,efficientnet_lite0,hair_spray.JPEG,hair spray,83,79,29,2604,0,1
1743860990552,Google Pixel 7a,TFLite,efficientnet_lite0_int8,hair_spray.JPEG,loupe,61,18,11,349,0,0
1743860990552,Google Pixel 7a,PyTorch,mobilenet_v2,hair_spray.JPEG,hair spray,9,30,228,3528,0,1
1743860991040,Google Pixel 7a,TFLite,efficientnet_lite0,half_track.JPEG,half track,37,89,28,2604,0,1
1743860991040,Google Pixel 7a,TFLite,efficientnet_lite0_int8,half_track.JPEG,lifeboat,74,90,12,349,0,0
1743860991040,Google Pixel 7a,PyTorch,mobilenet_v2,half_track.JPEG,half track,15,44,197,2940,0,1
1743860991578,Google Pixel 7a,TFLite,efficientnet_lite0,hammer.JPEG,spindle,27,45,28,0,0,0
1743860991578,Google Pixel 7a,TFLite,efficientnet_lite0_int8,hammer.JPEG,steam locomotive,66,67,12,413,0,0
1743860991578,Google Pixel 7a,PyTorch,mobilenet_v2,hammer.JPEG,plunger,1,66,239,3772,0,0
1743860992083,Google Pixel 7a,TFLite,efficientnet_lite0,hammerhead.JPEG,swimming trunks,49,52,28,2604,0,0
1743860992083,Google Pixel 7a,TFLite,efficientnet_lite0_int8,hammerhead.JPEG,table lamp,87,06,14,349,0,0
1743860992083,Google Pixel 7a,PyTorch,mobilenet_v2,hammerhead.JPEG,shovel,14,54,176,2636,0,0
1743860992438,Google Pixel 7a,TFLite,efficientnet_lite0,hamper.JPEG,hamper,99,52,29,2604,0,1
1743860992438,Google Pixel 7a,TFLite,efficientnet_lite0_int8,hamper.JPEG,tench,50,20,12,349,0,0
1743860992439,Google Pixel 7a,PyTorch,mobilenet_v2,hamper.JPEG,hamper,99,91,93,1160,0,1
1743860992968,Google Pixel 7a,TFLite,efficientnet_lite0,hamster.JPEG,hamster,95,93,30,2572,0,1
1743860992968,Google Pixel 7a,TFLite,efficientnet_lite0_int8,hamster.JPEG,otter,51,76,11,349,0,0
1743860992968,Google Pixel 7a,PyTorch,mobilenet_v2,hamster.JPEG,hamster,45,83,246,3832,0,1
1743860993290,Google Pixel 7a,TFLite,efficientnet_lite0,hand-held_computer.JPEG,hand-held computer,66,84,29,0,0,0
1743860993290,Google Pixel 7a,TFLite,efficientnet_lite0_int8,hand-held_computer.JPEG,packet,58,04,11,381,0,0
1743860993290,Google Pixel 7a,PyTorch,mobilenet_v2,hand-held_computer.JPEG,hand-held computer,97,86,65,624,0,0
1743860993836,Google Pixel 7a,TFLite,efficientnet_lite0,hand_blower.JPEG,hand blower,88,84,28,2636,0,1
1743860993836,Google Pixel 7a,TFLite,efficientnet_lite0_int8,hand_blower.JPEG,loupe,51,76,11,349,0,0
1743860993836,Google Pixel 7a,PyTorch,mobilenet_v2,hand_blower.JPEG,hand blower,88,95,269,3912,0,1
1743860994294,Google Pixel 7a,TFLite,efficientnet_lite0,handkerchief.JPEG,handkerchief,72,32,28,2604,0,1
1743860994294,Google Pixel 7a,TFLite,efficientnet_lite0_int8,handkerchief.JPEG,file,53,73,10,349,0,0
1743860994294,Google Pixel 7a,PyTorch,mobilenet_v2,handkerchief.JPEG,handkerchief,47,13,188,2880,0,1
1743860995110,Google Pixel 7a,TFLite,efficientnet_lite0,hard_disc.JPEG,hard disc,98,25,28,2572,0,1
1743860995110,Google Pixel 7a,TFLite,efficientnet_lite0_int8,hard_disc.JPEG,CD player,50,59,15,413,0,0
1743860995111,Google Pixel 7a,PyTorch,mobilenet_v2,hard_disc.JPEG,hard disc,72,30,458,4348,0,1
1743860995807,Google Pixel 7a,TFLite,efficientnet_lite0,hare.JPEG,hare,43,00,50,0,0,1
1743860995807,Google Pixel 7a,TFLite,efficientnet_lite0_int8,hare.JPEG,fox squirrel,98,43,19,381,0,0
1743860995807,Google Pixel 7a,PyTorch,mobilenet_v2,hare.JPEG,hare,22,82,314,2936,0,1
1743860996251,Google Pixel 7a,TFLite,efficientnet_lite0,harmonica.JPEG,harmonica,99,84,45,2636,0,1
1743860996252,Google Pixel 7a,TFLite,efficientnet_lite0_int8,harmonica.JPEG,tench,50,20,17,349,0,0
1743860996252,Google Pixel 7a,PyTorch,mobilenet_v2,harmonica.JPEG,harmonica,99,99,117,776,0,1
1743860998205,Google Pixel 7a,TFLite,efficientnet_lite0,harp.JPEG,harp,23,18,46,2572,0,1
1743860998206,Google Pixel 7a,TFLite,efficientnet_lite0_int8,harp.JPEG,chiton,58,04,17,349,0,0
1743860998206,Google Pixel 7a,PyTorch,mobilenet_v2,harp.JPEG,harp,23,55,1509,2968,0,1
1743861001299,Google Pixel 7a,TFLite,efficientnet_lite0,hartebeest.JPEG,hartebeest,92,28,164,2604,0,0
1743861001300,Google Pixel 7a,TFLite,efficientnet_lite0_int8,hartebeest.JPEG,llama,97,25,67,349,0,0
1743861001300,Google Pixel 7a,PyTorch,mobilenet_v2,hartebeest.JPEG,hartebeest,38,09,1029,2316,0,0
1743861004609,Google Pixel 7a,TFLite,efficientnet_lite0,harvester.JPEG,harvester,64,01,276,0,0,1
1743861004609,Google Pixel 7a,TFLite,efficientnet_lite0_int8,harvester.JPEG,Crock Pot,58,04,74,349,0,0
1743861004609,Google Pixel 7a,PyTorch,mobilenet_v2,harvester.JPEG,harvester,28,31,896,1992,0,1
1743861007276,Google Pixel 7a,TFLite,efficientnet_lite0,harvestman.JPEG,harvestman,85,88,294,2572,0,1
1743861007277,Google Pixel 7a,TFLite,efficientnet_lite0_int8,harvestman.JPEG,leafhopper,51,76,62,349,0,0
1743861007277,Google Pixel 7a,PyTorch,mobilenet_v2,harvestman.JPEG,harvestman,76,61,813,2664,0,1
1743861007890,Google Pixel 7a,TFLite,efficientnet_lite0,hatchet.JPEG,hatchet,34,28,156,2636,0,1
1743861007890,Google Pixel 7a,TFLite,efficientnet_lite0_int8,hatchet.JPEG,hook,81,18,11,413,0,0
1743861007890,Google Pixel 7a,PyTorch,mobilenet_v2,hatchet.JPEG,hatchet,45,16,158,1544,0,1
1743861008354,Google Pixel 7a,TFLite,efficientnet_lite0,hay.JPEG,hay,67,39,28,2636,0,1
1743861008354,Google Pixel 7a,TFLite,efficientnet_lite0_int8,hay.JPEG,hartebeest,53,33,12,349,0,0
1743861008354,Google Pixel 7a,PyTorch,mobilenet_v2,hay.JPEG,hay,99,86,181,2936,0,1
1743861008838,Google Pixel 7a,TFLite,efficientnet_lite0,head_cabbage.JPEG,head cabbage,98,04,29,0,0,0
1743861008838,Google Pixel 7a,TFLite,efficientnet_lite0_int8,head_cabbage.JPEG,butternut squash,50,59,13,381,0,0
1743861008838,Google Pixel 7a,PyTorch,mobilenet_v2,head_cabbage.JPEG,head cabbage,90,06,196,2956,0,0
1743861009229,Google Pixel 7a,TFLite,efficientnet_lite0,hen-of-the-woods.JPEG,hen-of-the-woods,97,44,29,2636,0,0
1743861009229,Google Pixel 7a,TFLite,efficientnet_lite0_int8,hen-of-the-woods.JPEG,lemon,50,59,11,349,0,0
1743861009229,Google Pixel 7a,PyTorch,mobilenet_v2,hen-of-the-woods.JPEG,hen-of-the-woods,98,79,132,1936,0,0
1743861009668,Google Pixel 7a,TFLite,efficientnet_lite0,hen.JPEG,hen,44,11,30,2604,0,1
1743861009668,Google Pixel 7a,TFLite,efficientnet_lite0_int8,hen.JPEG,house finch,81,57,12,349,0,0
1743861009668,Google Pixel 7a,PyTorch,mobilenet_v2,hen.JPEG,cock,36,00,164,2604,0,2
1743861010139,Google Pixel 7a,TFLite,efficientnet_lite0,hermit_crab.JPEG,hermit crab,60,75,29,2604,0,1
1743861010139,Google Pixel 7a,TFLite,efficientnet_lite0_int8,hermit_crab.JPEG,chambered nautilus,59,61,11,349,0,0
1743861010139,Google Pixel 7a,PyTorch,mobilenet_v2,hermit_crab.JPEG,hermit crab,29,83,194,2968,0,1
1743861010606,Google Pixel 7a,TFLite,efficientnet_lite0,hip.JPEG,hip,88,81,28,0,0,0
1743861010606,Google Pixel 7a,TFLite,efficientnet_lite0_int8,hip.JPEG,dough,84,31,12,381,0,0
1743861010606,Google Pixel 7a,PyTorch,mobilenet_v2,hip.JPEG,hip,92,17,186,2936,0,0
1743861011069,Google Pixel 7a,TFLite,efficientnet_lite0,hippopotamus.JPEG,hippopotamus,96,83,28,2636,0,1
1743861011069,Google Pixel 7a,TFLite,efficientnet_lite0_int8,hippopotamus.JPEG,ox,51,37,11,349,0,0
1743861011069,Google Pixel 7a,PyTorch,mobilenet_v2,hippopotamus.JPEG,hippopotamus,85,79,194,2968,0,1
1743861011507,Google Pixel 7a,TFLite,efficientnet_lite0,hog.JPEG,hog,93,91,28,2604,0,0
1743861011507,Google Pixel 7a,TFLite,efficientnet_lite0_int8,hog.JPEG,cannon,56,86,11,349,0,0
1743861011507,Google Pixel 7a,PyTorch,mobilenet_v2,hog.JPEG,hog,77,38,167,2604,0,0
1743861011964,Google Pixel 7a,TFLite,efficientnet_lite0,hognose_snake.JPEG,hognose snake,71,02,28,2572,0,1
1743861011965,Google Pixel 7a,TFLite,efficientnet_lite0_int8,hognose_snake.JPEG,scorpion,64,31,12,381,0,0
1743861011965,Google Pixel 7a,PyTorch,mobilenet_v2,hognose_snake.JPEG,hognose snake,29,23,185,3024,0,1
1743861012410,Google Pixel 7a,TFLite,efficientnet_lite0,holster.JPEG,holster,72,37,41,0,0,1
1743861012410,Google Pixel 7a,TFLite,efficientnet_lite0_int8,holster.JPEG,bathing cap,50,59,11,349,0,0
1743861012410,Google Pixel 7a,PyTorch,mobilenet_v2,holster.JPEG,holster,81,45,160,2620,0,1
1743861012841,Google Pixel 7a,TFLite,efficientnet_lite0,home_theater.JPEG,home theater,37,91,28,2572,0,1
1743861012841,Google Pixel 7a,TFLite,efficientnet_lite0_int8,home_theater.JPEG,horizontal bar,97,25,11,349,0,0
1743861012841,Google Pixel 7a,PyTorch,mobilenet_v2,home_theater.JPEG,home theater,42,97,164,2604,0,1
1743861013298,Google Pixel 7a,TFLite,efficientnet_lite0,honeycomb.JPEG,sea cucumber,44,91,28,2572,0,2
1743861013299,Google Pixel 7a,TFLite,efficientnet_lite0_int8,honeycomb.JPEG,horse cart,61,57,11,381,0,0
1743861013299,Google Pixel 7a,PyTorch,mobilenet_v2,honeycomb.JPEG,honeycomb,42,61,190,2936,0,1
1743861013743,Google Pixel 7a,TFLite,efficientnet_lite0,hook.JPEG,hook,79,54,28,2636,0,1
1743861013743,Google Pixel 7a,TFLite,efficientnet_lite0_int8,hook.JPEG,hourglass,99,61,12,349,0,0
1743861013744,Google Pixel 7a,PyTorch,mobilenet_v2,hook.JPEG,nail,37,38,165,2636,0,2
1743861014204,Google Pixel 7a,TFLite,efficientnet_lite0,hoopskirt.JPEG,hoopskirt,83,85,29,0,0,1
1743861014204,Google Pixel 7a,TFLite,efficientnet_lite0_int8,hoopskirt.JPEG,paddle,68,24,11,381,0,0
1743861014204,Google Pixel 7a,PyTorch,mobilenet_v2,hoopskirt.JPEG,hoopskirt,50,45,188,2936,0,1
1743861014633,Google Pixel 7a,TFLite,efficientnet_lite0,horizontal_bar.JPEG,parallel bars,52,51,29,2604,0,2
1743861014633,Google Pixel 7a,TFLite,efficientnet_lite0_int8,horizontal_bar.JPEG,iron,85,49,11,349,0,0
1743861014633,Google Pixel 7a,PyTorch,mobilenet_v2,horizontal_bar.JPEG,horizontal bar,36,88,164,2648,0,1
1743861015072,Google Pixel 7a,TFLite,efficientnet_lite0,hornbill.JPEG,hornbill,82,70,29,2604,0,1
1743861015072,Google Pixel 7a,TFLite,efficientnet_lite0_int8,hornbill.JPEG,black swan,52,16,11,349,0,0
1743861015072,Google Pixel 7a,PyTorch,mobilenet_v2,hornbill.JPEG,hornbill,72,32,170,2604,0,1
1743861015382,Google Pixel 7a,TFLite,efficientnet_lite0,horned_viper.JPEG,night snake,6,09,28,2572,0,3
1743861015382,Google Pixel 7a,TFLite,efficientnet_lite0_int8,horned_viper.JPEG,sea snake,59,61,11,349,0,4
1743861015382,Google Pixel 7a,PyTorch,mobilenet_v2,horned_viper.JPEG,night snake,51,17,63,472,0,0
1743861016549,Google Pixel 7a,TFLite,efficientnet_lite0,horse_cart.JPEG,horse cart,95,69,28,2604,0,1
1743861016550,Google Pixel 7a,TFLite,efficientnet_lite0_int8,horse_cart.JPEG,paddlewheel,53,33,12,349,0,0
1743861016550,Google Pixel 7a,PyTorch,mobilenet_v2,horse_cart.JPEG,horse cart,10,15,789,0,0,1
1743861016910,Google Pixel 7a,TFLite,efficientnet_lite0,hot_pot.JPEG,hot pot,57,95,30,2604,0,0
1743861016910,Google Pixel 7a,TFLite,efficientnet_lite0_int8,hot_pot.JPEG,can opener,65,10,11,349,0,0
1743861016910,Google Pixel 7a,PyTorch,mobilenet_v2,hot_pot.JPEG,hot pot,61,92,97,1208,0,0
1743861017473,Google Pixel 7a,TFLite,efficientnet_lite0,hotdog.JPEG,mushroom,7,49,29,2604,0,4
1743861017473,Google Pixel 7a,TFLite,efficientnet_lite0_int8,hotdog.JPEG,lemon,64,31,12,349,0,0
1743861017473,Google Pixel 7a,PyTorch,mobilenet_v2,hotdog.JPEG,hotdog,13,23,273,0,0,1
1743861017908,Google Pixel 7a,TFLite,efficientnet_lite0,hourglass.JPEG,hourglass,96,36,31,2604,0,1
1743861017909,Google Pixel 7a,TFLite,efficientnet_lite0_int8,hourglass.JPEG,tench,50,20,12,349,0,0
1743861017909,Google Pixel 7a,PyTorch,mobilenet_v2,hourglass.JPEG,hourglass,99,64,157,2504,0,1
1743861018403,Google Pixel 7a,TFLite,efficientnet_lite0,house_finch.JPEG,house finch,97,59,30,2604,0,1
1743861018403,Google Pixel 7a,TFLite,efficientnet_lite0_int8,house_finch.JPEG,tench,50,20,14,381,0,0
1743861018403,Google Pixel 7a,PyTorch,mobilenet_v2,house_finch.JPEG,house finch,65,95,200,3256,0,1
1743861019115,Google Pixel 7a,TFLite,efficientnet_lite0,howler_monkey.JPEG,howler monkey,73,02,30,2604,0,1
1743861019115,Google Pixel 7a,TFLite,efficientnet_lite0_int8,howler_monkey.JPEG,Madagascar cat,92,16,11,349,0,2
1743861019115,Google Pixel 7a,PyTorch,mobilenet_v2,howler_monkey.JPEG,howler monkey,14,88,399,6988,0,1
1743861019592,Google Pixel 7a,TFLite,efficientnet_lite0,hummingbird.JPEG,hummingbird,99,78,33,2604,0,1
1743861019592,Google Pixel 7a,TFLite,efficientnet_lite0_int8,hummingbird.JPEG,tench,50,20,11,349,0,0
1743861019592,Google Pixel 7a,PyTorch,mobilenet_v2,hummingbird.JPEG,hummingbird,91,38,203,0,0,1
1743861020098,Google Pixel 7a,TFLite,efficientnet_lite0,hyena.JPEG,hyena,90,78,31,2604,0,1
1743861020099,Google Pixel 7a,TFLite,efficientnet_lite0_int8,hyena.JPEG,Arctic fox,54,51,15,349,0,0
1743861020099,Google Pixel 7a,PyTorch,mobilenet_v2,hyena.JPEG,hyena,56,30,213,3040,0,1
1743861020588,Google Pixel 7a,TFLite,efficientnet_lite0,iPod.JPEG,iPod,98,71,31,2604,0,1
1743861020588,Google Pixel 7a,TFLite,efficientnet_lite0_int8,iPod.JPEG,tench,50,20,11,349,0,0
1743861020588,Google Pixel 7a,PyTorch,mobilenet_v2,iPod.JPEG,iPod,97,95,205,2968,0,1
1743861021059,Google Pixel 7a,TFLite,efficientnet_lite0,ibex.JPEG,ibex,94,36,30,2572,0,1
1743861021059,Google Pixel 7a,TFLite,efficientnet_lite0_int8,ibex.JPEG,gazelle,53,73,11,381,0,0
1743861021059,Google Pixel 7a,PyTorch,mobilenet_v2,ibex.JPEG,ibex,83,06,178,2936,0,1
1743861021562,Google Pixel 7a,TFLite,efficientnet_lite0,ice_bear.JPEG,ice bear,85,62,29,2636,0,1
1743861021562,Google Pixel 7a,TFLite,efficientnet_lite0_int8,ice_bear.JPEG,dhole,52,94,13,349,0,0
1743861021562,Google Pixel 7a,PyTorch,mobilenet_v2,ice_bear.JPEG,ice bear,17,01,212,0,0,1
1743861022063,Google Pixel 7a,TFLite,efficientnet_lite0,ice_cream.JPEG,ice cream,67,80,29,2604,0,1
1743861022063,Google Pixel 7a,TFLite,efficientnet_lite0_int8,ice_cream.JPEG,potpie,58,43,12,381,0,0
1743861022063,Google Pixel 7a,PyTorch,mobilenet_v2,ice_cream.JPEG,ice cream,3,57,212,3272,0,1
1743861022555,Google Pixel 7a,TFLite,efficientnet_lite0,ice_lolly.JPEG,ice lolly,92,00,29,2636,0,1
1743861022555,Google Pixel 7a,TFLite,efficientnet_lite0_int8,ice_lolly.JPEG,pretzel,58,43,11,349,0,0
1743861022555,Google Pixel 7a,PyTorch,mobilenet_v2,ice_lolly.JPEG,ice lolly,46,35,224,2700,0,1
1743861023005,Google Pixel 7a,TFLite,efficientnet_lite0,impala.JPEG,impala,69,44,31,2604,0,1
1743861023005,Google Pixel 7a,TFLite,efficientnet_lite0_int8,impala.JPEG,weasel,87,06,11,349,0,0
1743861023005,Google Pixel 7a,PyTorch,mobilenet_v2,impala.JPEG,impala,60,73,171,2604,0,1
1743861023557,Google Pixel 7a,TFLite,efficientnet_lite0,indigo_bunting.JPEG,indigo bunting,98,00,30,2572,0,1
1743861023557,Google Pixel 7a,TFLite,efficientnet_lite0_int8,indigo_bunting.JPEG,jay,50,59,12,349,0,0
1743861023558,Google Pixel 7a,PyTorch,mobilenet_v2,indigo_bunting.JPEG,indigo bunting,82,31,256,0,0,1
1743861024066,Google Pixel 7a,TFLite,efficientnet_lite0,indri.JPEG,three-toed sloth,84,32,30,2636,0,2
1743861024066,Google Pixel 7a,TFLite,efficientnet_lite0_int8,indri.JPEG,pill bottle,55,69,13,349,0,0
1743861024066,Google Pixel 7a,PyTorch,mobilenet_v2,indri.JPEG,howler monkey,12,47,198,2968,0,5
1743861024363,Google Pixel 7a,TFLite,efficientnet_lite0,iron.JPEG,iron,70,33,29,2636,0,1
1743861024363,Google Pixel 7a,TFLite,efficientnet_lite0_int8,iron.JPEG,toyshop,56,47,12,349,0,0
1743861024363,Google Pixel 7a,PyTorch,mobilenet_v2,iron.JPEG,iron,99,49,44,160,0,1
1743861024713,Google Pixel 7a,TFLite,efficientnet_lite0,isopod.JPEG,isopod,89,48,30,2572,0,1
1743861024713,Google Pixel 7a,TFLite,efficientnet_lite0_int8,isopod.JPEG,fiddler crab,50,98,12,381,0,0
1743861024713,Google Pixel 7a,PyTorch,mobilenet_v2,isopod.JPEG,isopod,99,37,87,1004,0,1
1743861025203,Google Pixel 7a,TFLite,efficientnet_lite0,jacamar.JPEG,jacamar,82,28,28,2604,0,1
1743861025203,Google Pixel 7a,TFLite,efficientnet_lite0_int8,jacamar.JPEG,toucan,52,94,13,349,0,0
1743861025203,Google Pixel 7a,PyTorch,mobilenet_v2,jacamar.JPEG,jacamar,65,74,205,2944,0,1
1743861025672,Google Pixel 7a,TFLite,efficientnet_lite0,jack-o'-lantern.JPEG,jack-o'-lantern,83,80,29,0,0,0
1743861025673,Google Pixel 7a,TFLite,efficientnet_lite0_int8,jack-o'-lantern.JPEG,artichoke,50,59,13,381,0,0
1743861025673,Google Pixel 7a,PyTorch,mobilenet_v2,jack-o'-lantern.JPEG,jack-o'-lantern,99,48,184,3000,0,0
1743861026156,Google Pixel 7a,TFLite,efficientnet_lite0,jackfruit.JPEG,jackfruit,89,98,30,2636,0,1
1743861026156,Google Pixel 7a,TFLite,efficientnet_lite0_int8,jackfruit.JPEG,carbonara,85,10,13,349,0,0
1743861026156,Google Pixel 7a,PyTorch,mobilenet_v2,jackfruit.JPEG,jackfruit,20,58,187,2936,0,1
1743861026589,Google Pixel 7a,TFLite,efficientnet_lite0,jaguar.JPEG,cougar,71,33,30,2604,0,3
1743861026589,Google Pixel 7a,TFLite,efficientnet_lite0_int8,jaguar.JPEG,American black bear,52,16,12,381,0,0
1743861026589,Google Pixel 7a,PyTorch,mobilenet_v2,jaguar.JPEG,cougar,33,32,155,2536,0,0
1743861027047,Google Pixel 7a,TFLite,efficientnet_lite0,jay.JPEG,jay,99,36,30,2604,0,1
1743861027047,Google Pixel 7a,TFLite,efficientnet_lite0_int8,jay.JPEG,tench,50,20,11,349,0,0
1743861027047,Google Pixel 7a,PyTorch,mobilenet_v2,jay.JPEG,jay,83,53,186,2936,0,1
1743861027518,Google Pixel 7a,TFLite,efficientnet_lite0,jean.JPEG,jean,41,77,30,0,0,1
1743861027518,Google Pixel 7a,TFLite,efficientnet_lite0_int8,jean.JPEG,cab,65,88,11,413,0,0
1743861027518,Google Pixel 7a,PyTorch,mobilenet_v2,jean.JPEG,jean,30,14,188,2936,0,1
1743861029160,Google Pixel 7a,TFLite,efficientnet_lite0,jeep.JPEG,moving van,27,62,30,2636,0,2
1743861029160,Google Pixel 7a,TFLite,efficientnet_lite0_int8,jeep.JPEG,joystick,77,25,11,349,0,0
1743861029160,Google Pixel 7a,PyTorch,mobilenet_v2,jeep.JPEG,jeep,5,12,1213,9969,0,1
1743861029557,Google Pixel 7a,TFLite,efficientnet_lite0,jellyfish.JPEG,monitor,8,40,32,2636,0,0
1743861029558,Google Pixel 7a,TFLite,efficientnet_lite0_int8,jellyfish.JPEG,jean,60,39,12,349,0,0
1743861029558,Google Pixel 7a,PyTorch,mobilenet_v2,jellyfish.JPEG,television,8,34,109,1468,0,0
1743861030027,Google Pixel 7a,TFLite,efficientnet_lite0,jersey.JPEG,jersey,95,83,30,2604,0,1
1743861030027,Google Pixel 7a,TFLite,efficientnet_lite0_int8,jersey.JPEG,syringe,52,94,11,381,0,0
1743861030027,Google Pixel 7a,PyTorch,mobilenet_v2,jersey.JPEG,jersey,38,66,186,2936,0,1
1743861030480,Google Pixel 7a,TFLite,efficientnet_lite0,jigsaw_puzzle.JPEG,jigsaw puzzle,97,25,30,2572,0,1
1743861030480,Google Pixel 7a,TFLite,efficientnet_lite0_int8,jigsaw_puzzle.JPEG,tench,50,20,12,349,0,0
1743861030480,Google Pixel 7a,PyTorch,mobilenet_v2,jigsaw_puzzle.JPEG,jigsaw puzzle,100,00,175,2664,0,1
1743861030924,Google Pixel 7a,TFLite,efficientnet_lite0,jinrikisha.JPEG,jinrikisha,51,22,29,2604,0,1
1743861030924,Google Pixel 7a,TFLite,efficientnet_lite0_int8,jinrikisha.JPEG,knot,97,25,11,349,0,0
1743861030925,Google Pixel 7a,PyTorch,mobilenet_v2,jinrikisha.JPEG,bicycle-built-for-two,19,93,171,2604,0,2
1743861031381,Google Pixel 7a,TFLite,efficientnet_lite0,joystick.JPEG,joystick,38,81,30,2572,0,0
1743861031381,Google Pixel 7a,TFLite,efficientnet_lite0_int8,joystick.JPEG,harmonica,65,10,11,349,0,0
1743861031381,Google Pixel 7a,PyTorch,mobilenet_v2,joystick.JPEG,microphone,9,80,181,2936,0,0
1743861031837,Google Pixel 7a,TFLite,efficientnet_lite0,junco.JPEG,coucal,33,42,28,2636,0,2
1743861031837,Google Pixel 7a,TFLite,efficientnet_lite0_int8,junco.JPEG,chickadee,70,98,12,381,0,0
1743861031837,Google Pixel 7a,PyTorch,mobilenet_v2,junco.JPEG,coucal,11,65,173,2936,0,4
1743861032260,Google Pixel 7a,TFLite,efficientnet_lite0,keeshond.JPEG,keeshond,95,22,30,2572,0,1
1743861032260,Google Pixel 7a,TFLite,efficientnet_lite0_int8,keeshond.JPEG,komondor,50,59,12,349,0,0
1743861032260,Google Pixel 7a,PyTorch,mobilenet_v2,keeshond.JPEG,keeshond,64,42,149,2504,0,1
1743861032676,Google Pixel 7a,TFLite,efficientnet_lite0,kelpie.JPEG,kelpie,89,76,28,2636,0,1
1743861032676,Google Pixel 7a,TFLite,efficientnet_lite0_int8,kelpie.JPEG,EntleBucher,54,12,11,349,0,0
1743861032676,Google Pixel 7a,PyTorch,mobilenet_v2,kelpie.JPEG,kelpie,32,87,151,2636,0,1
1743861033199,Google Pixel 7a,TFLite,efficientnet_lite0,killer_whale.JPEG,killer whale,88,76,41,0,0,1
1743861033199,Google Pixel 7a,TFLite,efficientnet_lite0_int8,killer_whale.JPEG,bald eagle,51,76,19,349,0,0
1743861033199,Google Pixel 7a,PyTorch,mobilenet_v2,killer_whale.JPEG,killer whale,61,53,196,3100,0,1
1743861035609,Google Pixel 7a,TFLite,efficientnet_lite0,kimono.JPEG,cloak,26,12,31,2604,0,0
1743861035609,Google Pixel 7a,TFLite,efficientnet_lite0_int8,kimono.JPEG,coffeepot,64,31,14,381,0,0
1743861035609,Google Pixel 7a,PyTorch,mobilenet_v2,kimono.JPEG,bow tie,1,07,1813,18637,0,0
1743861036057,Google Pixel 7a,TFLite,efficientnet_lite0,king_crab.JPEG,king crab,94,94,36,2604,0,1
1743861036057,Google Pixel 7a,TFLite,efficientnet_lite0_int8,king_crab.JPEG,white stork,52,55,17,349,0,0
1743861036057,Google Pixel 7a,PyTorch,mobilenet_v2,king_crab.JPEG,king crab,85,64,126,1880,0,1
1743861036520,Google Pixel 7a,TFLite,efficientnet_lite0,king_penguin.JPEG,king penguin,98,74,30,2604,0,1
1743861036520,Google Pixel 7a,TFLite,efficientnet_lite0_int8,king_penguin.JPEG,tench,50,20,12,381,0,0
1743861036521,Google Pixel 7a,PyTorch,mobilenet_v2,king_penguin.JPEG,king penguin,99,46,179,2936,0,1
1743861036981,Google Pixel 7a,TFLite,efficientnet_lite0,king_snake.JPEG,water snake,9,98,30,2604,0,0
1743861036981,Google Pixel 7a,TFLite,efficientnet_lite0_int8,king_snake.JPEG,scuba diver,61,18,12,349,0,0
1743861036981,Google Pixel 7a,PyTorch,mobilenet_v2,king_snake.JPEG,cliff,7,67,180,2968,0,5
1743861037439,Google Pixel 7a,TFLite,efficientnet_lite0,kit_fox.JPEG,grey fox,27,41,29,2604,0,2
1743861037440,Google Pixel 7a,TFLite,efficientnet_lite0_int8,kit_fox.JPEG,Siamese cat,74,12,11,349,0,5
1743861037440,Google Pixel 7a,PyTorch,mobilenet_v2,kit_fox.JPEG,kit fox,11,41,185,2936,0,1
1743861037902,Google Pixel 7a,TFLite,efficientnet_lite0,kite.JPEG,spoonbill,41,90,28,2572,0,0
1743861037902,Google Pixel 7a,TFLite,efficientnet_lite0_int8,kite.JPEG,bittern,60,00,12,349,0,0
1743861037902,Google Pixel 7a,PyTorch,mobilenet_v2,kite.JPEG,lorikeet,4,89,185,3128,0,0
1743861038334,Google Pixel 7a,TFLite,efficientnet_lite0,knee_pad.JPEG,knee pad,86,54,28,2636,0,1
1743861038334,Google Pixel 7a,TFLite,efficientnet_lite0_int8,knee_pad.JPEG,ladle,56,86,11,349,0,0
1743861038334,Google Pixel 7a,PyTorch,mobilenet_v2,knee_pad.JPEG,knee pad,39,67,160,2636,0,1
1743861038765,Google Pixel 7a,TFLite,efficientnet_lite0,knot.JPEG,knot,97,07,29,2572,0,1
1743861038765,Google Pixel 7a,TFLite,efficientnet_lite0_int8,knot.JPEG,hare,50,59,11,349,0,0
1743861038765,Google Pixel 7a,PyTorch,mobilenet_v2,knot.JPEG,knot,23,18,163,2604,0,1
1743861039132,Google Pixel 7a,TFLite,efficientnet_lite0,koala.JPEG,koala,47,61,30,2604,0,1
1743861039133,Google Pixel 7a,TFLite,efficientnet_lite0_int8,koala.JPEG,brain coral,84,71,12,349,0,0
1743861039133,Google Pixel 7a,PyTorch,mobilenet_v2,koala.JPEG,koala,93,89,108,1660,0,1
1743861039483,Google Pixel 7a,TFLite,efficientnet_lite0,komondor.JPEG,komondor,97,53,30,2604,1,1
1743861039483,Google Pixel 7a,TFLite,efficientnet_lite0_int8,komondor.JPEG,tench,50,20,11,349,1,0
1743861039483,Google Pixel 7a,PyTorch,mobilenet_v2,komondor.JPEG,komondor,99,90,95,1368,1,1
1743861040535,Google Pixel 7a,TFLite,efficientnet_lite0,kuvasz.JPEG,kuvasz,97,09,29,2604,0,1
1743861040535,Google Pixel 7a,TFLite,efficientnet_lite0_int8,kuvasz.JPEG,Ibizan hound,50,59,11,349,0,0
1743861040535,Google Pixel 7a,PyTorch,mobilenet_v2,kuvasz.JPEG,kuvasz,26,95,695,12296,0,1
1743861041034,Google Pixel 7a,TFLite,efficientnet_lite0,lab_coat.JPEG,lab coat,37,17,32,0,0,1
1743861041034,Google Pixel 7a,TFLite,efficientnet_lite0_int8,lab_coat.JPEG,lawn mower,67,06,11,349,0,0
1743861041034,Google Pixel 7a,PyTorch,mobilenet_v2,lab_coat.JPEG,lab coat,15,10,190,2936,0,1
1743861041482,Google Pixel 7a,TFLite,efficientnet_lite0,lacewing.JPEG,lacewing,97,98,30,2572,0,1
1743861041482,Google Pixel 7a,TFLite,efficientnet_lite0_int8,lacewing.JPEG,tench,50,20,12,381,0,0
1743861041482,Google Pixel 7a,PyTorch,mobilenet_v2,lacewing.JPEG,lacewing,89,82,167,2600,0,1
1743861042068,Google Pixel 7a,TFLite,efficientnet_lite0,ladle.JPEG,ladle,99,67,30,2604,0,1
1743861042068,Google Pixel 7a,TFLite,efficientnet_lite0_int8,ladle.JPEG,tench,50,20,11,349,0,0
1743861042068,Google Pixel 7a,PyTorch,mobilenet_v2,ladle.JPEG,ladle,54,77,282,4224,0,1
1743861042566,Google Pixel 7a,TFLite,efficientnet_lite0,ladybug.JPEG,ladybug,78,57,32,2604,0,1
1743861042566,Google Pixel 7a,TFLite,efficientnet_lite0_int8,ladybug.JPEG,fly,69,80,12,349,0,0
1743861042566,Google Pixel 7a,PyTorch,mobilenet_v2,ladybug.JPEG,ladybug,61,81,202,0,0,1
1743861043073,Google Pixel 7a,TFLite,efficientnet_lite0,lakeside.JPEG,lakeside,54,30,32,2636,0,1
1743861043074,Google Pixel 7a,TFLite,efficientnet_lite0_int8,lakeside.JPEG,ballplayer,54,90,11,349,0,0
1743861043074,Google Pixel 7a,PyTorch,mobilenet_v2,lakeside.JPEG,lakeside,27,34,210,3000,0,1
1743861043468,Google Pixel 7a,TFLite,efficientnet_lite0,lampshade.JPEG,table lamp,54,99,30,2604,0,2
1743861043468,Google Pixel 7a,TFLite,efficientnet_lite0_int8,lampshade.JPEG,letter opener,67,84,12,349,0,0
1743861043468,Google Pixel 7a,PyTorch,mobilenet_v2,lampshade.JPEG,table lamp,52,68,121,1660,0,2
1743861043928,Google Pixel 7a,TFLite,efficientnet_lite0,langur.JPEG,warthog,10,62,30,2572,0,4
1743861043928,Google Pixel 7a,TFLite,efficientnet_lite0_int8,langur.JPEG,gazelle,62,35,13,349,0,0
1743861043928,Google Pixel 7a,PyTorch,mobilenet_v2,langur.JPEG,hyena,11,15,179,2648,0,3
1743861044421,Google Pixel 7a,TFLite,efficientnet_lite0,laptop.JPEG,laptop,75,36,30,2604,0,1
1743861044421,Google Pixel 7a,TFLite,efficientnet_lite0_int8,laptop.JPEG,odometer,70,98,12,349,0,0
1743861044421,Google Pixel 7a,PyTorch,mobilenet_v2,laptop.JPEG,laptop,5,40,209,0,0,1
1743861044895,Google Pixel 7a,TFLite,efficientnet_lite0,lawn_mower.JPEG,harvester,22,92,30,2604,0,2
1743861044896,Google Pixel 7a,TFLite,efficientnet_lite0_int8,lawn_mower.JPEG,tricycle,64,31,13,349,0,0
1743861044896,Google Pixel 7a,PyTorch,mobilenet_v2,lawn_mower.JPEG,tractor,25,19,178,2604,0,2
1743861045364,Google Pixel 7a,TFLite,efficientnet_lite0,leaf_beetle.JPEG,leaf beetle,51,63,31,2604,0,1
1743861045364,Google Pixel 7a,TFLite,efficientnet_lite0_int8,leaf_beetle.JPEG,cricket,61,57,12,349,0,5
1743861045364,Google Pixel 7a,PyTorch,mobilenet_v2,leaf_beetle.JPEG,leaf beetle,41,60,185,2936,0,1
1743861045841,Google Pixel 7a,TFLite,efficientnet_lite0,leafhopper.JPEG,leafhopper,98,94,30,2572,0,1
1743861045841,Google Pixel 7a,TFLite,efficientnet_lite0_int8,leafhopper.JPEG,damselfly,50,59,12,349,0,0
1743861045841,Google Pixel 7a,PyTorch,mobilenet_v2,leafhopper.JPEG,leafhopper,52,72,196,3176,0,1
1743861046333,Google Pixel 7a,TFLite,efficientnet_lite0,leatherback_turtle.JPEG,leatherback turtle,96,03,30,2636,0,1
1743861046333,Google Pixel 7a,TFLite,efficientnet_lite0_int8,leatherback_turtle.JPEG,box turtle,50,98,12,349,0,0
1743861046333,Google Pixel 7a,PyTorch,mobilenet_v2,leatherback_turtle.JPEG,leatherback turtle,12,51,211,0,0,1
1743861046806,Google Pixel 7a,TFLite,efficientnet_lite0,lemon.JPEG,lemon,77,60,30,2636,0,1
1743861046806,Google Pixel 7a,TFLite,efficientnet_lite0_int8,lemon.JPEG,banana,81,57,13,349,0,0
1743861046806,Google Pixel 7a,PyTorch,mobilenet_v2,lemon.JPEG,lemon,60,27,172,2604,0,1
1743861047255,Google Pixel 7a,TFLite,efficientnet_lite0,lens_cap.JPEG,lens cap,93,70,30,2636,0,1
1743861047255,Google Pixel 7a,TFLite,efficientnet_lite0_int8,lens_cap.JPEG,brassiere,50,59,12,349,0,0
1743861047256,Google Pixel 7a,PyTorch,mobilenet_v2,lens_cap.JPEG,lens cap,98,81,169,2648,0,1
1743861047689,Google Pixel 7a,TFLite,efficientnet_lite0,leopard.JPEG,leopard,97,13,29,2572,0,1
1743861047689,Google Pixel 7a,TFLite,efficientnet_lite0_int8,leopard.JPEG,brown bear,52,16,12,349,0,0
1743861047690,Google Pixel 7a,PyTorch,mobilenet_v2,leopard.JPEG,leopard,87,34,159,2604,0,1
1743861048217,Google Pixel 7a,TFLite,efficientnet_lite0,lesser_panda.JPEG,lesser panda,84,75,28,2636,0,1
1743861048217,Google Pixel 7a,TFLite,efficientnet_lite0_int8,lesser_panda.JPEG,long-horned beetle,51,76,12,349,0,5
1743861048217,Google Pixel 7a,PyTorch,mobilenet_v2,lesser_panda.JPEG,lesser panda,79,03,241,0,0,1
1743861048696,Google Pixel 7a,TFLite,efficientnet_lite0,letter_opener.JPEG,letter opener,12,78,30,2604,0,1
1743861048696,Google Pixel 7a,TFLite,efficientnet_lite0_int8,letter_opener.JPEG,barbell,61,57,11,349,0,0
1743861048696,Google Pixel 7a,PyTorch,mobilenet_v2,letter_opener.JPEG,wooden spoon,31,81,193,2936,0,4
1743861049183,Google Pixel 7a,TFLite,efficientnet_lite0,library.JPEG,library,61,09,30,2604,0,1
1743861049183,Google Pixel 7a,TFLite,efficientnet_lite0_int8,library.JPEG,brass,58,82,14,349,0,0
1743861049183,Google Pixel 7a,PyTorch,mobilenet_v2,library.JPEG,library,60,54,189,2936,0,1
1743861049626,Google Pixel 7a,TFLite,efficientnet_lite0,lifeboat.JPEG,lifeboat,97,39,29,2572,0,1
1743861049626,Google Pixel 7a,TFLite,efficientnet_lite0_int8,lifeboat.JPEG,tench,50,20,12,349,0,0
1743861049626,Google Pixel 7a,PyTorch,mobilenet_v2,lifeboat.JPEG,lifeboat,97,16,163,2620,0,1
1743861050095,Google Pixel 7a,TFLite,efficientnet_lite0,lighter.JPEG,lighter,76,81,29,2636,0,1
1743861050095,Google Pixel 7a,TFLite,efficientnet_lite0_int8,lighter.JPEG,safe,57,25,11,349,0,0
1743861050095,Google Pixel 7a,PyTorch,mobilenet_v2,lighter.JPEG,computer keyboard,5,19,195,0,0,2
1743861050565,Google Pixel 7a,TFLite,efficientnet_lite0,limousine.JPEG,limousine,95,90,29,2604,0,1
1743861050566,Google Pixel 7a,TFLite,efficientnet_lite0_int8,limousine.JPEG,pillow,50,59,11,349,0,0
1743861050566,Google Pixel 7a,PyTorch,mobilenet_v2,limousine.JPEG,limousine,94,07,192,2936,0,1
1743861051362,Google Pixel 7a,TFLite,efficientnet_lite0,limpkin.JPEG,limpkin,93,11,29,2604,0,1
1743861051362,Google Pixel 7a,TFLite,efficientnet_lite0_int8,limpkin.JPEG,African grey,50,98,11,381,0,0
1743861051362,Google Pixel 7a,PyTorch,mobilenet_v2,limpkin.JPEG,limpkin,17,74,469,8252,0,1
1743861052117,Google Pixel 7a,TFLite,efficientnet_lite0,liner.JPEG,liner,98,04,30,2572,0,0
1743861052117,Google Pixel 7a,TFLite,efficientnet_lite0_int8,liner.JPEG,drilling platform,50,98,13,381,0,0
1743861052117,Google Pixel 7a,PyTorch,mobilenet_v2,liner.JPEG,liner,59,80,415,0,0,0
1743861052579,Google Pixel 7a,TFLite,efficientnet_lite0,lion.JPEG,lion,22,02,32,2604,0,0
1743861052579,Google Pixel 7a,TFLite,efficientnet_lite0_int8,lion.JPEG,grey fox,63,53,12,349,0,0
1743861052579,Google Pixel 7a,PyTorch,mobilenet_v2,lion.JPEG,ostrich,6,54,180,2768,0,0
1743861053045,Google Pixel 7a,TFLite,efficientnet_lite0,lionfish.JPEG,lionfish,14,59,30,2604,0,0
1743861053045,Google Pixel 7a,TFLite,efficientnet_lite0_int8,lionfish.JPEG,sturgeon,68,63,11,349,0,0
1743861053045,Google Pixel 7a,PyTorch,mobilenet_v2,lionfish.JPEG,lionfish,30,08,185,2936,0,0
1743861053472,Google Pixel 7a,TFLite,efficientnet_lite0,lipstick.JPEG,lipstick,96,01,30,2572,0,0
1743861053472,Google Pixel 7a,TFLite,efficientnet_lite0_int8,lipstick.JPEG,pickelhaube,50,98,13,349,0,0
1743861053472,Google Pixel 7a,PyTorch,mobilenet_v2,lipstick.JPEG,lipstick,61,46,153,1912,0,0
1743861053899,Google Pixel 7a,TFLite,efficientnet_lite0,little_blue_heron.JPEG,little blue heron,86,73,30,2636,0,1
1743861053899,Google Pixel 7a,TFLite,efficientnet_lite0_int8,little_blue_heron.JPEG,drake,85,49,11,349,0,0
1743861053899,Google Pixel 7a,PyTorch,mobilenet_v2,little_blue_heron.JPEG,little blue heron,67,99,155,2636,0,1
1743861054363,Google Pixel 7a,TFLite,efficientnet_lite0,llama.JPEG,llama,65,17,30,2572,0,1
1743861054363,Google Pixel 7a,TFLite,efficientnet_lite0_int8,llama.JPEG,black-footed ferret,98,82,12,349,0,0
1743861054363,Google Pixel 7a,PyTorch,mobilenet_v2,llama.JPEG,llama,81,77,181,3128,0,1
1743861054790,Google Pixel 7a,TFLite,efficientnet_lite0,loggerhead.JPEG,loggerhead,18,75,29,0,0,1
1743861054790,Google Pixel 7a,TFLite,efficientnet_lite0_int8,loggerhead.JPEG,box turtle,64,71,12,349,0,0
1743861054790,Google Pixel 7a,PyTorch,mobilenet_v2,loggerhead.JPEG,hammerhead,9,71,150,2316,0,2
1743861055234,Google Pixel 7a,TFLite,efficientnet_lite0,long-horned_beetle.JPEG,long-horned beetle,87,33,30,2572,0,0
1743861055234,Google Pixel 7a,TFLite,efficientnet_lite0_int8,long-horned_beetle.JPEG,fly,50,59,11,349,0,0
1743861055234,Google Pixel 7a,PyTorch,mobilenet_v2,long-horned_beetle.JPEG,long-horned beetle,79,40,167,2616,0,0
1743861055681,Google Pixel 7a,TFLite,efficientnet_lite0,lorikeet.JPEG,lorikeet,92,85,29,2572,0,1
1743861055681,Google Pixel 7a,TFLite,efficientnet_lite0_int8,lorikeet.JPEG,partridge,50,59,11,349,0,0
1743861055681,Google Pixel 7a,PyTorch,mobilenet_v2,lorikeet.JPEG,lorikeet,91,39,171,2904,0,1
1743861056128,Google Pixel 7a,TFLite,efficientnet_lite0,lotion.JPEG,bottlecap,22,53,28,2636,0,5
1743861056128,Google Pixel 7a,TFLite,efficientnet_lite0_int8,lotion.JPEG,lighter,71,76,11,349,0,0
1743861056128,Google Pixel 7a,PyTorch,mobilenet_v2,lotion.JPEG,bottlecap,5,53,171,2848,0,0
1743861056600,Google Pixel 7a,TFLite,efficientnet_lite0,loudspeaker.JPEG,loudspeaker,86,33,29,0,0,1
1743861056600,Google Pixel 7a,TFLite,efficientnet_lite0_int8,loudspeaker.JPEG,reel,56,08,12,381,0,0
1743861056600,Google Pixel 7a,PyTorch,mobilenet_v2,loudspeaker.JPEG,loudspeaker,57,70,198,2920,0,1
1743861057036,Google Pixel 7a,TFLite,efficientnet_lite0,loupe.JPEG,loupe,99,09,29,2636,0,1
1743861057036,Google Pixel 7a,TFLite,efficientnet_lite0_int8,loupe.JPEG,cradle,50,59,11,349,0,0
1743861057036,Google Pixel 7a,PyTorch,mobilenet_v2,loupe.JPEG,loupe,18,81,163,2648,0,1
1743861057491,Google Pixel 7a,TFLite,efficientnet_lite0,lumbermill.JPEG,lumbermill,55,77,29,2604,0,1
1743861057491,Google Pixel 7a,TFLite,efficientnet_lite0_int8,lumbermill.JPEG,baseball,93,73,11,349,0,0
1743861057491,Google Pixel 7a,PyTorch,mobilenet_v2,lumbermill.JPEG,dock,7,08,179,2764,0,3
1743861057933,Google Pixel 7a,TFLite,efficientnet_lite0,lycaenid.JPEG,lycaenid,80,04,29,2604,0,1
1743861057933,Google Pixel 7a,TFLite,efficientnet_lite0_int8,lycaenid.JPEG,sea urchin,57,25,14,349,0,2
1743861057934,Google Pixel 7a,PyTorch,mobilenet_v2,lycaenid.JPEG,lycaenid,32,99,161,2604,0,1
1743861058501,Google Pixel 7a,TFLite,efficientnet_lite0,lynx.JPEG,lynx,97,60,30,0,0,1
1743861058502,Google Pixel 7a,TFLite,efficientnet_lite0_int8,lynx.JPEG,Egyptian cat,52,94,11,381,0,0
1743861058502,Google Pixel 7a,PyTorch,mobilenet_v2,lynx.JPEG,lynx,18,89,273,4588,0,1
1743861059024,Google Pixel 7a,TFLite,efficientnet_lite0,macaque.JPEG,macaque,83,76,30,2604,0,1
1743861059024,Google Pixel 7a,TFLite,efficientnet_lite0_int8,macaque.JPEG,proboscis monkey,55,29,12,349,0,0
1743861059024,Google Pixel 7a,PyTorch,mobilenet_v2,macaque.JPEG,macaque,25,02,229,3712,0,1
1743861059477,Google Pixel 7a,TFLite,efficientnet_lite0,macaw.JPEG,macaw,98,17,32,2636,0,1
1743861059478,Google Pixel 7a,TFLite,efficientnet_lite0_int8,macaw.JPEG,macaw,50,59,14,349,0,1
1743861059478,Google Pixel 7a,PyTorch,mobilenet_v2,macaw.JPEG,macaw,97,18,166,2620,0,1
1743861060114,Google Pixel 7a,TFLite,efficientnet_lite0,magnetic_compass.JPEG,magnetic compass,79,85,30,2572,0,1
1743861060114,Google Pixel 7a,TFLite,efficientnet_lite0_int8,magnetic_compass.JPEG,stretcher,62,35,11,381,0,0
1743861060114,Google Pixel 7a,PyTorch,mobilenet_v2,magnetic_compass.JPEG,magnetic compass,25,52,329,0,0,1
1743861060579,Google Pixel 7a,TFLite,efficientnet_lite0,magpie.JPEG,magpie,99,11,29,2604,0,1
1743861060579,Google Pixel 7a,TFLite,efficientnet_lite0_int8,magpie.JPEG,goldfinch,53,33,11,349,0,0
1743861060579,Google Pixel 7a,PyTorch,mobilenet_v2,magpie.JPEG,magpie,73,61,190,2936,0,1
1743861061032,Google Pixel 7a,TFLite,efficientnet_lite0,mailbag.JPEG,mailbag,56,44,29,2604,0,1
1743861061032,Google Pixel 7a,TFLite,efficientnet_lite0_int8,mailbag.JPEG,manhole cover,99,61,11,381,0,0
1743861061032,Google Pixel 7a,PyTorch,mobilenet_v2,mailbag.JPEG,mailbag,11,60,178,2936,0,1
1743861061485,Google Pixel 7a,TFLite,efficientnet_lite0,mailbox.JPEG,mailbox,96,87,29,2604,0,0
1743861061485,Google Pixel 7a,TFLite,efficientnet_lite0_int8,mailbox.JPEG,catamaran,50,59,11,349,0,0
1743861061485,Google Pixel 7a,PyTorch,mobilenet_v2,mailbox.JPEG,mailbox,79,90,178,2936,0,0
1743861061903,Google Pixel 7a,TFLite,efficientnet_lite0,maillot.JPEG,backpack,15,95,28,2636,0,5
1743861061903,Google Pixel 7a,TFLite,efficientnet_lite0_int8,maillot.JPEG,slot,68,24,13,349,0,0
1743861061903,Google Pixel 7a,PyTorch,mobilenet_v2,maillot.JPEG,swimming trunks,7,46,144,2236,0,4
1743861062370,Google Pixel 7a,TFLite,efficientnet_lite0,malamute.JPEG,malamute,24,31,28,0,0,1
1743861062370,Google Pixel 7a,TFLite,efficientnet_lite0_int8,malamute.JPEG,Bernese mountain dog,63,92,12,381,0,0
1743861062370,Google Pixel 7a,PyTorch,mobilenet_v2,malamute.JPEG,malamute,9,91,185,2936,0,1
1743861062855,Google Pixel 7a,TFLite,efficientnet_lite0,malinois.JPEG,malinois,90,84,29,2604,0,1
1743861062855,Google Pixel 7a,TFLite,efficientnet_lite0_int8,malinois.JPEG,Bernese mountain dog,52,94,11,349,0,0
1743861062855,Google Pixel 7a,PyTorch,mobilenet_v2,malinois.JPEG,malinois,42,26,208,3128,0,1
1743861063345,Google Pixel 7a,TFLite,efficientnet_lite0,manhole_cover.JPEG,manhole cover,83,03,30,2636,0,1
1743861063345,Google Pixel 7a,TFLite,efficientnet_lite0_int8,manhole_cover.JPEG,broom,50,98,11,349,0,0
1743861063345,Google Pixel 7a,PyTorch,mobilenet_v2,manhole_cover.JPEG,manhole cover,82,73,205,2936,0,1
1743861063803,Google Pixel 7a,TFLite,efficientnet_lite0,mantis.JPEG,garden spider,30,39,29,2604,0,0
1743861063803,Google Pixel 7a,TFLite,efficientnet_lite0_int8,mantis.JPEG,tick,97,25,13,349,0,0
1743861063803,Google Pixel 7a,PyTorch,mobilenet_v2,mantis.JPEG,grasshopper,14,33,167,2636,0,0
1743861064289,Google Pixel 7a,TFLite,efficientnet_lite0,maraca.JPEG,pinwheel,31,29,33,0,0,0
1743861064289,Google Pixel 7a,TFLite,efficientnet_lite0_int8,maraca.JPEG,planetarium,93,33,13,349,0,0
1743861064289,Google Pixel 7a,PyTorch,mobilenet_v2,maraca.JPEG,pinwheel,10,34,174,2700,0,0
1743861064738,Google Pixel 7a,TFLite,efficientnet_lite0,marimba.JPEG,marimba,99,22,30,2572,0,1
1743861064738,Google Pixel 7a,TFLite,efficientnet_lite0_int8,marimba.JPEG,tench,50,20,11,381,0,0
1743861064738,Google Pixel 7a,PyTorch,mobilenet_v2,marimba.JPEG,marimba,33,57,175,2604,0,1
1743861065230,Google Pixel 7a,TFLite,efficientnet_lite0,marmoset.JPEG,marmoset,89,80,29,2604,0,1
1743861065230,Google Pixel 7a,TFLite,efficientnet_lite0_int8,marmoset.JPEG,indri,50,98,13,349,0,0
1743861065230,Google Pixel 7a,PyTorch,mobilenet_v2,marmoset.JPEG,marmoset,30,05,191,2936,0,1
1743861065701,Google Pixel 7a,TFLite,efficientnet_lite0,marmot.JPEG,marmot,99,26,29,2604,0,1
1743861065701,Google Pixel 7a,TFLite,efficientnet_lite0_int8,marmot.JPEG,tench,50,20,12,349,0,0
1743861065701,Google Pixel 7a,PyTorch,mobilenet_v2,marmot.JPEG,marmot,49,58,187,2968,0,1
1743861066201,Google Pixel 7a,TFLite,efficientnet_lite0,mashed_potato.JPEG,mashed potato,95,18,30,0,0,0
1743861066201,Google Pixel 7a,TFLite,efficientnet_lite0_int8,mashed_potato.JPEG,potpie,95,29,14,381,0,0
1743861066201,Google Pixel 7a,PyTorch,mobilenet_v2,mashed_potato.JPEG,mashed potato,34,89,183,2936,0,0
1743861066685,Google Pixel 7a,TFLite,efficientnet_lite0,mask.JPEG,mask,61,84,34,2636,0,0
1743861066686,Google Pixel 7a,TFLite,efficientnet_lite0_int8,mask.JPEG,measuring cup,90,59,13,349,0,0
1743861066686,Google Pixel 7a,PyTorch,mobilenet_v2,mask.JPEG,mask,20,59,184,3152,0,0
1743861067163,Google Pixel 7a,TFLite,efficientnet_lite0,matchstick.JPEG,lipstick,67,29,30,2604,0,0
1743861067163,Google Pixel 7a,TFLite,efficientnet_lite0_int8,matchstick.JPEG,loupe,72,94,12,349,0,0
1743861067163,Google Pixel 7a,PyTorch,mobilenet_v2,matchstick.JPEG,bubble,3,26,189,2732,0,0
1743861067657,Google Pixel 7a,TFLite,efficientnet_lite0,maypole.JPEG,maypole,71,20,32,2572,0,1
1743861067657,Google Pixel 7a,TFLite,efficientnet_lite0_int8,maypole.JPEG,megalith,61,57,12,349,0,0
1743861067657,Google Pixel 7a,PyTorch,mobilenet_v2,maypole.JPEG,maypole,48,67,203,2936,0,1
1743861068303,Google Pixel 7a,TFLite,efficientnet_lite0,maze.JPEG,television,25,80,34,0,0,0
1743861068303,Google Pixel 7a,TFLite,efficientnet_lite0_int8,maze.JPEG,wing,58,82,14,349,0,0
1743861068303,Google Pixel 7a,PyTorch,mobilenet_v2,maze.JPEG,window screen,32,69,289,3872,0,0
1743861070035,Google Pixel 7a,TFLite,efficientnet_lite0,measuring_cup.JPEG,beaker,14,18,32,2572,0,2
1743861070035,Google Pixel 7a,TFLite,efficientnet_lite0_int8,measuring_cup.JPEG,bell cote,79,61,14,349,0,0
1743861070035,Google Pixel 7a,PyTorch,mobilenet_v2,measuring_cup.JPEG,measuring cup,13,95,1281,6490,0,1
1743861072392,Google Pixel 7a,TFLite,efficientnet_lite0,meat_loaf.JPEG,meat loaf,43,05,46,2604,0,1
1743861072392,Google Pixel 7a,TFLite,efficientnet_lite0_int8,meat_loaf.JPEG,zucchini,87,84,17,349,0,0
1743861072393,Google Pixel 7a,PyTorch,mobilenet_v2,meat_loaf.JPEG,mashed potato,32,95,1164,2936,0,2
1743861075881,Google Pixel 7a,TFLite,efficientnet_lite0,medicine_chest.JPEG,medicine chest,46,45,210,2572,0,0
1743861075882,Google Pixel 7a,TFLite,efficientnet_lite0_int8,medicine_chest.JPEG,military uniform,75,29,84,349,0,0
1743861075882,Google Pixel 7a,PyTorch,mobilenet_v2,medicine_chest.JPEG,medicine chest,40,89,1300,2936,0,0
1743861079006,Google Pixel 7a,TFLite,efficientnet_lite0,meerkat.JPEG,meerkat,90,17,283,2572,0,1
1743861079007,Google Pixel 7a,TFLite,efficientnet_lite0_int8,meerkat.JPEG,ground beetle,55,29,88,381,0,0
1743861079008,Google Pixel 7a,PyTorch,mobilenet_v2,meerkat.JPEG,meerkat,31,49,895,2616,0,1
1743861081343,Google Pixel 7a,TFLite,efficientnet_lite0,megalith.JPEG,megalith,94,46,217,2604,0,1
1743861081343,Google Pixel 7a,TFLite,efficientnet_lite0_int8,megalith.JPEG,tench,50,20,68,349,0,0
1743861081343,Google Pixel 7a,PyTorch,mobilenet_v2,megalith.JPEG,megalith,99,79,765,2636,0,1
1743861084873,Google Pixel 7a,TFLite,efficientnet_lite0,menu.JPEG,menu,73,65,171,2572,0,1
1743861084873,Google Pixel 7a,TFLite,efficientnet_lite0_int8,menu.JPEG,book jacket,59,22,63,349,0,0
1743861084874,Google Pixel 7a,PyTorch,mobilenet_v2,menu.JPEG,menu,99,29,1877,0,0,1
1743861102562,Google Pixel 7a,TFLite,efficientnet_lite0,microphone.JPEG,microphone,38,01,328,2572,0,1
1743861102563,Google Pixel 7a,TFLite,efficientnet_lite0_int8,microphone.JPEG,minibus,89,02,131,349,0,0
1743861102563,Google Pixel 7a,PyTorch,mobilenet_v2,microphone.JPEG,microphone,2,70,13765,6163,0,1
1743861103066,Google Pixel 7a,TFLite,efficientnet_lite0,microwave.JPEG,microwave,79,77,31,2604,0,1
1743861103066,Google Pixel 7a,TFLite,efficientnet_lite0_int8,microwave.JPEG,studio couch,56,08,11,349,0,0
1743861103066,Google Pixel 7a,PyTorch,mobilenet_v2,microwave.JPEG,microwave,25,62,215,2936,0,1
1743861103843,Google Pixel 7a,TFLite,efficientnet_lite0,military_uniform.JPEG,military uniform,98,37,27,2572,0,1
1743861103843,Google Pixel 7a,TFLite,efficientnet_lite0_int8,military_uniform.JPEG,caldron,50,98,11,381,0,0
1743861103843,Google Pixel 7a,PyTorch,mobilenet_v2,military_uniform.JPEG,bath towel,3,83,463,7800,0,2
1743861104273,Google Pixel 7a,TFLite,efficientnet_lite0,milk_can.JPEG,milk can,38,79,28,2604,0,1
1743861104273,Google Pixel 7a,TFLite,efficientnet_lite0_int8,milk_can.JPEG,butcher shop,67,84,10,349,0,3
1743861104273,Google Pixel 7a,PyTorch,mobilenet_v2,milk_can.JPEG,milk can,18,36,163,2604,0,1
1743861104696,Google Pixel 7a,TFLite,efficientnet_lite0,miniature_pinscher.JPEG,miniature pinscher,93,53,28,2604,0,1
1743861104696,Google Pixel 7a,TFLite,efficientnet_lite0_int8,miniature_pinscher.JPEG,Greater Swiss Mountain dog,52,55,10,349,0,0
1743861104696,Google Pixel 7a,PyTorch,mobilenet_v2,miniature_pinscher.JPEG,miniature pinscher,42,15,165,2604,0,1
1743861105130,Google Pixel 7a,TFLite,efficientnet_lite0,miniature_poodle.JPEG,Irish water spaniel,39,94,27,2572,0,2
1743861105130,Google Pixel 7a,TFLite,efficientnet_lite0_int8,miniature_poodle.JPEG,white wolf,84,31,10,349,0,0
1743861105130,Google Pixel 7a,PyTorch,mobilenet_v2,miniature_poodle.JPEG,miniature poodle,3,32,174,2792,0,1
1743861105557,Google Pixel 7a,TFLite,efficientnet_lite0,miniature_schnauzer.JPEG,miniature schnauzer,55,47,27,2636,0,1
1743861105557,Google Pixel 7a,TFLite,efficientnet_lite0_int8,miniature_schnauzer.JPEG,Tibetan terrier,93,33,10,349,0,0
1743861105557,Google Pixel 7a,PyTorch,mobilenet_v2,miniature_schnauzer.JPEG,miniature schnauzer,18,81,171,2936,0,1
1743861106012,Google Pixel 7a,TFLite,efficientnet_lite0,minibus.JPEG,minibus,39,08,39,0,0,1
1743861106012,Google Pixel 7a,TFLite,efficientnet_lite0_int8,minibus.JPEG,mitten,88,24,15,381,0,0
1743861106012,Google Pixel 7a,PyTorch,mobilenet_v2,minibus.JPEG,minibus,28,14,146,2200,0,1
1743861106450,Google Pixel 7a,TFLite,efficientnet_lite0,miniskirt.JPEG,miniskirt,14,11,28,2572,1,1
1743861106451,Google Pixel 7a,TFLite,efficientnet_lite0_int8,miniskirt.JPEG,mixing bowl,78,43,10,349,1,0
1743861106451,Google Pixel 7a,PyTorch,mobilenet_v2,miniskirt.JPEG,table lamp,4,52,182,2936,1,5
1743861107022,Google Pixel 7a,TFLite,efficientnet_lite0,minivan.JPEG,minivan,98,33,28,2604,0,1
1743861107022,Google Pixel 7a,TFLite,efficientnet_lite0_int8,minivan.JPEG,beer bottle,54,12,10,349,0,0
1743861107022,Google Pixel 7a,PyTorch,mobilenet_v2,minivan.JPEG,minivan,33,07,288,4808,0,1
1743861107797,Google Pixel 7a,TFLite,efficientnet_lite0,mink.JPEG,mink,64,10,28,2604,0,1
1743861107797,Google Pixel 7a,TFLite,efficientnet_lite0_int8,mink.JPEG,skunk,83,14,11,349,0,0
1743861107797,Google Pixel 7a,PyTorch,mobilenet_v2,mink.JPEG,water ouzel,4,06,466,0,0,2
1743861108296,Google Pixel 7a,TFLite,efficientnet_lite0,missile.JPEG,missile,53,30,28,2604,0,1
1743861108296,Google Pixel 7a,TFLite,efficientnet_lite0_int8,missile.JPEG,purse,92,16,10,349,0,0
1743861108296,Google Pixel 7a,PyTorch,mobilenet_v2,missile.JPEG,missile,50,41,236,3756,0,1
1743861108764,Google Pixel 7a,TFLite,efficientnet_lite0,mitten.JPEG,mitten,91,60,29,2604,0,1
1743861108764,Google Pixel 7a,TFLite,efficientnet_lite0_int8,mitten.JPEG,space bar,53,33,10,381,0,0
1743861108764,Google Pixel 7a,PyTorch,mobilenet_v2,mitten.JPEG,mitten,41,50,202,2936,0,1
1743861109204,Google Pixel 7a,TFLite,efficientnet_lite0,mixing_bowl.JPEG,Granny Smith,40,50,28,2604,0,0
1743861109204,Google Pixel 7a,TFLite,efficientnet_lite0_int8,mixing_bowl.JPEG,monastery,84,31,10,349,0,0
1743861109204,Google Pixel 7a,PyTorch,mobilenet_v2,mixing_bowl.JPEG,mixing bowl,11,30,182,2936,0,0
1743861109626,Google Pixel 7a,TFLite,efficientnet_lite0,mobile_home.JPEG,mobile home,69,45,28,2636,0,1
1743861109626,Google Pixel 7a,TFLite,efficientnet_lite0_int8,mobile_home.JPEG,baseball,54,51,11,349,0,0
1743861109626,Google Pixel 7a,PyTorch,mobilenet_v2,mobile_home.JPEG,mobile home,49,89,148,2336,0,1
1743861110004,Google Pixel 7a,TFLite,efficientnet_lite0,modem.JPEG,notebook,64,55,30,2572,0,0
1743861110005,Google Pixel 7a,TFLite,efficientnet_lite0_int8,modem.JPEG,library,67,84,11,349,0,0
1743861110005,Google Pixel 7a,PyTorch,mobilenet_v2,modem.JPEG,notebook,30,29,117,1660,0,0
1743861110488,Google Pixel 7a,TFLite,efficientnet_lite0,monarch.JPEG,monarch,94,37,29,2604,0,1
1743861110488,Google Pixel 7a,TFLite,efficientnet_lite0_int8,monarch.JPEG,lycaenid,50,59,11,349,0,0
1743861110488,Google Pixel 7a,PyTorch,mobilenet_v2,monarch.JPEG,monarch,75,59,211,0,0,1
1743861111354,Google Pixel 7a,TFLite,efficientnet_lite0,monastery.JPEG,castle,37,26,28,2636,0,3
1743861111354,Google Pixel 7a,TFLite,efficientnet_lite0_int8,monastery.JPEG,cellular telephone,99,61,10,349,0,0
1743861111354,Google Pixel 7a,PyTorch,mobilenet_v2,monastery.JPEG,castle,8,02,551,8944,0,2
1743861111785,Google Pixel 7a,TFLite,efficientnet_lite0,mongoose.JPEG,mongoose,85,71,29,2604,0,0
1743861111785,Google Pixel 7a,TFLite,efficientnet_lite0_int8,mongoose.JPEG,long-horned beetle,54,51,10,381,0,0
1743861111785,Google Pixel 7a,PyTorch,mobilenet_v2,mongoose.JPEG,mongoose,68,35,166,2604,0,0
1743861112237,Google Pixel 7a,TFLite,efficientnet_lite0,monitor.JPEG,screen,28,61,29,2604,0,2
1743861112237,Google Pixel 7a,TFLite,efficientnet_lite0_int8,monitor.JPEG,sewing machine,82,35,10,349,0,0
1743861112237,Google Pixel 7a,PyTorch,mobilenet_v2,monitor.JPEG,screen,6,25,189,0,0,0
1743861112707,Google Pixel 7a,TFLite,efficientnet_lite0,moped.JPEG,moped,92,50,29,2604,0,1
1743861112707,Google Pixel 7a,TFLite,efficientnet_lite0_int8,moped.JPEG,mosquito net,80,78,10,349,0,0
1743861112707,Google Pixel 7a,PyTorch,mobilenet_v2,moped.JPEG,moped,43,67,204,2936,0,1
1743861113189,Google Pixel 7a,TFLite,efficientnet_lite0,mortar.JPEG,mortar,93,33,28,2604,0,1
1743861113189,Google Pixel 7a,TFLite,efficientnet_lite0_int8,mortar.JPEG,prison,50,98,10,349,0,0
1743861113189,Google Pixel 7a,PyTorch,mobilenet_v2,mortar.JPEG,mortar,12,61,220,3240,0,1
1743861113644,Google Pixel 7a,TFLite,efficientnet_lite0,mortarboard.JPEG,mortarboard,75,27,28,2604,0,0
1743861113644,Google Pixel 7a,TFLite,efficientnet_lite0_int8,mortarboard.JPEG,mountain bike,69,02,12,349,0,0
1743861113644,Google Pixel 7a,PyTorch,mobilenet_v2,mortarboard.JPEG,mortarboard,66,64,180,2636,0,0
1743861114173,Google Pixel 7a,TFLite,efficientnet_lite0,mosque.JPEG,mosque,89,41,28,2604,0,1
1743861114173,Google Pixel 7a,TFLite,efficientnet_lite0_int8,mosque.JPEG,mortarboard,50,59,10,349,0,0
1743861114173,Google Pixel 7a,PyTorch,mobilenet_v2,mosque.JPEG,mosque,84,68,253,0,0,1
1743861114638,Google Pixel 7a,TFLite,efficientnet_lite0,mosquito_net.JPEG,mosquito net,99,73,29,2636,0,1
1743861114638,Google Pixel 7a,TFLite,efficientnet_lite0_int8,mosquito_net.JPEG,tench,50,20,12,349,0,0
1743861114638,Google Pixel 7a,PyTorch,mobilenet_v2,mosquito_net.JPEG,mosquito net,90,74,190,2968,0,1
1743861115100,Google Pixel 7a,TFLite,efficientnet_lite0,motor_scooter.JPEG,motor scooter,46,17,28,2604,0,1
1743861115100,Google Pixel 7a,TFLite,efficientnet_lite0_int8,motor_scooter.JPEG,mousetrap,94,12,10,349,0,0
1743861115100,Google Pixel 7a,PyTorch,mobilenet_v2,motor_scooter.JPEG,moped,16,48,200,2936,0,2
1743861115600,Google Pixel 7a,TFLite,efficientnet_lite0,mountain_bike.JPEG,mountain bike,25,86,29,2572,0,1
1743861115600,Google Pixel 7a,TFLite,efficientnet_lite0_int8,mountain_bike.JPEG,vault,84,31,11,381,0,0
1743861115600,Google Pixel 7a,PyTorch,mobilenet_v2,mountain_bike.JPEG,unicycle,21,75,231,2968,0,2
1743861116084,Google Pixel 7a,TFLite,efficientnet_lite0,mountain_tent.JPEG,mountain tent,62,12,29,2636,0,1
1743861116084,Google Pixel 7a,TFLite,efficientnet_lite0_int8,mountain_tent.JPEG,muzzle,94,90,11,349,0,0
1743861116084,Google Pixel 7a,PyTorch,mobilenet_v2,mountain_tent.JPEG,ram,6,36,212,0,0,3
1743861116513,Google Pixel 7a,TFLite,efficientnet_lite0,mouse.JPEG,desktop computer,26,17,29,2636,0,2
1743861116513,Google Pixel 7a,TFLite,efficientnet_lite0_int8,mouse.JPEG,digital watch,61,96,10,349,0,0
1743861116513,Google Pixel 7a,PyTorch,mobilenet_v2,mouse.JPEG,desktop computer,6,17,165,2636,0,3
1743861117075,Google Pixel 7a,TFLite,efficientnet_lite0,mousetrap.JPEG,mousetrap,99,08,45,2636,0,0
1743861117075,Google Pixel 7a,TFLite,efficientnet_lite0_int8,mousetrap.JPEG,tench,50,20,11,349,0,0
1743861117075,Google Pixel 7a,PyTorch,mobilenet_v2,mousetrap.JPEG,mousetrap,28,08,272,3944,0,0
1743861117373,Google Pixel 7a,TFLite,efficientnet_lite0,moving_van.JPEG,moving van,88,64,29,2572,0,1
1743861117373,Google Pixel 7a,TFLite,efficientnet_lite0_int8,moving_van.JPEG,trimaran,56,47,10,349,0,0
1743861117373,Google Pixel 7a,PyTorch,mobilenet_v2,moving_van.JPEG,moving van,82,60,52,384,0,1
1743861117862,Google Pixel 7a,TFLite,efficientnet_lite0,mud_turtle.JPEG,mud turtle,64,18,28,2604,0,1
1743861117863,Google Pixel 7a,TFLite,efficientnet_lite0_int8,mud_turtle.JPEG,American chameleon,77,25,10,381,0,0
1743861117863,Google Pixel 7a,PyTorch,mobilenet_v2,mud_turtle.JPEG,mud turtle,25,43,226,0,0,1
1743861118370,Google Pixel 7a,TFLite,efficientnet_lite0,mushroom.JPEG,mushroom,71,70,29,2604,0,1
1743861118370,Google Pixel 7a,TFLite,efficientnet_lite0_int8,mushroom.JPEG,toilet tissue,53,73,10,349,0,0
1743861118370,Google Pixel 7a,PyTorch,mobilenet_v2,mushroom.JPEG,mushroom,23,87,233,3756,0,1
1743861118733,Google Pixel 7a,TFLite,efficientnet_lite0,muzzle.JPEG,muzzle,99,15,30,2604,0,1
1743861118733,Google Pixel 7a,TFLite,efficientnet_lite0_int8,muzzle.JPEG,tench,50,20,11,381,0,0
1743861118733,Google Pixel 7a,PyTorch,mobilenet_v2,muzzle.JPEG,muzzle,90,43,106,1408,0,1
1743861119204,Google Pixel 7a,TFLite,efficientnet_lite0,n02963159_cardigan.JPEG,cardigan,90,34,29,2604,0,1
1743861119204,Google Pixel 7a,TFLite,efficientnet_lite0_int8,n02963159_cardigan.JPEG,modem,52,55,12,349,0,0
1743861119204,Google Pixel 7a,PyTorch,mobilenet_v2,n02963159_cardigan.JPEG,cardigan,38,42,201,2968,0,1
1743861119675,Google Pixel 7a,TFLite,efficientnet_lite0,n03126707_crane.JPEG,crane,32,16,30,2572,0,1
1743861119675,Google Pixel 7a,TFLite,efficientnet_lite0_int8,n03126707_crane.JPEG,window screen,80,39,11,349,0,0
1743861119675,Google Pixel 7a,PyTorch,mobilenet_v2,n03126707_crane.JPEG,crane,27,40,201,0,0,1
1743861120192,Google Pixel 7a,TFLite,efficientnet_lite0,n03710721_maillot.JPEG,maillot,38,21,30,2604,0,1
1743861120192,Google Pixel 7a,TFLite,efficientnet_lite0_int8,n03710721_maillot.JPEG,marimba,93,73,11,349,0,0
1743861120192,Google Pixel 7a,PyTorch,mobilenet_v2,n03710721_maillot.JPEG,maillot,30,25,241,3792,0,1
1743861120619,Google Pixel 7a,TFLite,efficientnet_lite0,nail.JPEG,hammer,26,52,30,2604,0,0
1743861120619,Google Pixel 7a,TFLite,efficientnet_lite0_int8,nail.JPEG,schooner,68,24,12,349,0,0
1743861120619,Google Pixel 7a,PyTorch,mobilenet_v2,nail.JPEG,hammer,21,05,119,808,0,0
1743861121130,Google Pixel 7a,TFLite,efficientnet_lite0,neck_brace.JPEG,neck brace,29,87,46,2604,0,1
1743861121130,Google Pixel 7a,TFLite,efficientnet_lite0_int8,neck_brace.JPEG,jersey,69,80,17,349,0,0
1743861121130,Google Pixel 7a,PyTorch,mobilenet_v2,neck_brace.JPEG,neck brace,13,02,174,1408,0,1
1743861121857,Google Pixel 7a,TFLite,efficientnet_lite0,necklace.JPEG,candle,19,04,45,2636,0,0
1743861121857,Google Pixel 7a,TFLite,efficientnet_lite0_int8,necklace.JPEG,cardigan,68,63,17,349,0,0
1743861121857,Google Pixel 7a,PyTorch,mobilenet_v2,necklace.JPEG,switch,4,38,372,3000,0,0
1743861123489,Google Pixel 7a,TFLite,efficientnet_lite0,nematode.JPEG,nematode,78,58,50,0,0,1
1743861123490,Google Pixel 7a,TFLite,efficientnet_lite0_int8,nematode.JPEG,hourglass,51,37,17,349,0,0
1743861123490,Google Pixel 7a,PyTorch,mobilenet_v2,nematode.JPEG,nematode,99,78,627,780,0,1
1743861125899,Google Pixel 7a,TFLite,efficientnet_lite0,night_snake.JPEG,thunder snake,56,07,247,2604,0,3
1743861125900,Google Pixel 7a,TFLite,efficientnet_lite0_int8,night_snake.JPEG,king snake,90,59,101,381,0,5
1743861125900,Google Pixel 7a,PyTorch,mobilenet_v2,night_snake.JPEG,whiptail,13,83,658,1852,0,2
1743861128471,Google Pixel 7a,TFLite,efficientnet_lite0,nipple.JPEG,plunger,54,28,328,2572,0,2
1743861128471,Google Pixel 7a,TFLite,efficientnet_lite0_int8,nipple.JPEG,ocarina,57,25,105,349,0,0
1743861128471,Google Pixel 7a,PyTorch,mobilenet_v2,nipple.JPEG,nipple,94,94,380,252,0,1
1743861132660,Google Pixel 7a,TFLite,efficientnet_lite0,notebook.JPEG,notebook,29,08,280,2572,0,1
1743861132661,Google Pixel 7a,TFLite,efficientnet_lite0_int8,notebook.JPEG,library,81,57,84,381,0,0
1743861132661,Google Pixel 7a,PyTorch,mobilenet_v2,notebook.JPEG,notebook,24,61,1427,2936,0,1
1743861137105,Google Pixel 7a,TFLite,efficientnet_lite0,obelisk.JPEG,obelisk,95,10,351,2604,0,1
1743861137105,Google Pixel 7a,TFLite,efficientnet_lite0_int8,obelisk.JPEG,binder,51,76,130,349,0,0
1743861137106,Google Pixel 7a,PyTorch,mobilenet_v2,obelisk.JPEG,obelisk,57,00,1656,0,0,1
1743861142441,Google Pixel 7a,TFLite,efficientnet_lite0,oboe.JPEG,oboe,97,03,329,2572,0,1
1743861142442,Google Pixel 7a,TFLite,efficientnet_lite0_int8,oboe.JPEG,fountain,52,55,108,349,0,0
1743861142442,Google Pixel 7a,PyTorch,mobilenet_v2,oboe.JPEG,oboe,81,30,2338,5744,0,1
1743861147074,Google Pixel 7a,TFLite,efficientnet_lite0,ocarina.JPEG,ocarina,83,86,175,2572,0,1
1743861147075,Google Pixel 7a,TFLite,efficientnet_lite0_int8,ocarina.JPEG,hamper,56,08,113,381,0,0
1743861147075,Google Pixel 7a,PyTorch,mobilenet_v2,ocarina.JPEG,ocarina,73,08,1935,4224,0,1
1743861151747,Google Pixel 7a,TFLite,efficientnet_lite0,odometer.JPEG,odometer,98,01,297,2604,0,0
1743861151748,Google Pixel 7a,TFLite,efficientnet_lite0_int8,odometer.JPEG,tench,50,20,117,349,0,0
1743861151749,Google Pixel 7a,PyTorch,mobilenet_v2,odometer.JPEG,odometer,81,54,1952,0,0,0
1743861174469,Google Pixel 7a,TFLite,efficientnet_lite0,oil_filter.JPEG,oil filter,97,15,288,2572,0,1
1743861174469,Google Pixel 7a,TFLite,efficientnet_lite0_int8,oil_filter.JPEG,maillot,50,98,48,349,0,0
1743861174470,Google Pixel 7a,PyTorch,mobilenet_v2,oil_filter.JPEG,syringe,2,36,15893,31434,0,0
1743861178672,Google Pixel 7a,TFLite,efficientnet_lite0,orange.JPEG,orange,36,02,378,2572,0,1
1743861178672,Google Pixel 7a,TFLite,efficientnet_lite0_int8,orange.JPEG,spatula,88,24,123,349,0,0
1743861178673,Google Pixel 7a,PyTorch,mobilenet_v2,orange.JPEG,soup bowl,17,54,1351,2600,0,3
1743861182943,Google Pixel 7a,TFLite,efficientnet_lite0,orangutan.JPEG,orangutan,94,72,305,2572,0,1
1743861182944,Google Pixel 7a,TFLite,efficientnet_lite0_int8,orangutan.JPEG,Madagascar cat,57,25,117,381,0,0
1743861182944,Google Pixel 7a,PyTorch,mobilenet_v2,orangutan.JPEG,orangutan,96,53,1504,2972,0,1
1743861186523,Google Pixel 7a,TFLite,efficientnet_lite0,organ.JPEG,organ,73,65,343,2604,0,1
1743861186524,Google Pixel 7a,TFLite,efficientnet_lite0_int8,organ.JPEG,apiary,59,61,116,349,0,0
1743861186524,Google Pixel 7a,PyTorch,mobilenet_v2,organ.JPEG,organ,62,99,1296,2984,0,1
1743861189760,Google Pixel 7a,TFLite,efficientnet_lite0,oscilloscope.JPEG,oscilloscope,97,19,342,2636,0,1
1743861189761,Google Pixel 7a,TFLite,efficientnet_lite0_int8,oscilloscope.JPEG,sewing machine,50,59,116,349,0,0
1743861189762,Google Pixel 7a,PyTorch,mobilenet_v2,oscilloscope.JPEG,oscilloscope,98,92,758,1244,0,1
1743861237996,Google Pixel 7a,TFLite,efficientnet_lite0,ostrich.JPEG,ostrich,89,89,283,2572,0,1
1743861237997,Google Pixel 7a,TFLite,efficientnet_lite0_int8,ostrich.JPEG,macaw,50,98,131,349,0,0
1743861237997,Google Pixel 7a,PyTorch,mobilenet_v2,ostrich.JPEG,ostrich,27,15,201,3096,0,1
1743861238403,Google Pixel 7a,TFLite,efficientnet_lite0,otter.JPEG,otter,86,92,29,2572,0,0
1743861238403,Google Pixel 7a,TFLite,efficientnet_lite0_int8,otter.JPEG,hog,58,04,11,381,0,0
1743861238403,Google Pixel 7a,PyTorch,mobilenet_v2,otter.JPEG,otter,34,96,147,2504,0,0
1743861238814,Google Pixel 7a,TFLite,efficientnet_lite0,otterhound.JPEG,Norfolk terrier,68,56,26,2636,0,0
1743861238814,Google Pixel 7a,TFLite,efficientnet_lite0_int8,otterhound.JPEG,flat-coated retriever,54,12,11,349,0,0
1743861238814,Google Pixel 7a,PyTorch,mobilenet_v2,otterhound.JPEG,soft-coated wheaten terrier,18,63,155,2604,0,0
1743861239073,Google Pixel 7a,TFLite,efficientnet_lite0,overskirt.JPEG,hoopskirt,41,58,26,2572,0,2
1743861239073,Google Pixel 7a,TFLite,efficientnet_lite0_int8,overskirt.JPEG,iPod,76,47,10,349,0,0
1743861239074,Google Pixel 7a,PyTorch,mobilenet_v2,overskirt.JPEG,lampshade,83,31,38,136,0,0
1743861239749,Google Pixel 7a,TFLite,efficientnet_lite0,ox.JPEG,ox,71,17,26,2604,0,0
1743861239749,Google Pixel 7a,TFLite,efficientnet_lite0_int8,ox.JPEG,hartebeest,54,90,10,349,0,0
1743861239749,Google Pixel 7a,PyTorch,mobilenet_v2,ox.JPEG,ox,3,16,395,7536,0,0
1743861240190,Google Pixel 7a,TFLite,efficientnet_lite0,oxcart.JPEG,oxcart,61,17,27,0,0,3
1743861240190,Google Pixel 7a,TFLite,efficientnet_lite0_int8,oxcart.JPEG,jack-o'-lantern,88,63,13,381,0,0
1743861240190,Google Pixel 7a,PyTorch,mobilenet_v2,oxcart.JPEG,oxcart,49,79,155,2616,0,2
1743861240503,Google Pixel 7a,TFLite,efficientnet_lite0,oxygen_mask.JPEG,oxygen mask,76,84,27,2636,0,0
1743861240503,Google Pixel 7a,TFLite,efficientnet_lite0_int8,oxygen_mask.JPEG,padlock,88,63,11,349,0,0
1743861240503,Google Pixel 7a,PyTorch,mobilenet_v2,oxygen_mask.JPEG,lab coat,44,28,73,904,0,0
1743861240920,Google Pixel 7a,TFLite,efficientnet_lite0,oystercatcher.JPEG,oystercatcher,50,20,27,2636,0,1
1743861240920,Google Pixel 7a,TFLite,efficientnet_lite0_int8,oystercatcher.JPEG,grey whale,95,69,10,349,0,5
1743861240920,Google Pixel 7a,PyTorch,mobilenet_v2,oystercatcher.JPEG,oystercatcher,21,87,167,2648,0,1
1743861241343,Google Pixel 7a,TFLite,efficientnet_lite0,packet.JPEG,umbrella,17,97,27,2572,0,3
1743861241343,Google Pixel 7a,TFLite,efficientnet_lite0_int8,packet.JPEG,vase,77,25,10,349,0,0
1743861241343,Google Pixel 7a,PyTorch,mobilenet_v2,packet.JPEG,packet,10,60,163,2604,0,1
1743861241745,Google Pixel 7a,TFLite,efficientnet_lite0,paddle.JPEG,paddle,56,14,27,2604,0,1
1743861241746,Google Pixel 7a,TFLite,efficientnet_lite0_int8,paddle.JPEG,carousel,93,73,10,356,0,0
1743861241746,Google Pixel 7a,PyTorch,mobilenet_v2,paddle.JPEG,paddle,32,15,152,2464,0,1
1743861242206,Google Pixel 7a,TFLite,efficientnet_lite0,paddlewheel.JPEG,paddlewheel,94,92,27,2636,0,0
1743861242206,Google Pixel 7a,TFLite,efficientnet_lite0_int8,paddlewheel.JPEG,balance beam,50,59,10,349,0,0
1743861242206,Google Pixel 7a,PyTorch,mobilenet_v2,paddlewheel.JPEG,paddlewheel,98,82,200,2936,0,0
1743861242660,Google Pixel 7a,TFLite,efficientnet_lite0,padlock.JPEG,padlock,94,88,27,2604,0,1
1743861242660,Google Pixel 7a,TFLite,efficientnet_lite0_int8,padlock.JPEG,chest,54,90,10,349,0,0
1743861242660,Google Pixel 7a,PyTorch,mobilenet_v2,padlock.JPEG,padlock,78,53,192,2936,0,1
1743861243140,Google Pixel 7a,TFLite,efficientnet_lite0,paintbrush.JPEG,teddy,43,37,28,2572,0,3
1743861243140,Google Pixel 7a,TFLite,efficientnet_lite0_int8,paintbrush.JPEG,theater curtain,76,47,12,349,0,0
1743861243140,Google Pixel 7a,PyTorch,mobilenet_v2,paintbrush.JPEG,crossword puzzle,10,20,209,3200,0,3
1743861243803,Google Pixel 7a,TFLite,efficientnet_lite0,pajama.JPEG,pajama,53,01,27,0,0,1
1743861243803,Google Pixel 7a,TFLite,efficientnet_lite0_int8,pajama.JPEG,parachute,81,57,11,413,0,0
1743861243803,Google Pixel 7a,PyTorch,mobilenet_v2,pajama.JPEG,pajama,3,27,367,5864,0,1
1743861244272,Google Pixel 7a,TFLite,efficientnet_lite0,palace.JPEG,palace,74,34,28,2604,0,1
1743861244272,Google Pixel 7a,TFLite,efficientnet_lite0_int8,palace.JPEG,cellular telephone,58,04,10,349,0,0
1743861244272,Google Pixel 7a,PyTorch,mobilenet_v2,palace.JPEG,palace,13,30,207,3292,0,1
1743861244565,Google Pixel 7a,TFLite,efficientnet_lite0,panpipe.JPEG,panpipe,95,90,28,2636,0,1
1743861244565,Google Pixel 7a,TFLite,efficientnet_lite0_int8,panpipe.JPEG,home theater,50,98,10,349,0,0
1743861244565,Google Pixel 7a,PyTorch,mobilenet_v2,panpipe.JPEG,panpipe,99,98,55,396,0,1
1743861245024,Google Pixel 7a,TFLite,efficientnet_lite0,paper_towel.JPEG,paper towel,69,75,27,2572,0,1
1743861245024,Google Pixel 7a,TFLite,efficientnet_lite0_int8,paper_towel.JPEG,parking meter,69,02,10,349,0,0
1743861245024,Google Pixel 7a,PyTorch,mobilenet_v2,paper_towel.JPEG,paper towel,2,46,202,0,0,1
1743861245438,Google Pixel 7a,TFLite,efficientnet_lite0,papillon.JPEG,papillon,94,45,27,2604,0,1
1743861245438,Google Pixel 7a,TFLite,efficientnet_lite0_int8,papillon.JPEG,Rottweiler,50,59,10,349,0,0
1743861245438,Google Pixel 7a,PyTorch,mobilenet_v2,papillon.JPEG,papillon,41,31,162,2604,0,1
1743861245968,Google Pixel 7a,TFLite,efficientnet_lite0,parachute.JPEG,parachute,83,99,28,2604,0,1
1743861245968,Google Pixel 7a,TFLite,efficientnet_lite0_int8,parachute.JPEG,bannister,55,29,10,349,0,0
1743861245968,Google Pixel 7a,PyTorch,mobilenet_v2,parachute.JPEG,parachute,24,59,255,4264,0,1
1743861246420,Google Pixel 7a,TFLite,efficientnet_lite0,parallel_bars.JPEG,parallel bars,57,88,28,2604,0,1
1743861246420,Google Pixel 7a,TFLite,efficientnet_lite0_int8,parallel_bars.JPEG,patio,99,61,10,349,0,0
1743861246420,Google Pixel 7a,PyTorch,mobilenet_v2,parallel_bars.JPEG,parallel bars,52,49,189,3032,0,1
1743861246844,Google Pixel 7a,TFLite,efficientnet_lite0,park_bench.JPEG,lakeside,44,59,28,0,0,2
1743861246844,Google Pixel 7a,TFLite,efficientnet_lite0_int8,park_bench.JPEG,pay-phone,95,69,11,413,0,0
1743861246844,Google Pixel 7a,PyTorch,mobilenet_v2,park_bench.JPEG,lakeside,21,69,159,2616,0,2
1743861247289,Google Pixel 7a,TFLite,efficientnet_lite0,parking_meter.JPEG,parking meter,48,43,28,2636,0,1
1743861247289,Google Pixel 7a,TFLite,efficientnet_lite0_int8,parking_meter.JPEG,pedestal,60,39,11,349,0,0
1743861247289,Google Pixel 7a,PyTorch,mobilenet_v2,parking_meter.JPEG,parking meter,14,03,181,2936,0,1
1743861247722,Google Pixel 7a,TFLite,efficientnet_lite0,partridge.JPEG,partridge,69,35,28,2604,0,1
1743861247722,Google Pixel 7a,TFLite,efficientnet_lite0_int8,partridge.JPEG,partridge,78,04,11,349,0,1
1743861247723,Google Pixel 7a,PyTorch,mobilenet_v2,partridge.JPEG,partridge,50,90,170,2620,0,1
1743861248153,Google Pixel 7a,TFLite,efficientnet_lite0,passenger_car.JPEG,passenger car,90,47,28,2604,0,1
1743861248153,Google Pixel 7a,TFLite,efficientnet_lite0_int8,passenger_car.JPEG,submarine,54,12,10,349,0,0
1743861248153,Google Pixel 7a,PyTorch,mobilenet_v2,passenger_car.JPEG,passenger car,95,40,175,2684,0,1
1743861248574,Google Pixel 7a,TFLite,efficientnet_lite0,patas.JPEG,patas,79,22,28,0,0,1
1743861248574,Google Pixel 7a,TFLite,efficientnet_lite0_int8,patas.JPEG,long-horned beetle,73,73,11,381,0,0
1743861248574,Google Pixel 7a,PyTorch,mobilenet_v2,patas.JPEG,patas,57,45,161,2604,0,1
1743861248995,Google Pixel 7a,TFLite,efficientnet_lite0,patio.JPEG,patio,50,52,28,2604,0,1
1743861248995,Google Pixel 7a,TFLite,efficientnet_lite0_int8,patio.JPEG,mortarboard,61,18,10,349,0,0
1743861248995,Google Pixel 7a,PyTorch,mobilenet_v2,patio.JPEG,patio,20,38,168,2704,0,1
1743861249459,Google Pixel 7a,TFLite,efficientnet_lite0,pay-phone.JPEG,pay-phone,87,32,27,2636,0,0
1743861249459,Google Pixel 7a,TFLite,efficientnet_lite0_int8,pay-phone.JPEG,golfcart,52,55,10,349,0,0
1743861249459,Google Pixel 7a,PyTorch,mobilenet_v2,pay-phone.JPEG,pay-phone,70,51,201,2968,0,0
1743861249893,Google Pixel 7a,TFLite,efficientnet_lite0,peacock.JPEG,peacock,97,53,28,2604,0,0
1743861249893,Google Pixel 7a,TFLite,efficientnet_lite0_int8,peacock.JPEG,tench,50,20,10,349,0,0
1743861249893,Google Pixel 7a,PyTorch,mobilenet_v2,peacock.JPEG,peacock,98,22,174,2860,0,0
1743861250322,Google Pixel 7a,TFLite,efficientnet_lite0,pedestal.JPEG,pedestal,94,68,30,0,0,1
1743861250322,Google Pixel 7a,TFLite,efficientnet_lite0_int8,pedestal.JPEG,beer glass,53,33,12,381,0,0
1743861250322,Google Pixel 7a,PyTorch,mobilenet_v2,pedestal.JPEG,water tower,25,85,162,2604,0,2
1743861250736,Google Pixel 7a,TFLite,efficientnet_lite0,pelican.JPEG,pelican,91,64,28,2604,0,1
1743861250736,Google Pixel 7a,TFLite,efficientnet_lite0_int8,pelican.JPEG,little blue heron,50,98,10,349,0,0
1743861250736,Google Pixel 7a,PyTorch,mobilenet_v2,pelican.JPEG,pelican,64,33,161,2616,0,1
1743861251271,Google Pixel 7a,TFLite,efficientnet_lite0,pencil_box.JPEG,pencil box,99,07,28,2604,0,0
1743861251271,Google Pixel 7a,TFLite,efficientnet_lite0_int8,pencil_box.JPEG,washer,51,76,11,381,0,0
1743861251271,Google Pixel 7a,PyTorch,mobilenet_v2,pencil_box.JPEG,pencil box,64,18,255,3944,0,0
1743861251705,Google Pixel 7a,TFLite,efficientnet_lite0,pencil_sharpener.JPEG,pencil sharpener,40,25,29,2604,0,0
1743861251705,Google Pixel 7a,TFLite,efficientnet_lite0_int8,pencil_sharpener.JPEG,wool,58,43,11,349,0,0
1743861251705,Google Pixel 7a,PyTorch,mobilenet_v2,pencil_sharpener.JPEG,pencil sharpener,6,37,165,2604,0,0
1743861252140,Google Pixel 7a,TFLite,efficientnet_lite0,perfume.JPEG,perfume,65,69,37,0,0,1
1743861252140,Google Pixel 7a,TFLite,efficientnet_lite0_int8,perfume.JPEG,wool,70,98,11,349,0,0
1743861252140,Google Pixel 7a,PyTorch,mobilenet_v2,perfume.JPEG,perfume,45,72,161,2604,0,1
1743861252588,Google Pixel 7a,TFLite,efficientnet_lite0,photocopier.JPEG,photocopier,21,74,28,2604,0,1
1743861252588,Google Pixel 7a,TFLite,efficientnet_lite0_int8,photocopier.JPEG,velvet,78,43,10,381,0,0
1743861252588,Google Pixel 7a,PyTorch,mobilenet_v2,photocopier.JPEG,printer,13,42,188,2936,0,2
1743861252893,Google Pixel 7a,TFLite,efficientnet_lite0,pick.JPEG,rock beauty,7,43,28,2636,0,4
1743861252893,Google Pixel 7a,TFLite,efficientnet_lite0_int8,pick.JPEG,harvester,63,14,10,349,0,0
1743861252894,Google Pixel 7a,PyTorch,mobilenet_v2,pick.JPEG,envelope,32,63,65,712,0,5
1743861253239,Google Pixel 7a,TFLite,efficientnet_lite0,pickelhaube.JPEG,pickelhaube,97,42,28,2604,0,0
1743861253240,Google Pixel 7a,TFLite,efficientnet_lite0_int8,pickelhaube.JPEG,minivan,53,73,10,349,0,0
1743861253240,Google Pixel 7a,PyTorch,mobilenet_v2,pickelhaube.JPEG,pickelhaube,99,89,102,1308,0,0
1743861253708,Google Pixel 7a,TFLite,efficientnet_lite0,picket_fence.JPEG,picket fence,84,50,28,2604,0,0
1743861253708,Google Pixel 7a,TFLite,efficientnet_lite0_int8,picket_fence.JPEG,web site,50,59,10,349,0,0
1743861253708,Google Pixel 7a,PyTorch,mobilenet_v2,picket_fence.JPEG,picket fence,19,67,208,0,0,0
1743861254429,Google Pixel 7a,TFLite,efficientnet_lite0,pickup.JPEG,pickup,33,58,28,2604,0,0
1743861254430,Google Pixel 7a,TFLite,efficientnet_lite0_int8,pickup.JPEG,pillow,89,80,10,349,0,0
1743861254430,Google Pixel 7a,PyTorch,mobilenet_v2,pickup.JPEG,beach wagon,13,13,431,7064,0,0
1743861254884,Google Pixel 7a,TFLite,efficientnet_lite0,pier.JPEG,pier,82,22,28,2668,0,0
1743861254885,Google Pixel 7a,TFLite,efficientnet_lite0_int8,pier.JPEG,stone wall,54,90,10,349,0,0
1743861254885,Google Pixel 7a,PyTorch,mobilenet_v2,pier.JPEG,pier,43,88,197,2968,0,0
1743861255315,Google Pixel 7a,TFLite,efficientnet_lite0,piggy_bank.JPEG,piggy bank,99,09,28,2572,0,1
1743861255315,Google Pixel 7a,TFLite,efficientnet_lite0_int8,piggy_bank.JPEG,tench,50,20,10,381,0,0
1743861255315,Google Pixel 7a,PyTorch,mobilenet_v2,piggy_bank.JPEG,piggy bank,96,12,173,2860,0,1
1743861255879,Google Pixel 7a,TFLite,efficientnet_lite0,pill_bottle.JPEG,pill bottle,36,72,40,0,0,1
1743861255879,Google Pixel 7a,TFLite,efficientnet_lite0_int8,pill_bottle.JPEG,pirate,76,08,10,381,0,0
1743861255879,Google Pixel 7a,PyTorch,mobilenet_v2,pill_bottle.JPEG,paper towel,1,71,276,4640,0,4
1743861256337,Google Pixel 7a,TFLite,efficientnet_lite0,pillow.JPEG,pillow,99,46,29,2636,0,1
1743861256337,Google Pixel 7a,TFLite,efficientnet_lite0_int8,pillow.JPEG,tench,50,20,10,445,0,0
1743861256337,Google Pixel 7a,PyTorch,mobilenet_v2,pillow.JPEG,pillow,96,96,197,3256,0,1
1743861256805,Google Pixel 7a,TFLite,efficientnet_lite0,pineapple.JPEG,pineapple,96,68,28,2636,0,1
1743861256805,Google Pixel 7a,TFLite,efficientnet_lite0_int8,pineapple.JPEG,tench,50,20,10,349,0,0
1743861256805,Google Pixel 7a,PyTorch,mobilenet_v2,pineapple.JPEG,pineapple,70,22,199,2968,0,1
1743861257115,Google Pixel 7a,TFLite,efficientnet_lite0,ping-pong_ball.JPEG,measuring cup,16,33,29,2604,0,0
1743861257116,Google Pixel 7a,TFLite,efficientnet_lite0_int8,ping-pong_ball.JPEG,gas pump,56,47,12,381,0,0
1743861257116,Google Pixel 7a,PyTorch,mobilenet_v2,ping-pong_ball.JPEG,medicine chest,21,33,64,608,0,0
1743861257520,Google Pixel 7a,TFLite,efficientnet_lite0,pinwheel.JPEG,pinwheel,94,36,31,0,0,0
1743861257520,Google Pixel 7a,TFLite,efficientnet_lite0_int8,pinwheel.JPEG,hamper,50,59,13,349,0,0
1743861257520,Google Pixel 7a,PyTorch,mobilenet_v2,pinwheel.JPEG,pinwheel,99,97,126,2140,0,0
1743861257972,Google Pixel 7a,TFLite,efficientnet_lite0,pirate.JPEG,pirate,79,87,28,2636,0,1
1743861257972,Google Pixel 7a,TFLite,efficientnet_lite0_int8,pirate.JPEG,comic book,55,29,10,381,0,0
1743861257972,Google Pixel 7a,PyTorch,mobilenet_v2,pirate.JPEG,pirate,36,89,197,3504,0,1
1743861258445,Google Pixel 7a,TFLite,efficientnet_lite0,pitcher.JPEG,pitcher,41,18,29,2700,0,1
1743861258445,Google Pixel 7a,TFLite,efficientnet_lite0_int8,pitcher.JPEG,wig,76,47,10,381,0,0
1743861258446,Google Pixel 7a,PyTorch,mobilenet_v2,pitcher.JPEG,water jug,17,59,210,3688,0,3
1743861258934,Google Pixel 7a,TFLite,efficientnet_lite0,pizza.JPEG,pizza,93,05,29,2604,0,1
1743861258934,Google Pixel 7a,TFLite,efficientnet_lite0_int8,pizza.JPEG,bagel,50,98,12,349,0,0
1743861258934,Google Pixel 7a,PyTorch,mobilenet_v2,pizza.JPEG,pizza,86,42,213,0,0,1
1743861259270,Google Pixel 7a,TFLite,efficientnet_lite0,plane.JPEG,plane,48,49,28,2604,0,1
1743861259270,Google Pixel 7a,TFLite,efficientnet_lite0_int8,plane.JPEG,jersey,72,16,10,349,0,0
1743861259270,Google Pixel 7a,PyTorch,mobilenet_v2,plane.JPEG,shoe shop,22,04,90,1200,0,2
1743861259861,Google Pixel 7a,TFLite,efficientnet_lite0,planetarium.JPEG,planetarium,65,61,28,2572,0,0
1743861259861,Google Pixel 7a,TFLite,efficientnet_lite0_int8,planetarium.JPEG,steel drum,65,10,11,349,0,0
1743861259861,Google Pixel 7a,PyTorch,mobilenet_v2,planetarium.JPEG,planetarium,5,68,312,5288,0,0
1743861260329,Google Pixel 7a,TFLite,efficientnet_lite0,plastic_bag.JPEG,plastic bag,68,41,29,2636,0,1
1743861260329,Google Pixel 7a,TFLite,efficientnet_lite0_int8,plastic_bag.JPEG,paintbrush,62,75,11,381,0,0
1743861260329,Google Pixel 7a,PyTorch,mobilenet_v2,plastic_bag.JPEG,plastic bag,69,42,193,2984,0,1
1743861260813,Google Pixel 7a,TFLite,efficientnet_lite0,plate.JPEG,plate,66,52,28,2636,0,0
1743861260813,Google Pixel 7a,TFLite,efficientnet_lite0_int8,plate.JPEG,red wine,62,35,15,0,0,0
1743861260813,Google Pixel 7a,PyTorch,mobilenet_v2,plate.JPEG,plate,27,10,193,2972,0,0
1743861261341,Google Pixel 7a,TFLite,efficientnet_lite0,plate_rack.JPEG,plate rack,97,88,29,2636,0,1
1743861261341,Google Pixel 7a,TFLite,efficientnet_lite0_int8,plate_rack.JPEG,military uniform,51,37,10,349,0,0
1743861261341,Google Pixel 7a,PyTorch,mobilenet_v2,plate_rack.JPEG,washbasin,11,53,252,3944,0,5
1743861261639,Google Pixel 7a,TFLite,efficientnet_lite0,platypus.JPEG,platypus,99,74,29,2604,0,1
1743861261639,Google Pixel 7a,TFLite,efficientnet_lite0_int8,platypus.JPEG,tench,50,20,11,349,0,0
1743861261639,Google Pixel 7a,PyTorch,mobilenet_v2,platypus.JPEG,platypus,93,35,50,352,0,1
1743861262130,Google Pixel 7a,TFLite,efficientnet_lite0,plow.JPEG,harvester,36,65,28,2572,0,3
1743861262130,Google Pixel 7a,TFLite,efficientnet_lite0_int8,plow.JPEG,police van,61,57,11,349,0,0
1743861262130,Google Pixel 7a,PyTorch,mobilenet_v2,plow.JPEG,thresher,29,33,224,3544,0,3
1743861262746,Google Pixel 7a,TFLite,efficientnet_lite0,plunger.JPEG,plunger,98,30,28,0,0,1
1743861262746,Google Pixel 7a,TFLite,efficientnet_lite0_int8,plunger.JPEG,lens cap,50,59,11,381,0,0
1743861262746,Google Pixel 7a,PyTorch,mobilenet_v2,plunger.JPEG,plunger,18,79,330,5424,0,1
1743861263201,Google Pixel 7a,TFLite,efficientnet_lite0,pole.JPEG,pole,91,92,29,2636,0,0
1743861263201,Google Pixel 7a,TFLite,efficientnet_lite0_int8,pole.JPEG,ping-pong ball,58,43,11,349,0,0
1743861263201,Google Pixel 7a,PyTorch,mobilenet_v2,pole.JPEG,pole,63,32,187,2968,0,0
1743861263636,Google Pixel 7a,TFLite,efficientnet_lite0,polecat.JPEG,weasel,59,52,29,2604,0,2
1743861263636,Google Pixel 7a,TFLite,efficientnet_lite0_int8,polecat.JPEG,badger,61,18,10,349,0,0
1743861263637,Google Pixel 7a,PyTorch,mobilenet_v2,polecat.JPEG,polecat,31,43,174,2600,0,1
1743861264116,Google Pixel 7a,TFLite,efficientnet_lite0,police_van.JPEG,police van,21,07,29,2572,0,1
1743861264116,Google Pixel 7a,TFLite,efficientnet_lite0_int8,police_van.JPEG,mobile home,86,27,11,349,0,0
1743861264116,Google Pixel 7a,PyTorch,mobilenet_v2,police_van.JPEG,minivan,15,95,205,0,0,2
1743861264569,Google Pixel 7a,TFLite,efficientnet_lite0,pomegranate.JPEG,pomegranate,96,95,28,2604,0,1
1743861264569,Google Pixel 7a,TFLite,efficientnet_lite0_int8,pomegranate.JPEG,tench,50,20,10,349,0,0
1743861264569,Google Pixel 7a,PyTorch,mobilenet_v2,pomegranate.JPEG,pomegranate,95,70,193,2936,0,1
1743861265026,Google Pixel 7a,TFLite,efficientnet_lite0,poncho.JPEG,poncho,68,93,29,2604,0,1
1743861265026,Google Pixel 7a,TFLite,efficientnet_lite0_int8,poncho.JPEG,strainer,56,08,10,381,0,0
1743861265026,Google Pixel 7a,PyTorch,mobilenet_v2,poncho.JPEG,poncho,54,53,194,2956,0,1
1743861265488,Google Pixel 7a,TFLite,efficientnet_lite0,pool_table.JPEG,spotlight,44,03,28,2604,0,0
1743861265488,Google Pixel 7a,TFLite,efficientnet_lite0_int8,pool_table.JPEG,steel drum,84,71,11,349,0,0
1743861265488,Google Pixel 7a,PyTorch,mobilenet_v2,pool_table.JPEG,spotlight,53,50,194,2968,0,5
1743861265940,Google Pixel 7a,TFLite,efficientnet_lite0,pop_bottle.JPEG,pop bottle,42,82,28,2636,0,1
1743861265940,Google Pixel 7a,TFLite,efficientnet_lite0_int8,pop_bottle.JPEG,prayer rug,78,43,10,349,0,0
1743861265940,Google Pixel 7a,PyTorch,mobilenet_v2,pop_bottle.JPEG,pop bottle,48,81,192,0,0,1
1743861266367,Google Pixel 7a,TFLite,efficientnet_lite0,porcupine.JPEG,porcupine,89,72,28,2604,0,1
1743861266367,Google Pixel 7a,TFLite,efficientnet_lite0_int8,porcupine.JPEG,hog,52,55,11,381,0,0
1743861266367,Google Pixel 7a,PyTorch,mobilenet_v2,porcupine.JPEG,porcupine,29,44,163,2604,0,1
1743861266809,Google Pixel 7a,TFLite,efficientnet_lite0,pot.JPEG,pot,87,67,29,2636,0,0
1743861266809,Google Pixel 7a,TFLite,efficientnet_lite0_int8,pot.JPEG,pencil sharpener,54,51,12,349,0,0
1743861266809,Google Pixel 7a,PyTorch,mobilenet_v2,pot.JPEG,picket fence,37,15,168,2604,0,0
1743861267256,Google Pixel 7a,TFLite,efficientnet_lite0,potpie.JPEG,potpie,84,81,28,2572,0,0
1743861267256,Google Pixel 7a,TFLite,efficientnet_lite0_int8,potpie.JPEG,hotdog,51,37,11,349,0,0
1743861267256,Google Pixel 7a,PyTorch,mobilenet_v2,potpie.JPEG,potpie,55,85,178,2700,0,0
1743861267702,Google Pixel 7a,TFLite,efficientnet_lite0,potter's_wheel.JPEG,potter's wheel,49,57,28,2636,0,0
1743861267702,Google Pixel 7a,TFLite,efficientnet_lite0_int8,potter's_wheel.JPEG,prison,76,08,10,349,0,0
1743861267703,Google Pixel 7a,PyTorch,mobilenet_v2,potter's_wheel.JPEG,barbershop,4,44,188,0,0,0
1743861268155,Google Pixel 7a,TFLite,efficientnet_lite0,power_drill.JPEG,screwdriver,22,99,29,2604,0,3
1743861268155,Google Pixel 7a,TFLite,efficientnet_lite0_int8,power_drill.JPEG,hatchet,63,14,10,349,0,0
1743861268155,Google Pixel 7a,PyTorch,mobilenet_v2,power_drill.JPEG,screwdriver,7,45,188,2936,0,0
1743861268519,Google Pixel 7a,TFLite,efficientnet_lite0,prairie_chicken.JPEG,prairie chicken,96,80,28,2604,0,1
1743861268519,Google Pixel 7a,TFLite,efficientnet_lite0_int8,prairie_chicken.JPEG,fox squirrel,50,59,12,381,0,0
1743861268519,Google Pixel 7a,PyTorch,mobilenet_v2,prairie_chicken.JPEG,prairie chicken,99,97,109,1472,0,1
1743861268827,Google Pixel 7a,TFLite,efficientnet_lite0,prayer_rug.JPEG,prayer rug,87,48,28,2604,0,1
1743861268827,Google Pixel 7a,TFLite,efficientnet_lite0_int8,prayer_rug.JPEG,knee pad,51,37,11,349,0,0
1743861268827,Google Pixel 7a,PyTorch,mobilenet_v2,prayer_rug.JPEG,prayer rug,98,90,65,664,0,1
1743861269275,Google Pixel 7a,TFLite,efficientnet_lite0,pretzel.JPEG,pretzel,80,25,27,2636,0,1
1743861269275,Google Pixel 7a,TFLite,efficientnet_lite0_int8,pretzel.JPEG,head cabbage,70,59,11,349,0,0
1743861269275,Google Pixel 7a,PyTorch,mobilenet_v2,pretzel.JPEG,pretzel,97,04,186,2936,0,1
1743861269737,Google Pixel 7a,TFLite,efficientnet_lite0,printer.JPEG,printer,57,04,28,0,0,1
1743861269737,Google Pixel 7a,TFLite,efficientnet_lite0_int8,printer.JPEG,puck,74,12,15,349,0,0
1743861269737,Google Pixel 7a,PyTorch,mobilenet_v2,printer.JPEG,printer,18,72,179,2968,0,1
1743861270161,Google Pixel 7a,TFLite,efficientnet_lite0,prison.JPEG,prison,8,82,28,2636,0,1
1743861270161,Google Pixel 7a,TFLite,efficientnet_lite0_int8,prison.JPEG,pickelhaube,60,39,10,349,0,0
1743861270161,Google Pixel 7a,PyTorch,mobilenet_v2,prison.JPEG,prison,15,43,166,2636,0,1
1743861270635,Google Pixel 7a,TFLite,efficientnet_lite0,proboscis_monkey.JPEG,proboscis monkey,89,36,28,2636,0,1
1743861270635,Google Pixel 7a,TFLite,efficientnet_lite0_int8,proboscis_monkey.JPEG,marmoset,57,65,10,349,0,4
1743861270635,Google Pixel 7a,PyTorch,mobilenet_v2,proboscis_monkey.JPEG,proboscis monkey,77,23,212,3288,0,1
1743861271066,Google Pixel 7a,TFLite,efficientnet_lite0,projectile.JPEG,projectile,71,64,28,2572,0,1
1743861271066,Google Pixel 7a,TFLite,efficientnet_lite0_int8,projectile.JPEG,racer,66,67,10,349,0,0
1743861271066,Google Pixel 7a,PyTorch,mobilenet_v2,projectile.JPEG,projectile,19,10,170,2616,0,1
1743861271498,Google Pixel 7a,TFLite,efficientnet_lite0,projector.JPEG,sewing machine,16,46,29,0,0,0
1743861271498,Google Pixel 7a,TFLite,efficientnet_lite0_int8,projector.JPEG,steel drum,65,88,11,381,0,0
1743861271498,Google Pixel 7a,PyTorch,mobilenet_v2,projector.JPEG,projector,6,88,168,2616,0,1
1743861272184,Google Pixel 7a,TFLite,efficientnet_lite0,promontory.JPEG,seashore,29,89,28,2636,0,2
1743861272185,Google Pixel 7a,TFLite,efficientnet_lite0_int8,promontory.JPEG,valley,75,69,11,381,0,0
1743861272185,Google Pixel 7a,PyTorch,mobilenet_v2,promontory.JPEG,seashore,23,01,393,6152,0,3
1743861272633,Google Pixel 7a,TFLite,efficientnet_lite0,ptarmigan.JPEG,ptarmigan,95,42,28,2636,0,1
1743861272633,Google Pixel 7a,TFLite,efficientnet_lite0_int8,ptarmigan.JPEG,sea lion,53,33,10,349,0,0
1743861272633,Google Pixel 7a,PyTorch,mobilenet_v2,ptarmigan.JPEG,ptarmigan,60,52,189,2832,0,1
1743861273076,Google Pixel 7a,TFLite,efficientnet_lite0,puck.JPEG,puck,94,12,28,2604,0,1
1743861273076,Google Pixel 7a,TFLite,efficientnet_lite0_int8,puck.JPEG,sliding door,51,76,12,349,0,0
1743861273076,Google Pixel 7a,PyTorch,mobilenet_v2,puck.JPEG,puck,99,84,174,0,0,1
1743861273514,Google Pixel 7a,TFLite,efficientnet_lite0,puffer.JPEG,puffer,91,25,29,2636,0,1
1743861273514,Google Pixel 7a,TFLite,efficientnet_lite0_int8,puffer.JPEG,sturgeon,53,33,12,349,0,0
1743861273514,Google Pixel 7a,PyTorch,mobilenet_v2,puffer.JPEG,puffer,87,55,163,2604,0,1
1743861273990,Google Pixel 7a,TFLite,efficientnet_lite0,pug.JPEG,pug,66,02,28,2636,0,1
1743861273990,Google Pixel 7a,TFLite,efficientnet_lite0_int8,pug.JPEG,Samoyed,91,37,10,349,0,0
1743861273990,Google Pixel 7a,PyTorch,mobilenet_v2,pug.JPEG,wig,3,07,221,3000,0,2
1743861274299,Google Pixel 7a,TFLite,efficientnet_lite0,punching_bag.JPEG,punching bag,99,06,28,2604,0,1
1743861274299,Google Pixel 7a,TFLite,efficientnet_lite0_int8,punching_bag.JPEG,wool,50,59,11,349,0,0
1743861274299,Google Pixel 7a,PyTorch,mobilenet_v2,punching_bag.JPEG,punching bag,100,00,58,352,0,1
1743861274773,Google Pixel 7a,TFLite,efficientnet_lite0,purse.JPEG,purse,80,22,28,2604,0,1
1743861274773,Google Pixel 7a,TFLite,efficientnet_lite0_int8,purse.JPEG,manhole cover,67,06,11,381,0,0
1743861274773,Google Pixel 7a,PyTorch,mobilenet_v2,purse.JPEG,purse,36,65,205,3184,0,1
1743861275255,Google Pixel 7a,TFLite,efficientnet_lite0,quail.JPEG,hen,40,24,39,0,0,0
1743861275255,Google Pixel 7a,TFLite,efficientnet_lite0_int8,quail.JPEG,microphone,92,94,11,349,0,0
1743861275255,Google Pixel 7a,PyTorch,mobilenet_v2,quail.JPEG,quail,41,83,197,3244,0,1
1743861275941,Google Pixel 7a,TFLite,efficientnet_lite0,quill.JPEG,quill,65,80,29,2572,0,1
1743861275941,Google Pixel 7a,TFLite,efficientnet_lite0_int8,quill.JPEG,radiator,95,29,11,349,0,0
1743861275941,Google Pixel 7a,PyTorch,mobilenet_v2,quill.JPEG,quill,22,90,392,6112,0,1
1743861276444,Google Pixel 7a,TFLite,efficientnet_lite0,quilt.JPEG,quilt,90,10,29,2604,0,1
1743861276444,Google Pixel 7a,TFLite,efficientnet_lite0_int8,quilt.JPEG,sundial,53,33,11,349,0,0
1743861276444,Google Pixel 7a,PyTorch,mobilenet_v2,quilt.JPEG,cowboy boot,3,45,226,3304,0,0
1743861276890,Google Pixel 7a,TFLite,efficientnet_lite0,racer.JPEG,racer,38,78,29,0,0,1
1743861276890,Google Pixel 7a,TFLite,efficientnet_lite0_int8,racer.JPEG,radio telescope,73,33,12,413,0,0
1743861276890,Google Pixel 7a,PyTorch,mobilenet_v2,racer.JPEG,sports car,24,67,169,2604,0,2
1743861277419,Google Pixel 7a,TFLite,efficientnet_lite0,racket.JPEG,racket,40,67,29,2636,0,1
1743861277420,Google Pixel 7a,TFLite,efficientnet_lite0_int8,racket.JPEG,rain barrel,94,90,11,349,0,0
1743861277420,Google Pixel 7a,PyTorch,mobilenet_v2,racket.JPEG,racket,35,17,258,3640,0,1
1743861277908,Google Pixel 7a,TFLite,efficientnet_lite0,radiator.JPEG,radiator,62,43,29,2604,1,1
1743861277908,Google Pixel 7a,TFLite,efficientnet_lite0_int8,radiator.JPEG,water tower,56,47,11,349,1,0
1743861277908,Google Pixel 7a,PyTorch,mobilenet_v2,radiator.JPEG,radiator,22,59,219,2936,1,1
1743861278370,Google Pixel 7a,TFLite,efficientnet_lite0,radio.JPEG,oxygen mask,67,67,29,2572,0,0
1743861278370,Google Pixel 7a,TFLite,efficientnet_lite0_int8,radio.JPEG,padlock,71,37,11,349,0,0
1743861278370,Google Pixel 7a,PyTorch,mobilenet_v2,radio.JPEG,military uniform,13,19,192,2972,0,0
1743861278808,Google Pixel 7a,TFLite,efficientnet_lite0,radio_telescope.JPEG,radio telescope,95,71,39,0,0,4
1743861278808,Google Pixel 7a,TFLite,efficientnet_lite0_int8,radio_telescope.JPEG,space heater,50,98,11,349,0,0
1743861278808,Google Pixel 7a,PyTorch,mobilenet_v2,radio_telescope.JPEG,radio telescope,93,11,164,2604,0,0
1743861279106,Google Pixel 7a,TFLite,efficientnet_lite0,rain_barrel.JPEG,rain barrel,98,86,29,2572,0,3
1743861279106,Google Pixel 7a,TFLite,efficientnet_lite0_int8,rain_barrel.JPEG,vending machine,50,98,10,381,0,0
1743861279106,Google Pixel 7a,PyTorch,mobilenet_v2,rain_barrel.JPEG,rain barrel,99,55,57,472,0,3
1743861279538,Google Pixel 7a,TFLite,efficientnet_lite0,ram.JPEG,ram,89,38,29,2572,0,0
1743861279539,Google Pixel 7a,TFLite,efficientnet_lite0_int8,ram.JPEG,gazelle,56,86,11,349,0,0
1743861279539,Google Pixel 7a,PyTorch,mobilenet_v2,ram.JPEG,ram,84,61,170,2600,0,0
1743861280006,Google Pixel 7a,TFLite,efficientnet_lite0,rapeseed.JPEG,rapeseed,94,25,28,2636,0,1
1743861280006,Google Pixel 7a,TFLite,efficientnet_lite0_int8,rapeseed.JPEG,baseball,50,59,12,381,0,0
1743861280006,Google Pixel 7a,PyTorch,mobilenet_v2,rapeseed.JPEG,rapeseed,96,39,194,2936,0,1
1743861280463,Google Pixel 7a,TFLite,efficientnet_lite0,recreational_vehicle.JPEG,recreational vehicle,65,20,28,0,0,1
1743861280463,Google Pixel 7a,TFLite,efficientnet_lite0_int8,recreational_vehicle.JPEG,monitor,89,02,11,381,0,0
1743861280463,Google Pixel 7a,PyTorch,mobilenet_v2,recreational_vehicle.JPEG,recreational vehicle,38,80,187,2936,0,1
1743861280887,Google Pixel 7a,TFLite,efficientnet_lite0,red-backed_sandpiper.JPEG,red-backed sandpiper,94,72,29,2604,0,0
1743861280887,Google Pixel 7a,TFLite,efficientnet_lite0_int8,red-backed_sandpiper.JPEG,oystercatcher,51,37,11,349,0,0
1743861280887,Google Pixel 7a,PyTorch,mobilenet_v2,red-backed_sandpiper.JPEG,red-backed sandpiper,48,43,163,2544,0,0
1743861281309,Google Pixel 7a,TFLite,efficientnet_lite0,red-breasted_merganser.JPEG,ruddy turnstone,39,28,28,2636,0,0
1743861281309,Google Pixel 7a,TFLite,efficientnet_lite0_int8,red-breasted_merganser.JPEG,oystercatcher,74,12,10,349,0,0
1743861281309,Google Pixel 7a,PyTorch,mobilenet_v2,red-breasted_merganser.JPEG,red-breasted merganser,31,95,162,2636,0,0
1743861281745,Google Pixel 7a,TFLite,efficientnet_lite0,red_fox.JPEG,grey fox,27,11,28,2604,0,0
1743861281745,Google Pixel 7a,TFLite,efficientnet_lite0_int8,red_fox.JPEG,tabby,79,22,10,349,0,0
1743861281745,Google Pixel 7a,PyTorch,mobilenet_v2,red_fox.JPEG,red fox,7,47,169,2604,0,0
1743861282187,Google Pixel 7a,TFLite,efficientnet_lite0,red_wine.JPEG,wine bottle,49,00,29,0,0,2
1743861282187,Google Pixel 7a,TFLite,efficientnet_lite0_int8,red_wine.JPEG,minibus,78,43,12,349,0,0
1743861282187,Google Pixel 7a,PyTorch,mobilenet_v2,red_wine.JPEG,red wine,13,21,174,2604,0,1
1743861282618,Google Pixel 7a,TFLite,efficientnet_lite0,red_wolf.JPEG,red wolf,91,44,29,2604,0,1
1743861282618,Google Pixel 7a,TFLite,efficientnet_lite0_int8,red_wolf.JPEG,tabby,66,27,11,349,0,0
1743861282618,Google Pixel 7a,PyTorch,mobilenet_v2,red_wolf.JPEG,red wolf,51,51,171,2636,0,1
1743861282988,Google Pixel 7a,TFLite,efficientnet_lite0,redbone.JPEG,redbone,32,29,30,2636,0,1
1743861282988,Google Pixel 7a,TFLite,efficientnet_lite0_int8,redbone.JPEG,bloodhound,79,61,11,349,0,0
1743861282988,Google Pixel 7a,PyTorch,mobilenet_v2,redbone.JPEG,Rhodesian ridgeback,22,14,111,1432,0,2
1743861283461,Google Pixel 7a,TFLite,efficientnet_lite0,redshank.JPEG,redshank,73,71,29,2604,0,1
1743861283461,Google Pixel 7a,TFLite,efficientnet_lite0_int8,redshank.JPEG,albatross,54,90,11,349,0,0
1743861283461,Google Pixel 7a,PyTorch,mobilenet_v2,redshank.JPEG,redshank,54,70,205,3104,0,1
1743861283882,Google Pixel 7a,TFLite,efficientnet_lite0,reel.JPEG,reel,88,24,48,0,0,0
1743861283882,Google Pixel 7a,TFLite,efficientnet_lite0_int8,reel.JPEG,revolver,51,76,10,381,0,0
1743861283882,Google Pixel 7a,PyTorch,mobilenet_v2,reel.JPEG,reel,35,38,136,1880,0,0
1743861284340,Google Pixel 7a,TFLite,efficientnet_lite0,reflex_camera.JPEG,reflex camera,92,92,30,2636,0,1
1743861284340,Google Pixel 7a,TFLite,efficientnet_lite0_int8,reflex_camera.JPEG,pool table,51,76,11,349,0,0
1743861284340,Google Pixel 7a,PyTorch,mobilenet_v2,reflex_camera.JPEG,reflex camera,76,68,191,2920,0,1
1743861284819,Google Pixel 7a,TFLite,efficientnet_lite0,refrigerator.JPEG,refrigerator,49,03,29,2636,0,1
1743861284819,Google Pixel 7a,TFLite,efficientnet_lite0_int8,refrigerator.JPEG,dome,74,51,13,349,0,0
1743861284819,Google Pixel 7a,PyTorch,mobilenet_v2,refrigerator.JPEG,refrigerator,33,24,194,2968,0,1
1743861285251,Google Pixel 7a,TFLite,efficientnet_lite0,remote_control.JPEG,modem,22,06,28,2572,0,4
1743861285251,Google Pixel 7a,TFLite,efficientnet_lite0_int8,remote_control.JPEG,dishwasher,75,29,12,413,0,0
1743861285251,Google Pixel 7a,PyTorch,mobilenet_v2,remote_control.JPEG,switch,18,50,154,2616,0,3
1743861285679,Google Pixel 7a,TFLite,efficientnet_lite0,restaurant.JPEG,restaurant,69,15,30,0,0,0
1743861285679,Google Pixel 7a,TFLite,efficientnet_lite0_int8,restaurant.JPEG,Band Aid,50,98,11,445,0,0
1743861285679,Google Pixel 7a,PyTorch,mobilenet_v2,restaurant.JPEG,restaurant,36,03,157,2764,0,0
1743861285998,Google Pixel 7a,TFLite,efficientnet_lite0,revolver.JPEG,revolver,80,17,29,2636,0,1
1743861285998,Google Pixel 7a,TFLite,efficientnet_lite0_int8,revolver.JPEG,hoopskirt,60,78,11,349,0,0
1743861285998,Google Pixel 7a,PyTorch,mobilenet_v2,revolver.JPEG,violin,28,99,69,712,0,3
1743861286432,Google Pixel 7a,TFLite,efficientnet_lite0,rhinoceros_beetle.JPEG,rhinoceros beetle,88,01,28,2572,0,1
1743861286432,Google Pixel 7a,TFLite,efficientnet_lite0_int8,rhinoceros_beetle.JPEG,bee,69,80,11,349,0,2
1743861286432,Google Pixel 7a,PyTorch,mobilenet_v2,rhinoceros_beetle.JPEG,rhinoceros beetle,84,90,173,2604,0,1
1743861286918,Google Pixel 7a,TFLite,efficientnet_lite0,rifle.JPEG,revolver,43,84,29,2604,0,4
1743861286918,Google Pixel 7a,TFLite,efficientnet_lite0_int8,rifle.JPEG,rugby ball,82,35,12,381,0,0
1743861286918,Google Pixel 7a,PyTorch,mobilenet_v2,rifle.JPEG,lighter,3,83,208,3084,0,0
1743861287374,Google Pixel 7a,TFLite,efficientnet_lite0,ringlet.JPEG,ringlet,76,69,28,0,0,1
1743861287374,Google Pixel 7a,TFLite,efficientnet_lite0_int8,ringlet.JPEG,sulphur butterfly,56,47,13,381,0,0
1743861287374,Google Pixel 7a,PyTorch,mobilenet_v2,ringlet.JPEG,ringlet,80,51,184,2936,0,1
1743861287804,Google Pixel 7a,TFLite,efficientnet_lite0,ringneck_snake.JPEG,ringneck snake,93,03,29,2636,0,1
1743861287805,Google Pixel 7a,TFLite,efficientnet_lite0_int8,ringneck_snake.JPEG,king snake,50,59,11,349,0,0
1743861287805,Google Pixel 7a,PyTorch,mobilenet_v2,ringneck_snake.JPEG,ringneck snake,71,00,168,2632,0,1
1743861288258,Google Pixel 7a,TFLite,efficientnet_lite0,robin.JPEG,robin,97,57,29,2636,0,1
1743861288258,Google Pixel 7a,TFLite,efficientnet_lite0_int8,robin.JPEG,tench,50,20,11,349,0,0
1743861288258,Google Pixel 7a,PyTorch,mobilenet_v2,robin.JPEG,robin,71,97,188,2968,0,1
1743861288638,Google Pixel 7a,TFLite,efficientnet_lite0,rock_beauty.JPEG,rock beauty,72,90,44,2604,0,1
1743861288638,Google Pixel 7a,TFLite,efficientnet_lite0_int8,rock_beauty.JPEG,accordion,58,43,11,349,0,0
1743861288638,Google Pixel 7a,PyTorch,mobilenet_v2,rock_beauty.JPEG,rock beauty,87,82,98,1352,0,1
1743861289099,Google Pixel 7a,TFLite,efficientnet_lite0,rock_crab.JPEG,rock crab,62,34,29,0,0,1
1743861289099,Google Pixel 7a,TFLite,efficientnet_lite0_int8,rock_crab.JPEG,spiny lobster,83,14,11,381,0,0
1743861289100,Google Pixel 7a,PyTorch,mobilenet_v2,rock_crab.JPEG,bullfrog,9,95,196,2936,0,2
1743861289540,Google Pixel 7a,TFLite,efficientnet_lite0,rock_python.JPEG,rock python,22,47,29,2636,0,1
1743861289540,Google Pixel 7a,TFLite,efficientnet_lite0_int8,rock_python.JPEG,horned viper,62,75,11,349,0,0
1743861289540,Google Pixel 7a,PyTorch,mobilenet_v2,rock_python.JPEG,rock python,54,60,172,2636,0,1
1743861290040,Google Pixel 7a,TFLite,efficientnet_lite0,rocking_chair.JPEG,rocking chair,96,77,29,2604,0,1
1743861290040,Google Pixel 7a,TFLite,efficientnet_lite0_int8,rocking_chair.JPEG,tench,50,20,10,349,0,0
1743861290040,Google Pixel 7a,PyTorch,mobilenet_v2,rocking_chair.JPEG,rocking chair,73,55,231,3544,0,1
1743861290480,Google Pixel 7a,TFLite,efficientnet_lite0,rotisserie.JPEG,rotisserie,68,97,27,2572,0,1
1743861290480,Google Pixel 7a,TFLite,efficientnet_lite0_int8,rotisserie.JPEG,miniskirt,70,59,11,381,0,0
1743861290480,Google Pixel 7a,PyTorch,mobilenet_v2,rotisserie.JPEG,rotisserie,27,20,179,2936,0,1
1743861290914,Google Pixel 7a,TFLite,efficientnet_lite0,rubber_eraser.JPEG,slide rule,45,56,31,0,0,5
1743861290914,Google Pixel 7a,TFLite,efficientnet_lite0_int8,rubber_eraser.JPEG,snowmobile,81,57,11,381,0,0
1743861290914,Google Pixel 7a,PyTorch,mobilenet_v2,rubber_eraser.JPEG,rubber eraser,15,86,171,2604,0,1
1743861291346,Google Pixel 7a,TFLite,efficientnet_lite0,ruddy_turnstone.JPEG,ruddy turnstone,96,95,29,2604,0,1
1743861291346,Google Pixel 7a,TFLite,efficientnet_lite0_int8,ruddy_turnstone.JPEG,tench,50,20,10,381,0,0
1743861291346,Google Pixel 7a,PyTorch,mobilenet_v2,ruddy_turnstone.JPEG,ruddy turnstone,47,92,170,2604,0,1
1743861291776,Google Pixel 7a,TFLite,efficientnet_lite0,ruffed_grouse.JPEG,ruffed grouse,86,49,28,2636,0,1
1743861291777,Google Pixel 7a,TFLite,efficientnet_lite0_int8,ruffed_grouse.JPEG,African grey,56,86,10,349,0,0
1743861291777,Google Pixel 7a,PyTorch,mobilenet_v2,ruffed_grouse.JPEG,ruffed grouse,21,66,173,2632,0,1
1743861292488,Google Pixel 7a,TFLite,efficientnet_lite0,rugby_ball.JPEG,rugby ball,40,66,28,2604,0,1
1743861292488,Google Pixel 7a,TFLite,efficientnet_lite0_int8,rugby_ball.JPEG,safety pin,95,69,10,349,0,0
1743861292489,Google Pixel 7a,PyTorch,mobilenet_v2,rugby_ball.JPEG,rugby ball,46,81,419,0,0,1
1743861292912,Google Pixel 7a,TFLite,efficientnet_lite0,rule.JPEG,rule,94,65,29,2604,0,1
1743861292912,Google Pixel 7a,TFLite,efficientnet_lite0_int8,rule.JPEG,snowmobile,50,59,11,349,0,0
1743861292912,Google Pixel 7a,PyTorch,mobilenet_v2,rule.JPEG,rule,96,04,164,2604,0,1
1743861293379,Google Pixel 7a,TFLite,efficientnet_lite0,running_shoe.JPEG,running shoe,97,67,29,2604,0,1
1743861293379,Google Pixel 7a,TFLite,efficientnet_lite0_int8,running_shoe.JPEG,scale,52,16,10,381,0,0
1743861293379,Google Pixel 7a,PyTorch,mobilenet_v2,running_shoe.JPEG,running shoe,85,73,203,3052,0,1
1743861293673,Google Pixel 7a,TFLite,efficientnet_lite0,safe.JPEG,safe,90,71,29,2604,0,1
1743861293673,Google Pixel 7a,TFLite,efficientnet_lite0_int8,safe.JPEG,bobsled,52,16,12,349,0,0
1743861293673,Google Pixel 7a,PyTorch,mobilenet_v2,safe.JPEG,gas pump,30,49,50,236,0,0
1743861294124,Google Pixel 7a,TFLite,efficientnet_lite0,safety_pin.JPEG,safety pin,99,82,29,2636,0,0
1743861294124,Google Pixel 7a,TFLite,efficientnet_lite0_int8,safety_pin.JPEG,lifeboat,50,59,10,349,0,0
1743861294124,Google Pixel 7a,PyTorch,mobilenet_v2,safety_pin.JPEG,safety pin,90,13,186,2936,0,0
1743861294560,Google Pixel 7a,TFLite,efficientnet_lite0,saltshaker.JPEG,soap dispenser,8,08,29,2572,0,2
1743861294560,Google Pixel 7a,TFLite,efficientnet_lite0_int8,saltshaker.JPEG,Unknown,57,65,13,381,0,0
1743861294560,Google Pixel 7a,PyTorch,mobilenet_v2,saltshaker.JPEG,saltshaker,11,66,160,2604,0,1
1743861295007,Google Pixel 7a,TFLite,efficientnet_lite0,sandal.JPEG,sandal,28,19,30,0,0,1
1743861295007,Google Pixel 7a,TFLite,efficientnet_lite0_int8,sandal.JPEG,scale,68,24,10,381,0,0
1743861295007,Google Pixel 7a,PyTorch,mobilenet_v2,sandal.JPEG,purse,2,86,176,2732,0,0
1743861295453,Google Pixel 7a,TFLite,efficientnet_lite0,sandbar.JPEG,sandbar,70,48,29,2572,0,1
1743861295453,Google Pixel 7a,TFLite,efficientnet_lite0_int8,sandbar.JPEG,groom,76,47,10,349,0,0
1743861295453,Google Pixel 7a,PyTorch,mobilenet_v2,sandbar.JPEG,sandbar,59,17,185,2936,0,1
1743861295848,Google Pixel 7a,TFLite,efficientnet_lite0,sarong.JPEG,sarong,40,23,28,2604,0,1
1743861295848,Google Pixel 7a,TFLite,efficientnet_lite0_int8,sarong.JPEG,school bus,72,55,11,381,0,0
1743861295848,Google Pixel 7a,PyTorch,mobilenet_v2,sarong.JPEG,gown,33,64,140,2028,0,2
1743861296298,Google Pixel 7a,TFLite,efficientnet_lite0,sax.JPEG,sax,88,96,28,2636,0,1
1743861296298,Google Pixel 7a,TFLite,efficientnet_lite0_int8,sax.JPEG,grocery store,50,98,11,349,0,0
1743861296298,Google Pixel 7a,PyTorch,mobilenet_v2,sax.JPEG,sax,9,67,187,3160,0,1
1743861296854,Google Pixel 7a,TFLite,efficientnet_lite0,scabbard.JPEG,scabbard,97,16,28,0,0,0
1743861296854,Google Pixel 7a,TFLite,efficientnet_lite0_int8,scabbard.JPEG,limousine,54,12,11,381,0,0
1743861296854,Google Pixel 7a,PyTorch,mobilenet_v2,scabbard.JPEG,scabbard,84,02,276,3672,0,0
1743861297308,Google Pixel 7a,TFLite,efficientnet_lite0,scale.JPEG,scale,94,00,45,2668,0,1
1743861297308,Google Pixel 7a,TFLite,efficientnet_lite0_int8,scale.JPEG,stretcher,58,43,11,349,0,0
1743861297308,Google Pixel 7a,PyTorch,mobilenet_v2,scale.JPEG,scale,99,16,166,2636,0,1
1743861297776,Google Pixel 7a,TFLite,efficientnet_lite0,schipperke.JPEG,schipperke,93,88,28,2572,0,1
1743861297776,Google Pixel 7a,TFLite,efficientnet_lite0_int8,schipperke.JPEG,EntleBucher,52,94,10,349,0,0
1743861297776,Google Pixel 7a,PyTorch,mobilenet_v2,schipperke.JPEG,schipperke,40,95,194,2936,0,1
1743861298243,Google Pixel 7a,TFLite,efficientnet_lite0,school_bus.JPEG,school bus,51,57,29,2604,0,1
1743861298243,Google Pixel 7a,TFLite,efficientnet_lite0_int8,school_bus.JPEG,screw,97,25,11,349,0,0
1743861298243,Google Pixel 7a,PyTorch,mobilenet_v2,school_bus.JPEG,school bus,74,16,182,2616,0,1
1743861298720,Google Pixel 7a,TFLite,efficientnet_lite0,schooner.JPEG,dock,58,33,30,2636,0,4
1743861298720,Google Pixel 7a,TFLite,efficientnet_lite0_int8,schooner.JPEG,drilling platform,78,82,11,381,0,0
1743861298720,Google Pixel 7a,PyTorch,mobilenet_v2,schooner.JPEG,dock,39,12,178,2604,0,3
1743861299427,Google Pixel 7a,TFLite,efficientnet_lite0,scoreboard.JPEG,scoreboard,95,62,44,2636,0,1
1743861299427,Google Pixel 7a,TFLite,efficientnet_lite0_int8,scoreboard.JPEG,soap dispenser,50,59,10,349,0,0
1743861299427,Google Pixel 7a,PyTorch,mobilenet_v2,scoreboard.JPEG,scoreboard,83,19,399,6384,0,1
1743861299904,Google Pixel 7a,TFLite,efficientnet_lite0,scorpion.JPEG,scorpion,98,55,32,2572,0,1
1743861299904,Google Pixel 7a,TFLite,efficientnet_lite0_int8,scorpion.JPEG,isopod,50,59,13,381,0,0
1743861299904,Google Pixel 7a,PyTorch,mobilenet_v2,scorpion.JPEG,scorpion,66,70,176,2604,0,1
1743861300340,Google Pixel 7a,TFLite,efficientnet_lite0,screen.JPEG,television,50,16,29,0,0,0
1743861300340,Google Pixel 7a,TFLite,efficientnet_lite0_int8,screen.JPEG,thimble,74,90,11,381,0,0
1743861300340,Google Pixel 7a,PyTorch,mobilenet_v2,screen.JPEG,television,38,80,169,2544,0,0
1743861300751,Google Pixel 7a,TFLite,efficientnet_lite0,screw.JPEG,screw,94,30,29,2604,0,0
1743861300751,Google Pixel 7a,TFLite,efficientnet_lite0_int8,screw.JPEG,notebook,50,59,11,349,0,0
1743861300751,Google Pixel 7a,PyTorch,mobilenet_v2,screw.JPEG,screw,99,47,148,2288,0,0
1743861301220,Google Pixel 7a,TFLite,efficientnet_lite0,screwdriver.JPEG,screwdriver,90,78,30,2636,0,0
1743861301221,Google Pixel 7a,TFLite,efficientnet_lite0_int8,screwdriver.JPEG,projectile,52,55,13,349,0,0
1743861301221,Google Pixel 7a,PyTorch,mobilenet_v2,screwdriver.JPEG,screwdriver,61,18,193,2968,0,0
1743861301674,Google Pixel 7a,TFLite,efficientnet_lite0,scuba_diver.JPEG,scuba diver,69,15,29,2572,0,1
1743861301674,Google Pixel 7a,TFLite,efficientnet_lite0_int8,scuba_diver.JPEG,golf ball,89,41,12,349,0,0
1743861301674,Google Pixel 7a,PyTorch,mobilenet_v2,scuba_diver.JPEG,scuba diver,74,48,179,2936,0,1
1743861302130,Google Pixel 7a,TFLite,efficientnet_lite0,sea_anemone.JPEG,sea anemone,96,27,30,0,0,1
1743861302130,Google Pixel 7a,TFLite,efficientnet_lite0_int8,sea_anemone.JPEG,Angora,53,73,12,381,0,0
1743861302130,Google Pixel 7a,PyTorch,mobilenet_v2,sea_anemone.JPEG,sea anemone,75,85,178,2880,0,1
1743861302614,Google Pixel 7a,TFLite,efficientnet_lite0,sea_cucumber.JPEG,sea cucumber,98,11,29,2636,0,1
1743861302615,Google Pixel 7a,TFLite,efficientnet_lite0_int8,sea_cucumber.JPEG,slug,51,76,13,349,0,0
1743861302615,Google Pixel 7a,PyTorch,mobilenet_v2,sea_cucumber.JPEG,sea cucumber,83,02,198,2912,0,1
1743861303092,Google Pixel 7a,TFLite,efficientnet_lite0,sea_lion.JPEG,sea lion,98,37,30,2604,0,1
1743861303092,Google Pixel 7a,TFLite,efficientnet_lite0_int8,sea_lion.JPEG,tench,50,20,11,349,0,0
1743861303092,Google Pixel 7a,PyTorch,mobilenet_v2,sea_lion.JPEG,sea lion,49,00,197,2936,0,1
1743861303544,Google Pixel 7a,TFLite,efficientnet_lite0,sea_slug.JPEG,sea slug,57,92,29,2604,0,0
1743861303544,Google Pixel 7a,TFLite,efficientnet_lite0_int8,sea_slug.JPEG,stinkhorn,58,82,12,349,0,0
1743861303544,Google Pixel 7a,PyTorch,mobilenet_v2,sea_slug.JPEG,sea slug,26,98,174,3000,0,0
1743861304007,Google Pixel 7a,TFLite,efficientnet_lite0,sea_snake.JPEG,slug,23,62,36,0,0,3
1743861304007,Google Pixel 7a,TFLite,efficientnet_lite0_int8,sea_snake.JPEG,Dungeness crab,72,94,12,349,0,0
1743861304007,Google Pixel 7a,PyTorch,mobilenet_v2,sea_snake.JPEG,eel,18,78,179,2800,0,4
1743861304548,Google Pixel 7a,TFLite,efficientnet_lite0,sea_urchin.JPEG,sea urchin,50,85,30,2572,0,1
1743861304548,Google Pixel 7a,TFLite,efficientnet_lite0_int8,sea_urchin.JPEG,Angora,88,24,11,381,0,0
1743861304548,Google Pixel 7a,PyTorch,mobilenet_v2,sea_urchin.JPEG,coil,52,77,253,4224,0,4
1743861304982,Google Pixel 7a,TFLite,efficientnet_lite0,seashore.JPEG,seashore,37,59,33,2636,0,1
1743861304982,Google Pixel 7a,TFLite,efficientnet_lite0_int8,seashore.JPEG,groom,86,67,12,349,0,0
1743861304982,Google Pixel 7a,PyTorch,mobilenet_v2,seashore.JPEG,lakeside,20,16,157,2648,0,3
1743861305429,Google Pixel 7a,TFLite,efficientnet_lite0,seat_belt.JPEG,seat belt,41,65,29,2572,0,1
1743861305429,Google Pixel 7a,TFLite,efficientnet_lite0_int8,seat_belt.JPEG,shoji,67,06,12,349,0,0
1743861305429,Google Pixel 7a,PyTorch,mobilenet_v2,seat_belt.JPEG,seat belt,15,40,181,0,0,1
1743861306050,Google Pixel 7a,TFLite,efficientnet_lite0,sewing_machine.JPEG,sewing machine,98,93,29,2604,0,1
1743861306050,Google Pixel 7a,TFLite,efficientnet_lite0_int8,sewing_machine.JPEG,crane,50,59,11,349,0,0
1743861306051,Google Pixel 7a,PyTorch,mobilenet_v2,sewing_machine.JPEG,sewing machine,9,04,332,5472,0,1
1743861306507,Google Pixel 7a,TFLite,efficientnet_lite0,shield.JPEG,shield,99,85,30,2604,0,1
1743861306507,Google Pixel 7a,TFLite,efficientnet_lite0_int8,shield.JPEG,tench,50,20,11,349,0,0
1743861306507,Google Pixel 7a,PyTorch,mobilenet_v2,shield.JPEG,shield,91,70,184,2936,0,1
1743861306975,Google Pixel 7a,TFLite,efficientnet_lite0,shoe_shop.JPEG,bakery,13,06,29,2604,0,0
1743861306975,Google Pixel 7a,TFLite,efficientnet_lite0_int8,shoe_shop.JPEG,dumbbell,60,00,11,349,0,0
1743861306975,Google Pixel 7a,PyTorch,mobilenet_v2,shoe_shop.JPEG,bakery,9,91,191,2968,0,0
1743861307434,Google Pixel 7a,TFLite,efficientnet_lite0,shoji.JPEG,shoji,98,19,29,0,0,1
1743861307434,Google Pixel 7a,TFLite,efficientnet_lite0_int8,shoji.JPEG,snowplow,50,59,11,381,0,0
1743861307435,Google Pixel 7a,PyTorch,mobilenet_v2,shoji.JPEG,shoji,71,89,189,2936,0,1
1743861307747,Google Pixel 7a,TFLite,efficientnet_lite0,shopping_basket.JPEG,shopping basket,66,53,28,2636,0,1
1743861307747,Google Pixel 7a,TFLite,efficientnet_lite0_int8,shopping_basket.JPEG,ski,53,73,11,349,0,0
1743861307747,Google Pixel 7a,PyTorch,mobilenet_v2,shopping_basket.JPEG,shopping basket,83,16,69,768,0,1
1743861308236,Google Pixel 7a,TFLite,efficientnet_lite0,shopping_cart.JPEG,shopping cart,99,52,28,2604,0,1
1743861308236,Google Pixel 7a,TFLite,efficientnet_lite0_int8,shopping_cart.JPEG,tench,50,20,11,349,0,0
1743861308236,Google Pixel 7a,PyTorch,mobilenet_v2,shopping_cart.JPEG,racket,9,63,221,3744,0,2
1743861308687,Google Pixel 7a,TFLite,efficientnet_lite0,shovel.JPEG,shovel,21,68,29,2572,0,1
1743861308687,Google Pixel 7a,TFLite,efficientnet_lite0_int8,shovel.JPEG,desktop computer,65,10,11,381,0,0
1743861308687,Google Pixel 7a,PyTorch,mobilenet_v2,shovel.JPEG,shovel,80,23,184,2936,0,1
1743861309156,Google Pixel 7a,TFLite,efficientnet_lite0,shower_cap.JPEG,shower cap,76,26,33,0,0,1
1743861309156,Google Pixel 7a,TFLite,efficientnet_lite0_int8,shower_cap.JPEG,flatworm,67,06,11,381,0,0
1743861309156,Google Pixel 7a,PyTorch,mobilenet_v2,shower_cap.JPEG,plastic bag,32,00,198,2936,0,2
1743861309580,Google Pixel 7a,TFLite,efficientnet_lite0,shower_curtain.JPEG,shower curtain,90,82,29,2604,0,1
1743861309580,Google Pixel 7a,TFLite,efficientnet_lite0_int8,shower_curtain.JPEG,Unknown,54,51,11,349,0,0
1743861309580,Google Pixel 7a,PyTorch,mobilenet_v2,shower_curtain.JPEG,shower curtain,22,94,163,2648,0,1
1743861309996,Google Pixel 7a,TFLite,efficientnet_lite0,siamang.JPEG,siamang,98,37,28,2604,0,1
1743861309996,Google Pixel 7a,TFLite,efficientnet_lite0_int8,siamang.JPEG,baboon,52,94,10,349,0,0
1743861309996,Google Pixel 7a,PyTorch,mobilenet_v2,siamang.JPEG,siamang,85,56,156,2620,0,1
1743861310285,Google Pixel 7a,TFLite,efficientnet_lite0,sidewinder.JPEG,sidewinder,37,27,28,2572,0,1
1743861310285,Google Pixel 7a,TFLite,efficientnet_lite0_int8,sidewinder.JPEG,black and gold garden spider,89,41,11,381,0,0
1743861310285,Google Pixel 7a,PyTorch,mobilenet_v2,sidewinder.JPEG,diamondback,71,07,51,328,0,3
1743861310730,Google Pixel 7a,TFLite,efficientnet_lite0,silky_terrier.JPEG,silky terrier,90,06,28,2636,0,1
1743861310730,Google Pixel 7a,TFLite,efficientnet_lite0_int8,silky_terrier.JPEG,Lhasa,52,55,10,349,0,0
1743861310730,Google Pixel 7a,PyTorch,mobilenet_v2,silky_terrier.JPEG,silky terrier,62,04,186,0,0,1
1743861311182,Google Pixel 7a,TFLite,efficientnet_lite0,ski.JPEG,ski,89,11,28,2636,0,0
1743861311182,Google Pixel 7a,TFLite,efficientnet_lite0_int8,ski.JPEG,quilt,51,76,10,349,0,0
1743861311183,Google Pixel 7a,PyTorch,mobilenet_v2,ski.JPEG,ski,41,78,187,3112,0,0
1743861311668,Google Pixel 7a,TFLite,efficientnet_lite0,ski_mask.JPEG,wool,28,12,29,2572,0,0
1743861311668,Google Pixel 7a,TFLite,efficientnet_lite0_int8,ski_mask.JPEG,slot,90,59,12,349,0,0
1743861311668,Google Pixel 7a,PyTorch,mobilenet_v2,ski_mask.JPEG,mitten,21,76,212,2968,0,0
1743861312124,Google Pixel 7a,TFLite,efficientnet_lite0,skunk.JPEG,skunk,21,73,43,2604,0,1
1743861312124,Google Pixel 7a,TFLite,efficientnet_lite0_int8,skunk.JPEG,meerkat,76,08,11,349,0,5
1743861312124,Google Pixel 7a,PyTorch,mobilenet_v2,skunk.JPEG,skunk,38,15,175,2600,0,1
1743861312599,Google Pixel 7a,TFLite,efficientnet_lite0,sleeping_bag.JPEG,sleeping bag,85,55,29,0,0,1
1743861312599,Google Pixel 7a,TFLite,efficientnet_lite0_int8,sleeping_bag.JPEG,muzzle,55,29,12,381,0,0
1743861312599,Google Pixel 7a,PyTorch,mobilenet_v2,sleeping_bag.JPEG,sleeping bag,73,81,200,2936,0,1
1743861312922,Google Pixel 7a,TFLite,efficientnet_lite0,slide_rule.JPEG,slide rule,96,82,28,2636,0,2
1743861312922,Google Pixel 7a,TFLite,efficientnet_lite0_int8,slide_rule.JPEG,saltshaker,50,59,12,349,0,0
1743861312922,Google Pixel 7a,PyTorch,mobilenet_v2,slide_rule.JPEG,slide rule,99,99,74,808,0,2
1743861313365,Google Pixel 7a,TFLite,efficientnet_lite0,sliding_door.JPEG,sliding door,37,57,28,2604,0,1
1743861313365,Google Pixel 7a,TFLite,efficientnet_lite0_int8,sliding_door.JPEG,pencil sharpener,64,71,11,349,0,0
1743861313365,Google Pixel 7a,PyTorch,mobilenet_v2,sliding_door.JPEG,sliding door,12,79,182,2936,0,1
1743861313811,Google Pixel 7a,TFLite,efficientnet_lite0,slot.JPEG,slot,70,86,29,2572,0,0
1743861313811,Google Pixel 7a,TFLite,efficientnet_lite0_int8,slot.JPEG,seat belt,74,12,11,349,0,0
1743861313811,Google Pixel 7a,PyTorch,mobilenet_v2,slot.JPEG,slot,88,65,180,2972,0,0
1743861314343,Google Pixel 7a,TFLite,efficientnet_lite0,sloth_bear.JPEG,sloth bear,96,98,45,0,0,1
1743861314343,Google Pixel 7a,TFLite,efficientnet_lite0_int8,sloth_bear.JPEG,macaque,52,55,11,381,0,0
1743861314343,Google Pixel 7a,PyTorch,mobilenet_v2,sloth_bear.JPEG,sloth bear,90,94,240,3708,0,1
1743861314804,Google Pixel 7a,TFLite,efficientnet_lite0,slug.JPEG,slug,96,90,29,2636,0,1
1743861314805,Google Pixel 7a,TFLite,efficientnet_lite0_int8,slug.JPEG,chambered nautilus,50,59,11,349,0,0
1743861314805,Google Pixel 7a,PyTorch,mobilenet_v2,slug.JPEG,slug,88,01,193,3084,0,1
1743861315313,Google Pixel 7a,TFLite,efficientnet_lite0,snail.JPEG,snail,70,00,29,2604,0,1
1743861315313,Google Pixel 7a,TFLite,efficientnet_lite0_int8,snail.JPEG,chiton,50,98,11,349,0,0
1743861315313,Google Pixel 7a,PyTorch,mobilenet_v2,snail.JPEG,snail,45,06,223,3660,0,1
1743861315795,Google Pixel 7a,TFLite,efficientnet_lite0,snorkel.JPEG,snorkel,46,35,28,2604,0,1
1743861315795,Google Pixel 7a,TFLite,efficientnet_lite0_int8,snorkel.JPEG,golf ball,77,25,12,349,0,0
1743861315795,Google Pixel 7a,PyTorch,mobilenet_v2,snorkel.JPEG,gasmask,8,97,208,0,0,2
1743861316269,Google Pixel 7a,TFLite,efficientnet_lite0,snow_leopard.JPEG,snow leopard,81,97,44,2604,0,2
1743861316269,Google Pixel 7a,TFLite,efficientnet_lite0_int8,snow_leopard.JPEG,tiger,57,65,12,349,0,0
1743861316269,Google Pixel 7a,PyTorch,mobilenet_v2,snow_leopard.JPEG,snow leopard,42,79,180,2700,0,2
1743861316734,Google Pixel 7a,TFLite,efficientnet_lite0,snowmobile.JPEG,snowmobile,96,55,29,2636,0,1
1743861316734,Google Pixel 7a,TFLite,efficientnet_lite0_int8,snowmobile.JPEG,bookshop,50,98,12,349,0,0
1743861316734,Google Pixel 7a,PyTorch,mobilenet_v2,snowmobile.JPEG,snowmobile,72,63,184,2968,0,1
1743861317231,Google Pixel 7a,TFLite,efficientnet_lite0,snowplow.JPEG,snowplow,95,30,29,2572,0,0
1743861317231,Google Pixel 7a,TFLite,efficientnet_lite0_int8,snowplow.JPEG,tench,50,20,11,349,0,0
1743861317231,Google Pixel 7a,PyTorch,mobilenet_v2,snowplow.JPEG,snowplow,73,56,223,3756,0,0
1743861317516,Google Pixel 7a,TFLite,efficientnet_lite0,soap_dispenser.JPEG,soap dispenser,87,85,29,2604,0,1
1743861317517,Google Pixel 7a,TFLite,efficientnet_lite0_int8,soap_dispenser.JPEG,water tower,60,00,12,0,0,0
1743861317517,Google Pixel 7a,PyTorch,mobilenet_v2,soap_dispenser.JPEG,soap dispenser,95,01,41,240,0,1
1743861318062,Google Pixel 7a,TFLite,efficientnet_lite0,soccer_ball.JPEG,soccer ball,89,30,29,2636,0,1
1743861318062,Google Pixel 7a,TFLite,efficientnet_lite0_int8,soccer_ball.JPEG,Saint Bernard,54,12,15,349,0,0
1743861318062,Google Pixel 7a,PyTorch,mobilenet_v2,soccer_ball.JPEG,soccer ball,65,99,245,3944,0,1
1743861318502,Google Pixel 7a,TFLite,efficientnet_lite0,sock.JPEG,sock,99,26,28,2604,0,1
1743861318502,Google Pixel 7a,TFLite,efficientnet_lite0_int8,sock.JPEG,tench,50,20,10,349,0,0
1743861318503,Google Pixel 7a,PyTorch,mobilenet_v2,sock.JPEG,sock,71,20,181,2936,0,1
1743861319058,Google Pixel 7a,TFLite,efficientnet_lite0,soft-coated_wheaten_terrier.JPEG,soft-coated wheaten terrier,78,40,28,2572,0,0
1743861319058,Google Pixel 7a,TFLite,efficientnet_lite0_int8,soft-coated_wheaten_terrier.JPEG,Australian terrier,53,33,11,381,0,0
1743861319058,Google Pixel 7a,PyTorch,mobilenet_v2,soft-coated_wheaten_terrier.JPEG,soft-coated wheaten terrier,28,78,276,4808,0,0
1743861319492,Google Pixel 7a,TFLite,efficientnet_lite0,solar_dish.JPEG,solar dish,42,08,28,0,0,1
1743861319492,Google Pixel 7a,TFLite,efficientnet_lite0_int8,solar_dish.JPEG,space heater,79,22,11,413,0,0
1743861319492,Google Pixel 7a,PyTorch,mobilenet_v2,solar_dish.JPEG,solar dish,10,14,166,2604,0,1
1743861319947,Google Pixel 7a,TFLite,efficientnet_lite0,sombrero.JPEG,cowboy hat,91,58,29,2636,0,2
1743861319947,Google Pixel 7a,TFLite,efficientnet_lite0_int8,sombrero.JPEG,space shuttle,56,08,12,349,0,0
1743861319947,Google Pixel 7a,PyTorch,mobilenet_v2,sombrero.JPEG,cowboy hat,45,78,188,2936,0,2
1743861320394,Google Pixel 7a,TFLite,efficientnet_lite0,sorrel.JPEG,sorrel,73,49,29,2604,0,1
1743861320395,Google Pixel 7a,TFLite,efficientnet_lite0_int8,sorrel.JPEG,hartebeest,61,57,11,349,0,0
1743861320395,Google Pixel 7a,PyTorch,mobilenet_v2,sorrel.JPEG,sorrel,52,36,175,2936,0,1
1743861320846,Google Pixel 7a,TFLite,efficientnet_lite0,soup_bowl.JPEG,soup bowl,72,80,29,2572,0,0
1743861320846,Google Pixel 7a,TFLite,efficientnet_lite0_int8,soup_bowl.JPEG,ice lolly,56,47,11,381,0,0
1743861320846,Google Pixel 7a,PyTorch,mobilenet_v2,soup_bowl.JPEG,soup bowl,24,57,185,2936,0,0
1743861321250,Google Pixel 7a,TFLite,efficientnet_lite0,space_bar.JPEG,space bar,81,66,30,0,0,1
1743861321250,Google Pixel 7a,TFLite,efficientnet_lite0_int8,space_bar.JPEG,vacuum,84,31,12,349,0,0
1743861321250,Google Pixel 7a,PyTorch,mobilenet_v2,space_bar.JPEG,space bar,62,39,131,2008,0,1
1743861321628,Google Pixel 7a,TFLite,efficientnet_lite0,space_heater.JPEG,space heater,30,38,29,2636,0,1
1743861321629,Google Pixel 7a,TFLite,efficientnet_lite0_int8,space_heater.JPEG,tank,62,75,13,349,0,0
1743861321629,Google Pixel 7a,PyTorch,mobilenet_v2,space_heater.JPEG,space heater,45,95,110,1440,0,1
1743861322064,Google Pixel 7a,TFLite,efficientnet_lite0,space_shuttle.JPEG,space shuttle,76,17,28,2604,0,1
1743861322064,Google Pixel 7a,TFLite,efficientnet_lite0_int8,space_shuttle.JPEG,spindle,91,37,11,349,0,0
1743861322064,Google Pixel 7a,PyTorch,mobilenet_v2,space_shuttle.JPEG,space shuttle,54,31,176,2604,0,1
1743861322390,Google Pixel 7a,TFLite,efficientnet_lite0,spaghetti_squash.JPEG,spaghetti squash,94,25,44,2572,0,1
1743861322390,Google Pixel 7a,TFLite,efficientnet_lite0_int8,spaghetti_squash.JPEG,racer,56,08,11,349,0,0
1743861322390,Google Pixel 7a,PyTorch,mobilenet_v2,spaghetti_squash.JPEG,spaghetti squash,99,75,57,444,0,1
1743861322841,Google Pixel 7a,TFLite,efficientnet_lite0,spatula.JPEG,soup bowl,63,09,28,2636,0,0
1743861322841,Google Pixel 7a,TFLite,efficientnet_lite0_int8,spatula.JPEG,yawl,69,80,11,349,0,0
1743861322841,Google Pixel 7a,PyTorch,mobilenet_v2,spatula.JPEG,soup bowl,52,89,189,0,0,0
1743861323281,Google Pixel 7a,TFLite,efficientnet_lite0,speedboat.JPEG,speedboat,97,22,28,2636,0,1
1743861323281,Google Pixel 7a,TFLite,efficientnet_lite0_int8,speedboat.JPEG,lipstick,51,37,10,349,0,0
1743861323281,Google Pixel 7a,PyTorch,mobilenet_v2,speedboat.JPEG,speedboat,95,62,181,2704,0,1
1743861323714,Google Pixel 7a,TFLite,efficientnet_lite0,spider_monkey.JPEG,spider monkey,78,67,29,2604,0,1
1743861323714,Google Pixel 7a,TFLite,efficientnet_lite0_int8,spider_monkey.JPEG,macaque,53,33,12,381,0,0
1743861323714,Google Pixel 7a,PyTorch,mobilenet_v2,spider_monkey.JPEG,spider monkey,64,38,166,2604,0,1
1743861324157,Google Pixel 7a,TFLite,efficientnet_lite0,spider_web.JPEG,garden spider,26,01,29,2572,0,3
1743861324157,Google Pixel 7a,TFLite,efficientnet_lite0_int8,spider_web.JPEG,tick,77,25,12,349,0,0
1743861324157,Google Pixel 7a,PyTorch,mobilenet_v2,spider_web.JPEG,garden spider,30,36,166,2604,0,2
1743861324646,Google Pixel 7a,TFLite,efficientnet_lite0,spindle.JPEG,spindle,97,77,28,2636,0,1
1743861324646,Google Pixel 7a,TFLite,efficientnet_lite0_int8,spindle.JPEG,lens cap,50,98,12,349,0,0
1743861324646,Google Pixel 7a,PyTorch,mobilenet_v2,spindle.JPEG,spindle,88,16,214,0,0,1
1743861325105,Google Pixel 7a,TFLite,efficientnet_lite0,spiny_lobster.JPEG,spiny lobster,97,72,29,2604,0,1
1743861325105,Google Pixel 7a,TFLite,efficientnet_lite0_int8,spiny_lobster.JPEG,academic gown,52,55,10,349,0,0
1743861325105,Google Pixel 7a,PyTorch,mobilenet_v2,spiny_lobster.JPEG,spiny lobster,85,76,192,2936,0,1
1743861325562,Google Pixel 7a,TFLite,efficientnet_lite0,spoonbill.JPEG,spoonbill,98,58,28,2604,0,1
1743861325562,Google Pixel 7a,TFLite,efficientnet_lite0_int8,spoonbill.JPEG,crane,50,59,12,381,0,0
1743861325562,Google Pixel 7a,PyTorch,mobilenet_v2,spoonbill.JPEG,spoonbill,64,66,185,3004,0,1
1743861325995,Google Pixel 7a,TFLite,efficientnet_lite0,sports_car.JPEG,sports car,71,20,43,2604,0,1
1743861325995,Google Pixel 7a,TFLite,efficientnet_lite0_int8,sports_car.JPEG,cowboy hat,64,31,11,349,0,0
1743861325996,Google Pixel 7a,PyTorch,mobilenet_v2,sports_car.JPEG,sports car,50,36,159,2696,0,1
1743861326363,Google Pixel 7a,TFLite,efficientnet_lite0,spotlight.JPEG,spotlight,91,08,28,2604,0,0
1743861326363,Google Pixel 7a,TFLite,efficientnet_lite0_int8,spotlight.JPEG,restaurant,56,86,11,349,0,0
1743861326363,Google Pixel 7a,PyTorch,mobilenet_v2,spotlight.JPEG,spotlight,80,63,120,0,0,0
1743861326830,Google Pixel 7a,TFLite,efficientnet_lite0,spotted_salamander.JPEG,spotted salamander,93,49,29,2636,0,1
1743861326830,Google Pixel 7a,TFLite,efficientnet_lite0_int8,spotted_salamander.JPEG,axolotl,55,29,11,349,0,0
1743861326830,Google Pixel 7a,PyTorch,mobilenet_v2,spotted_salamander.JPEG,spotted salamander,73,89,202,3184,0,1
1743861327300,Google Pixel 7a,TFLite,efficientnet_lite0,squirrel_monkey.JPEG,squirrel monkey,81,23,29,2604,0,1
1743861327300,Google Pixel 7a,TFLite,efficientnet_lite0_int8,squirrel_monkey.JPEG,Indian elephant,55,69,13,349,0,0
1743861327300,Google Pixel 7a,PyTorch,mobilenet_v2,squirrel_monkey.JPEG,squirrel monkey,57,03,190,2984,0,1
1743861327763,Google Pixel 7a,TFLite,efficientnet_lite0,stage.JPEG,microphone,45,85,28,2572,0,2
1743861327763,Google Pixel 7a,TFLite,efficientnet_lite0_int8,stage.JPEG,minibus,83,53,15,349,0,0
1743861327763,Google Pixel 7a,PyTorch,mobilenet_v2,stage.JPEG,microphone,26,56,171,2648,0,2
1743861328156,Google Pixel 7a,TFLite,efficientnet_lite0,standard_poodle.JPEG,standard poodle,32,48,30,2636,0,1
1743861328157,Google Pixel 7a,TFLite,efficientnet_lite0_int8,standard_poodle.JPEG,timber wolf,97,65,11,349,0,0
1743861328157,Google Pixel 7a,PyTorch,mobilenet_v2,standard_poodle.JPEG,standard poodle,41,24,137,0,0,1
1743861328605,Google Pixel 7a,TFLite,efficientnet_lite0,standard_schnauzer.JPEG,standard schnauzer,91,98,29,2636,0,1
1743861328605,Google Pixel 7a,TFLite,efficientnet_lite0_int8,standard_schnauzer.JPEG,Tibetan terrier,52,94,11,349,0,0
1743861328605,Google Pixel 7a,PyTorch,mobilenet_v2,standard_schnauzer.JPEG,standard schnauzer,22,53,183,2636,0,1
1743861329043,Google Pixel 7a,TFLite,efficientnet_lite0,starfish.JPEG,starfish,90,89,28,2604,0,1
1743861329043,Google Pixel 7a,TFLite,efficientnet_lite0_int8,starfish.JPEG,laptop,50,98,11,349,0,0
1743861329043,Google Pixel 7a,PyTorch,mobilenet_v2,starfish.JPEG,starfish,68,07,172,2936,0,1
1743861329484,Google Pixel 7a,TFLite,efficientnet_lite0,steam_locomotive.JPEG,passenger car,47,19,29,2572,0,2
1743861329484,Google Pixel 7a,TFLite,efficientnet_lite0_int8,steam_locomotive.JPEG,stole,78,04,11,381,0,0
1743861329484,Google Pixel 7a,PyTorch,mobilenet_v2,steam_locomotive.JPEG,steam locomotive,72,09,172,2936,0,1
1743861329943,Google Pixel 7a,TFLite,efficientnet_lite0,steel_arch_bridge.JPEG,steel arch bridge,54,09,43,2636,0,0
1743861329943,Google Pixel 7a,TFLite,efficientnet_lite0_int8,steel_arch_bridge.JPEG,ping-pong ball,70,59,10,349,0,0
1743861329943,Google Pixel 7a,PyTorch,mobilenet_v2,steel_arch_bridge.JPEG,pier,57,02,191,0,0,0
1743861330378,Google Pixel 7a,TFLite,efficientnet_lite0,steel_drum.JPEG,steel drum,95,35,28,2604,0,0
1743861330378,Google Pixel 7a,TFLite,efficientnet_lite0_int8,steel_drum.JPEG,bassinet,69,80,11,349,0,0
1743861330378,Google Pixel 7a,PyTorch,mobilenet_v2,steel_drum.JPEG,steel drum,48,28,174,2936,0,0
1743861330793,Google Pixel 7a,TFLite,efficientnet_lite0,stethoscope.JPEG,stethoscope,86,08,28,2604,0,1
1743861330793,Google Pixel 7a,TFLite,efficientnet_lite0_int8,stethoscope.JPEG,stretcher,52,55,12,381,0,0
1743861330793,Google Pixel 7a,PyTorch,mobilenet_v2,stethoscope.JPEG,stethoscope,96,62,156,2604,0,1
1743861331230,Google Pixel 7a,TFLite,efficientnet_lite0,stingray.JPEG,stingray,64,23,28,2604,0,1
1743861331230,Google Pixel 7a,TFLite,efficientnet_lite0_int8,stingray.JPEG,ostrich,98,82,10,349,0,0
1743861331230,Google Pixel 7a,PyTorch,mobilenet_v2,stingray.JPEG,electric ray,43,66,175,2968,0,2
1743861331738,Google Pixel 7a,TFLite,efficientnet_lite0,stinkhorn.JPEG,stinkhorn,92,20,29,2604,0,1
1743861331738,Google Pixel 7a,TFLite,efficientnet_lite0_int8,stinkhorn.JPEG,Unknown,50,59,11,349,0,0
1743861331738,Google Pixel 7a,PyTorch,mobilenet_v2,stinkhorn.JPEG,stinkhorn,65,19,234,0,0,1
1743861332161,Google Pixel 7a,TFLite,efficientnet_lite0,stole.JPEG,dishrag,16,68,29,2636,0,2
1743861332161,Google Pixel 7a,TFLite,efficientnet_lite0_int8,stole.JPEG,dogsled,76,86,11,349,0,0
1743861332161,Google Pixel 7a,PyTorch,mobilenet_v2,stole.JPEG,abaya,6,37,159,2604,0,2
1743861332602,Google Pixel 7a,TFLite,efficientnet_lite0,stone_wall.JPEG,stone wall,41,22,28,2604,0,1
1743861332602,Google Pixel 7a,TFLite,efficientnet_lite0_int8,stone_wall.JPEG,promontory,64,31,11,349,0,0
1743861332602,Google Pixel 7a,PyTorch,mobilenet_v2,stone_wall.JPEG,stone wall,33,98,177,2988,0,1
1743861332942,Google Pixel 7a,TFLite,efficientnet_lite0,stopwatch.JPEG,barometer,55,17,43,2604,0,2
1743861332942,Google Pixel 7a,TFLite,efficientnet_lite0_int8,stopwatch.JPEG,basketball,92,55,10,349,0,0
1743861332942,Google Pixel 7a,PyTorch,mobilenet_v2,stopwatch.JPEG,stopwatch,52,20,81,1088,0,1
1743861333336,Google Pixel 7a,TFLite,efficientnet_lite0,stove.JPEG,stove,86,38,28,2604,0,1
1743861333336,Google Pixel 7a,TFLite,efficientnet_lite0_int8,stove.JPEG,football helmet,53,33,11,349,0,0
1743861333336,Google Pixel 7a,PyTorch,mobilenet_v2,stove.JPEG,stove,91,71,140,2120,0,1
1743861333829,Google Pixel 7a,TFLite,efficientnet_lite0,strainer.JPEG,strainer,91,55,28,0,0,1
1743861333829,Google Pixel 7a,TFLite,efficientnet_lite0_int8,strainer.JPEG,Windsor tie,54,90,11,381,0,0
1743861333829,Google Pixel 7a,PyTorch,mobilenet_v2,strainer.JPEG,strainer,81,61,220,3580,0,1
1743861334339,Google Pixel 7a,TFLite,efficientnet_lite0,strawberry.JPEG,strawberry,81,89,29,2636,0,1
1743861334339,Google Pixel 7a,TFLite,efficientnet_lite0_int8,strawberry.JPEG,pineapple,90,98,11,349,0,0
1743861334339,Google Pixel 7a,PyTorch,mobilenet_v2,strawberry.JPEG,strawberry,91,30,233,3944,0,1
1743861334772,Google Pixel 7a,TFLite,efficientnet_lite0,street_sign.JPEG,street sign,96,78,28,2604,0,1
1743861334772,Google Pixel 7a,TFLite,efficientnet_lite0_int8,street_sign.JPEG,seat belt,52,55,10,349,0,0
1743861334773,Google Pixel 7a,PyTorch,mobilenet_v2,street_sign.JPEG,street sign,70,07,168,2764,0,1
1743861335244,Google Pixel 7a,TFLite,efficientnet_lite0,streetcar.JPEG,streetcar,82,45,28,2572,0,1
1743861335244,Google Pixel 7a,TFLite,efficientnet_lite0_int8,streetcar.JPEG,typewriter keyboard,70,20,11,381,0,0
1743861335244,Google Pixel 7a,PyTorch,mobilenet_v2,streetcar.JPEG,streetcar,70,90,210,0,0,1
1743861335793,Google Pixel 7a,TFLite,efficientnet_lite0,stretcher.JPEG,stretcher,88,04,29,2636,0,1
1743861335793,Google Pixel 7a,TFLite,efficientnet_lite0_int8,stretcher.JPEG,china cabinet,70,20,11,349,0,0
1743861335793,Google Pixel 7a,PyTorch,mobilenet_v2,stretcher.JPEG,stretcher,23,18,269,4808,0,1
1743861336240,Google Pixel 7a,TFLite,efficientnet_lite0,studio_couch.JPEG,studio couch,60,99,28,2636,0,1
1743861336240,Google Pixel 7a,TFLite,efficientnet_lite0_int8,studio_couch.JPEG,cuirass,53,33,12,349,0,0
1743861336240,Google Pixel 7a,PyTorch,mobilenet_v2,studio_couch.JPEG,bannister,19,28,178,2936,0,2
1743861336672,Google Pixel 7a,TFLite,efficientnet_lite0,stupa.JPEG,stupa,93,41,29,2572,0,1
1743861336672,Google Pixel 7a,TFLite,efficientnet_lite0_int8,stupa.JPEG,drumstick,52,94,11,349,0,0
1743861336672,Google Pixel 7a,PyTorch,mobilenet_v2,stupa.JPEG,stupa,77,80,167,2936,0,1
1743861337053,Google Pixel 7a,TFLite,efficientnet_lite0,sturgeon.JPEG,sturgeon,55,60,30,0,0,1
1743861337053,Google Pixel 7a,TFLite,efficientnet_lite0_int8,sturgeon.JPEG,valley,66,27,10,381,0,0
1743861337053,Google Pixel 7a,PyTorch,mobilenet_v2,sturgeon.JPEG,sturgeon,28,13,127,1880,0,1
1743861337688,Google Pixel 7a,TFLite,efficientnet_lite0,submarine.JPEG,submarine,45,24,29,2604,0,1
1743861337688,Google Pixel 7a,TFLite,efficientnet_lite0_int8,submarine.JPEG,loudspeaker,90,20,11,349,0,0
1743861337688,Google Pixel 7a,PyTorch,mobilenet_v2,submarine.JPEG,submarine,14,31,342,5688,0,1
1743861338026,Google Pixel 7a,TFLite,efficientnet_lite0,suit.JPEG,Windsor tie,54,04,30,2636,0,2
1743861338026,Google Pixel 7a,TFLite,efficientnet_lite0_int8,suit.JPEG,sunscreen,74,90,11,349,0,0
1743861338026,Google Pixel 7a,PyTorch,mobilenet_v2,suit.JPEG,Windsor tie,47,66,79,1048,0,2
1743861338440,Google Pixel 7a,TFLite,efficientnet_lite0,sulphur-crested_cockatoo.JPEG,sulphur-crested cockatoo,84,78,28,2604,0,0
1743861338440,Google Pixel 7a,TFLite,efficientnet_lite0_int8,sulphur-crested_cockatoo.JPEG,platypus,51,37,10,349,0,0
1743861338441,Google Pixel 7a,PyTorch,mobilenet_v2,sulphur-crested_cockatoo.JPEG,sulphur-crested cockatoo,62,53,160,2632,0,4
1743861338866,Google Pixel 7a,TFLite,efficientnet_lite0,sulphur_butterfly.JPEG,sulphur butterfly,55,31,28,0,0,0
1743861338866,Google Pixel 7a,TFLite,efficientnet_lite0_int8,sulphur_butterfly.JPEG,acorn,57,25,11,413,0,0
1743861338866,Google Pixel 7a,PyTorch,mobilenet_v2,sulphur_butterfly.JPEG,sulphur butterfly,31,86,167,2604,0,0
1743861339284,Google Pixel 7a,TFLite,efficientnet_lite0,sundial.JPEG,rule,70,92,28,2636,0,2
1743861339285,Google Pixel 7a,TFLite,efficientnet_lite0_int8,sundial.JPEG,suspension bridge,60,00,10,349,0,0
1743861339285,Google Pixel 7a,PyTorch,mobilenet_v2,sundial.JPEG,sundial,29,43,160,2636,0,1
1743861339775,Google Pixel 7a,TFLite,efficientnet_lite0,sunglass.JPEG,sunglass,30,45,28,2604,0,1
1743861339775,Google Pixel 7a,TFLite,efficientnet_lite0_int8,sunglass.JPEG,swab,91,37,10,349,0,0
1743861339775,Google Pixel 7a,PyTorch,mobilenet_v2,sunglass.JPEG,sunglass,61,20,224,3912,0,1
1743861340201,Google Pixel 7a,TFLite,efficientnet_lite0,sunglasses.JPEG,sandal,30,78,28,2572,0,0
1743861340201,Google Pixel 7a,TFLite,efficientnet_lite0_int8,sunglasses.JPEG,scale,85,49,10,349,0,0
1743861340201,Google Pixel 7a,PyTorch,mobilenet_v2,sunglasses.JPEG,running shoe,27,46,169,2936,0,0
1743861340682,Google Pixel 7a,TFLite,efficientnet_lite0,sunscreen.JPEG,sunscreen,40,52,33,0,0,0
1743861340682,Google Pixel 7a,TFLite,efficientnet_lite0_int8,sunscreen.JPEG,swimming trunks,82,35,11,349,0,0
1743861340682,Google Pixel 7a,PyTorch,mobilenet_v2,sunscreen.JPEG,sunscreen,20,68,196,2920,0,0
1743861341124,Google Pixel 7a,TFLite,efficientnet_lite0,suspension_bridge.JPEG,suspension bridge,83,67,29,2572,0,1
1743861341124,Google Pixel 7a,TFLite,efficientnet_lite0_int8,suspension_bridge.JPEG,swing,84,71,11,349,0,0
1743861341124,Google Pixel 7a,PyTorch,mobilenet_v2,suspension_bridge.JPEG,pole,3,61,179,2936,0,4
1743861341520,Google Pixel 7a,TFLite,efficientnet_lite0,swab.JPEG,shovel,18,60,28,2572,0,4
1743861341520,Google Pixel 7a,TFLite,efficientnet_lite0_int8,swab.JPEG,ski mask,71,76,11,349,0,0
1743861341520,Google Pixel 7a,PyTorch,mobilenet_v2,swab.JPEG,hatchet,7,73,134,2172,0,5
1743861341845,Google Pixel 7a,TFLite,efficientnet_lite0,sweatshirt.JPEG,gasmask,11,08,28,2636,0,4
1743861341845,Google Pixel 7a,TFLite,efficientnet_lite0_int8,sweatshirt.JPEG,strainer,65,88,15,349,0,0
1743861341845,Google Pixel 7a,PyTorch,mobilenet_v2,sweatshirt.JPEG,gasmask,28,35,64,712,0,0
1743861342265,Google Pixel 7a,TFLite,efficientnet_lite0,swimming_trunks.JPEG,swimming trunks,46,71,28,0,0,1
1743861342265,Google Pixel 7a,TFLite,efficientnet_lite0_int8,swimming_trunks.JPEG,table lamp,58,04,12,381,0,0
1743861342265,Google Pixel 7a,PyTorch,mobilenet_v2,swimming_trunks.JPEG,swimming trunks,19,15,155,2332,0,1
1743861342786,Google Pixel 7a,TFLite,efficientnet_lite0,swing.JPEG,swing,99,58,28,2636,0,1
1743861342786,Google Pixel 7a,TFLite,efficientnet_lite0_int8,swing.JPEG,tench,50,20,11,349,0,0
1743861342786,Google Pixel 7a,PyTorch,mobilenet_v2,swing.JPEG,swing,28,57,251,4528,0,1
1743861343223,Google Pixel 7a,TFLite,efficientnet_lite0,switch.JPEG,switch,43,09,29,2604,0,1
1743861343223,Google Pixel 7a,TFLite,efficientnet_lite0_int8,switch.JPEG,tape player,88,24,11,349,0,0
1743861343223,Google Pixel 7a,PyTorch,mobilenet_v2,switch.JPEG,hook,5,58,172,2840,0,3
1743861343702,Google Pixel 7a,TFLite,efficientnet_lite0,syringe.JPEG,syringe,99,12,29,2572,0,1
1743861343703,Google Pixel 7a,TFLite,efficientnet_lite0_int8,syringe.JPEG,paper towel,52,55,11,381,0,0
1743861343703,Google Pixel 7a,PyTorch,mobilenet_v2,syringe.JPEG,syringe,92,91,205,0,0,1
1743861344126,Google Pixel 7a,TFLite,efficientnet_lite0,tabby.JPEG,Egyptian cat,80,47,28,2604,0,3
1743861344126,Google Pixel 7a,TFLite,efficientnet_lite0_int8,tabby.JPEG,Egyptian cat,68,24,10,349,0,0
1743861344126,Google Pixel 7a,PyTorch,mobilenet_v2,tabby.JPEG,Egyptian cat,30,77,166,2620,0,3
1743861344443,Google Pixel 7a,TFLite,efficientnet_lite0,table_lamp.JPEG,table lamp,92,76,28,2604,0,1
1743861344443,Google Pixel 7a,TFLite,efficientnet_lite0_int8,table_lamp.JPEG,letter opener,55,69,10,349,0,0
1743861344444,Google Pixel 7a,PyTorch,mobilenet_v2,table_lamp.JPEG,table lamp,87,24,79,984,0,1
1743861344817,Google Pixel 7a,TFLite,efficientnet_lite0,tailed_frog.JPEG,tailed frog,94,02,28,2604,0,1
1743861344817,Google Pixel 7a,TFLite,efficientnet_lite0_int8,tailed_frog.JPEG,leatherback turtle,54,51,10,349,0,0
1743861344817,Google Pixel 7a,PyTorch,mobilenet_v2,tailed_frog.JPEG,tailed frog,93,62,128,2044,0,1
1743861345303,Google Pixel 7a,TFLite,efficientnet_lite0,tank.JPEG,tank,81,54,43,2636,0,1
1743861345303,Google Pixel 7a,TFLite,efficientnet_lite0_int8,tank.JPEG,hand-held computer,56,86,11,349,0,0
1743861345303,Google Pixel 7a,PyTorch,mobilenet_v2,tank.JPEG,tank,81,89,201,3544,0,1
1743861345774,Google Pixel 7a,TFLite,efficientnet_lite0,tape_player.JPEG,CD player,39,08,37,0,0,2
1743861345774,Google Pixel 7a,TFLite,efficientnet_lite0_int8,tape_player.JPEG,tennis ball,89,02,12,349,0,0
1743861345774,Google Pixel 7a,PyTorch,mobilenet_v2,tape_player.JPEG,CD player,31,29,190,2936,0,3
1743861346214,Google Pixel 7a,TFLite,efficientnet_lite0,tarantula.JPEG,tarantula,71,15,28,2604,0,1
1743861346214,Google Pixel 7a,TFLite,efficientnet_lite0_int8,tarantula.JPEG,wolf spider,58,43,10,349,0,0
1743861346214,Google Pixel 7a,PyTorch,mobilenet_v2,tarantula.JPEG,tarantula,84,89,179,2924,0,1
1743861346663,Google Pixel 7a,TFLite,efficientnet_lite0,teapot.JPEG,teapot,61,65,28,2604,0,0
1743861346663,Google Pixel 7a,TFLite,efficientnet_lite0_int8,teapot.JPEG,plate rack,61,96,12,349,0,0
1743861346663,Google Pixel 7a,PyTorch,mobilenet_v2,teapot.JPEG,teapot,70,28,182,2956,0,0
1743861347147,Google Pixel 7a,TFLite,efficientnet_lite0,teddy.JPEG,teddy,99,12,28,2604,0,1
1743861347147,Google Pixel 7a,TFLite,efficientnet_lite0_int8,teddy.JPEG,tench,50,20,12,349,0,0
1743861347147,Google Pixel 7a,PyTorch,mobilenet_v2,teddy.JPEG,teddy,8,19,215,0,0,1
1743861347636,Google Pixel 7a,TFLite,efficientnet_lite0,television.JPEG,studio couch,27,42,29,2604,0,0
1743861347636,Google Pixel 7a,TFLite,efficientnet_lite0_int8,television.JPEG,sundial,73,33,11,349,0,0
1743861347636,Google Pixel 7a,PyTorch,mobilenet_v2,television.JPEG,studio couch,7,30,218,3544,0,2
1743861348084,Google Pixel 7a,TFLite,efficientnet_lite0,tench.JPEG,tench,80,48,28,2604,0,1
1743861348084,Google Pixel 7a,TFLite,efficientnet_lite0_int8,tench.JPEG,anemone fish,52,94,11,349,0,0
1743861348084,Google Pixel 7a,PyTorch,mobilenet_v2,tench.JPEG,tench,18,02,186,2936,0,1
1743861348515,Google Pixel 7a,TFLite,efficientnet_lite0,tennis_ball.JPEG,Staffordshire bullterrier,28,22,28,2604,0,2
1743861348515,Google Pixel 7a,TFLite,efficientnet_lite0_int8,tennis_ball.JPEG,Kerry blue terrier,75,69,13,349,0,0
1743861348515,Google Pixel 7a,PyTorch,mobilenet_v2,tennis_ball.JPEG,tennis ball,13,83,157,2636,0,1
1743861349214,Google Pixel 7a,TFLite,efficientnet_lite0,terrapin.JPEG,terrapin,50,38,29,2604,0,1
1743861349214,Google Pixel 7a,TFLite,efficientnet_lite0_int8,terrapin.JPEG,American chameleon,95,69,11,349,0,0
1743861349214,Google Pixel 7a,PyTorch,mobilenet_v2,terrapin.JPEG,terrapin,50,55,397,0,0,1
1743861349673,Google Pixel 7a,TFLite,efficientnet_lite0,thatch.JPEG,crate,9,47,29,2604,0,0
1743861349674,Google Pixel 7a,TFLite,efficientnet_lite0_int8,thatch.JPEG,crutch,60,39,11,349,0,0
1743861349674,Google Pixel 7a,PyTorch,mobilenet_v2,thatch.JPEG,greenhouse,9,38,186,2936,0,2
1743861350054,Google Pixel 7a,TFLite,efficientnet_lite0,theater_curtain.JPEG,theater curtain,87,77,29,2604,0,1
1743861350054,Google Pixel 7a,TFLite,efficientnet_lite0_int8,theater_curtain.JPEG,stethoscope,51,76,11,381,0,0
1743861350054,Google Pixel 7a,PyTorch,mobilenet_v2,theater_curtain.JPEG,theater curtain,99,79,120,1880,0,1
1743861350476,Google Pixel 7a,TFLite,efficientnet_lite0,thimble.JPEG,cup,33,10,28,2604,0,3
1743861350476,Google Pixel 7a,TFLite,efficientnet_lite0_int8,thimble.JPEG,cliff,55,69,13,349,0,0
1743861350476,Google Pixel 7a,PyTorch,mobilenet_v2,thimble.JPEG,cup,21,40,146,2464,0,2
1743861350793,Google Pixel 7a,TFLite,efficientnet_lite0,three-toed_sloth.JPEG,three-toed sloth,86,05,28,2604,0,0
1743861350793,Google Pixel 7a,TFLite,efficientnet_lite0_int8,three-toed_sloth.JPEG,indri,51,76,11,349,0,0
1743861350793,Google Pixel 7a,PyTorch,mobilenet_v2,three-toed_sloth.JPEG,three-toed sloth,98,34,67,736,0,0
1743861351226,Google Pixel 7a,TFLite,efficientnet_lite0,thresher.JPEG,thresher,95,72,27,2572,0,1
1743861351227,Google Pixel 7a,TFLite,efficientnet_lite0_int8,thresher.JPEG,honeycomb,50,98,11,349,0,0
1743861351227,Google Pixel 7a,PyTorch,mobilenet_v2,thresher.JPEG,thresher,45,86,174,2936,0,1
1743861351646,Google Pixel 7a,TFLite,efficientnet_lite0,throne.JPEG,lumbermill,37,11,44,0,0,0
1743861351646,Google Pixel 7a,TFLite,efficientnet_lite0_int8,throne.JPEG,maillot,61,18,11,381,0,0
1743861351646,Google Pixel 7a,PyTorch,mobilenet_v2,throne.JPEG,church,8,30,144,2200,0,3
1743861352059,Google Pixel 7a,TFLite,efficientnet_lite0,thunder_snake.JPEG,hognose snake,43,87,28,2572,0,2
1743861352059,Google Pixel 7a,TFLite,efficientnet_lite0_int8,thunder_snake.JPEG,king snake,74,12,11,349,0,0
1743861352059,Google Pixel 7a,PyTorch,mobilenet_v2,thunder_snake.JPEG,thunder snake,34,70,157,2604,0,1
1743861352527,Google Pixel 7a,TFLite,efficientnet_lite0,tick.JPEG,tick,24,35,28,2572,0,1
1743861352527,Google Pixel 7a,TFLite,efficientnet_lite0_int8,tick.JPEG,weevil,68,24,11,349,0,0
1743861352527,Google Pixel 7a,PyTorch,mobilenet_v2,tick.JPEG,tick,25,17,204,2616,0,1
1743861352901,Google Pixel 7a,TFLite,efficientnet_lite0,tiger.JPEG,tiger,68,88,30,2636,0,0
1743861352901,Google Pixel 7a,TFLite,efficientnet_lite0_int8,tiger.JPEG,cougar,69,80,10,349,0,0
1743861352902,Google Pixel 7a,PyTorch,mobilenet_v2,tiger.JPEG,tiger,57,61,119,1744,0,0
1743861353291,Google Pixel 7a,TFLite,efficientnet_lite0,tiger_beetle.JPEG,tiger beetle,81,32,29,0,0,0
1743861353291,Google Pixel 7a,TFLite,efficientnet_lite0_int8,tiger_beetle.JPEG,rhinoceros beetle,52,55,14,349,0,0
1743861353291,Google Pixel 7a,PyTorch,mobilenet_v2,tiger_beetle.JPEG,tiger beetle,84,42,124,1912,0,0
1743861353733,Google Pixel 7a,TFLite,efficientnet_lite0,tiger_cat.JPEG,tabby,21,13,29,2636,0,2
1743861353733,Google Pixel 7a,TFLite,efficientnet_lite0_int8,tiger_cat.JPEG,American black bear,65,10,11,381,0,0
1743861353733,Google Pixel 7a,PyTorch,mobilenet_v2,tiger_cat.JPEG,tabby,23,04,174,2936,0,2
1743861354146,Google Pixel 7a,TFLite,efficientnet_lite0,tiger_shark.JPEG,tiger shark,83,49,28,2636,0,1
1743861354146,Google Pixel 7a,TFLite,efficientnet_lite0_int8,tiger_shark.JPEG,stingray,53,33,11,349,0,0
1743861354146,Google Pixel 7a,PyTorch,mobilenet_v2,tiger_shark.JPEG,tiger shark,74,54,156,2480,0,1
1743861354789,Google Pixel 7a,TFLite,efficientnet_lite0,tile_roof.JPEG,tile roof,76,60,29,2572,0,1
1743861354789,Google Pixel 7a,TFLite,efficientnet_lite0_int8,tile_roof.JPEG,space heater,54,12,11,381,0,0
1743861354789,Google Pixel 7a,PyTorch,mobilenet_v2,tile_roof.JPEG,tile roof,2,70,348,0,0,1
1743861355427,Google Pixel 7a,TFLite,efficientnet_lite0,timber_wolf.JPEG,timber wolf,64,68,29,2604,0,1
1743861355427,Google Pixel 7a,TFLite,efficientnet_lite0_int8,timber_wolf.JPEG,African hunting dog,69,02,11,349,0,0
1743861355427,Google Pixel 7a,PyTorch,mobilenet_v2,timber_wolf.JPEG,timber wolf,10,52,347,5952,0,1
1743861355799,Google Pixel 7a,TFLite,efficientnet_lite0,titi.JPEG,titi,40,47,30,2604,0,1
1743861355800,Google Pixel 7a,TFLite,efficientnet_lite0_int8,titi.JPEG,indri,91,76,11,349,0,0
1743861355800,Google Pixel 7a,PyTorch,mobilenet_v2,titi.JPEG,marmoset,41,39,68,608,0,3
1743861356163,Google Pixel 7a,TFLite,efficientnet_lite0,toaster.JPEG,toaster,89,20,28,2604,0,1
1743861356163,Google Pixel 7a,TFLite,efficientnet_lite0_int8,toaster.JPEG,quill,60,39,11,349,0,0
1743861356163,Google Pixel 7a,PyTorch,mobilenet_v2,toaster.JPEG,toaster,93,98,107,1408,0,1
1743861356590,Google Pixel 7a,TFLite,efficientnet_lite0,tobacco_shop.JPEG,mailbox,32,06,29,2572,0,4
1743861356590,Google Pixel 7a,TFLite,efficientnet_lite0_int8,tobacco_shop.JPEG,maraca,90,59,11,349,0,0
1743861356590,Google Pixel 7a,PyTorch,mobilenet_v2,tobacco_shop.JPEG,streetcar,3,22,164,2604,0,0
1743861357041,Google Pixel 7a,TFLite,efficientnet_lite0,toilet_seat.JPEG,toilet seat,90,25,30,0,0,1
1743861357041,Google Pixel 7a,TFLite,efficientnet_lite0_int8,toilet_seat.JPEG,Unknown,52,94,11,381,0,0
1743861357041,Google Pixel 7a,PyTorch,mobilenet_v2,toilet_seat.JPEG,toilet seat,61,42,182,2936,0,1
1743861357470,Google Pixel 7a,TFLite,efficientnet_lite0,toilet_tissue.JPEG,toilet tissue,92,41,29,2636,0,1
1743861357471,Google Pixel 7a,TFLite,efficientnet_lite0_int8,toilet_tissue.JPEG,parking meter,52,94,12,349,0,0
1743861357471,Google Pixel 7a,PyTorch,mobilenet_v2,toilet_tissue.JPEG,toilet tissue,78,18,165,2636,0,1
1743861357912,Google Pixel 7a,TFLite,efficientnet_lite0,torch.JPEG,torch,84,98,29,2604,0,1
1743861357912,Google Pixel 7a,TFLite,efficientnet_lite0_int8,torch.JPEG,cardigan,52,55,13,349,0,0
1743861357912,Google Pixel 7a,PyTorch,mobilenet_v2,torch.JPEG,torch,65,60,164,2604,0,1
1743861358358,Google Pixel 7a,TFLite,efficientnet_lite0,totem_pole.JPEG,totem pole,95,56,28,2572,0,2
1743861358358,Google Pixel 7a,TFLite,efficientnet_lite0_int8,totem_pole.JPEG,pop bottle,51,76,10,381,0,0
1743861358358,Google Pixel 7a,PyTorch,mobilenet_v2,totem_pole.JPEG,totem pole,94,32,184,2936,0,2
1743861358824,Google Pixel 7a,TFLite,efficientnet_lite0,toucan.JPEG,toucan,79,77,29,0,0,1
1743861358824,Google Pixel 7a,TFLite,efficientnet_lite0_int8,toucan.JPEG,drake,69,41,11,381,0,0
1743861358824,Google Pixel 7a,PyTorch,mobilenet_v2,toucan.JPEG,hornbill,2,82,201,2936,0,2
1743861359282,Google Pixel 7a,TFLite,efficientnet_lite0,tow_truck.JPEG,tow truck,30,34,28,2636,0,1
1743861359282,Google Pixel 7a,TFLite,efficientnet_lite0_int8,tow_truck.JPEG,beer bottle,84,31,10,349,0,0
1743861359282,Google Pixel 7a,PyTorch,mobilenet_v2,tow_truck.JPEG,tow truck,14,86,192,2968,0,1
1743861359738,Google Pixel 7a,TFLite,efficientnet_lite0,toy_poodle.JPEG,miniature poodle,22,92,28,2604,0,2
1743861359738,Google Pixel 7a,TFLite,efficientnet_lite0_int8,toy_poodle.JPEG,white wolf,96,47,10,349,0,0
1743861359738,Google Pixel 7a,PyTorch,mobilenet_v2,toy_poodle.JPEG,toy poodle,32,51,190,3128,0,1
1743861360162,Google Pixel 7a,TFLite,efficientnet_lite0,toy_terrier.JPEG,miniature pinscher,21,90,29,2572,0,2
1743861360162,Google Pixel 7a,TFLite,efficientnet_lite0_int8,toy_terrier.JPEG,Scotch terrier,59,61,11,349,0,0
1743861360162,Google Pixel 7a,PyTorch,mobilenet_v2,toy_terrier.JPEG,miniature pinscher,4,91,163,2604,0,3
1743861360635,Google Pixel 7a,TFLite,efficientnet_lite0,toyshop.JPEG,toyshop,76,23,29,0,0,1
1743861360635,Google Pixel 7a,TFLite,efficientnet_lite0_int8,toyshop.JPEG,cornet,58,82,11,349,0,0
1743861360635,Google Pixel 7a,PyTorch,mobilenet_v2,toyshop.JPEG,toyshop,49,84,191,2936,0,1
1743861361370,Google Pixel 7a,TFLite,efficientnet_lite0,tractor.JPEG,tractor,83,55,28,2572,0,1
1743861361370,Google Pixel 7a,TFLite,efficientnet_lite0_int8,tractor.JPEG,honeycomb,54,12,10,381,0,0
1743861361370,Google Pixel 7a,PyTorch,mobilenet_v2,tractor.JPEG,tractor,12,29,431,7504,0,1
1743861361846,Google Pixel 7a,TFLite,efficientnet_lite0,traffic_light.JPEG,traffic light,98,54,43,2572,0,1
1743861361846,Google Pixel 7a,TFLite,efficientnet_lite0_int8,traffic_light.JPEG,plate,50,98,12,349,0,0
1743861361846,Google Pixel 7a,PyTorch,mobilenet_v2,traffic_light.JPEG,traffic light,96,31,181,2936,0,1
1743861362235,Google Pixel 7a,TFLite,efficientnet_lite0,trailer_truck.JPEG,trailer truck,64,11,33,0,0,1
1743861362235,Google Pixel 7a,TFLite,efficientnet_lite0_int8,trailer_truck.JPEG,necklace,56,47,11,349,0,0
1743861362236,Google Pixel 7a,PyTorch,mobilenet_v2,trailer_truck.JPEG,trailer truck,74,75,126,1880,0,1
1743861362730,Google Pixel 7a,TFLite,efficientnet_lite0,tray.JPEG,tray,99,39,29,2572,0,1
1743861362730,Google Pixel 7a,TFLite,efficientnet_lite0_int8,tray.JPEG,tench,50,20,12,349,0,0
1743861362730,Google Pixel 7a,PyTorch,mobilenet_v2,tray.JPEG,tray,93,35,218,3600,0,1
1743861363234,Google Pixel 7a,TFLite,efficientnet_lite0,tree_frog.JPEG,tree frog,48,66,29,2604,0,1
1743861363234,Google Pixel 7a,TFLite,efficientnet_lite0_int8,tree_frog.JPEG,terrapin,66,27,11,349,0,0
1743861363234,Google Pixel 7a,PyTorch,mobilenet_v2,tree_frog.JPEG,tree frog,21,26,219,3756,0,1
1743861363658,Google Pixel 7a,TFLite,efficientnet_lite0,trench_coat.JPEG,trench coat,72,17,30,2636,0,1
1743861363658,Google Pixel 7a,TFLite,efficientnet_lite0_int8,trench_coat.JPEG,triumphal arch,96,08,15,349,0,0
1743861363658,Google Pixel 7a,PyTorch,mobilenet_v2,trench_coat.JPEG,trench coat,69,09,138,2092,0,1
1743861364139,Google Pixel 7a,TFLite,efficientnet_lite0,triceratops.JPEG,triceratops,99,29,30,0,0,1
1743861364139,Google Pixel 7a,TFLite,efficientnet_lite0_int8,triceratops.JPEG,black widow,54,12,12,381,0,0
1743861364139,Google Pixel 7a,PyTorch,mobilenet_v2,triceratops.JPEG,triceratops,19,17,201,3008,0,1
1743861364590,Google Pixel 7a,TFLite,efficientnet_lite0,tricycle.JPEG,mountain bike,19,26,30,2604,0,2
1743861364590,Google Pixel 7a,TFLite,efficientnet_lite0_int8,tricycle.JPEG,birdhouse,66,67,11,349,0,0
1743861364590,Google Pixel 7a,PyTorch,mobilenet_v2,tricycle.JPEG,bicycle-built-for-two,15,41,172,2636,0,4
1743861365042,Google Pixel 7a,TFLite,efficientnet_lite0,trifle.JPEG,ice cream,45,84,30,2636,0,0
1743861365042,Google Pixel 7a,TFLite,efficientnet_lite0_int8,trifle.JPEG,bagel,94,90,12,349,0,0
1743861365042,Google Pixel 7a,PyTorch,mobilenet_v2,trifle.JPEG,trifle,32,22,167,2604,0,0
1743861365460,Google Pixel 7a,TFLite,efficientnet_lite0,trilobite.JPEG,trilobite,93,39,29,2572,0,1
1743861365460,Google Pixel 7a,TFLite,efficientnet_lite0_int8,trilobite.JPEG,prairie chicken,50,59,12,381,0,0
1743861365460,Google Pixel 7a,PyTorch,mobilenet_v2,trilobite.JPEG,trilobite,81,44,146,2316,0,1
1743861365911,Google Pixel 7a,TFLite,efficientnet_lite0,trimaran.JPEG,catamaran,69,92,30,0,0,2
1743861365911,Google Pixel 7a,TFLite,efficientnet_lite0_int8,trimaran.JPEG,trombone,90,20,13,349,0,0
1743861365911,Google Pixel 7a,PyTorch,mobilenet_v2,trimaran.JPEG,catamaran,57,75,163,2636,0,2
1743861366345,Google Pixel 7a,TFLite,efficientnet_lite0,tripod.JPEG,tripod,79,91,30,2636,0,0
1743861366345,Google Pixel 7a,TFLite,efficientnet_lite0_int8,tripod.JPEG,tank,53,73,11,349,0,0
1743861366345,Google Pixel 7a,PyTorch,mobilenet_v2,tripod.JPEG,tripod,5,60,166,2636,0,0
1743861366800,Google Pixel 7a,TFLite,efficientnet_lite0,triumphal_arch.JPEG,triumphal arch,89,87,29,2636,0,1
1743861366800,Google Pixel 7a,TFLite,efficientnet_lite0_int8,triumphal_arch.JPEG,goblet,55,29,11,349,0,0
1743861366800,Google Pixel 7a,PyTorch,mobilenet_v2,triumphal_arch.JPEG,triumphal arch,56,14,179,2936,0,1
1743861367246,Google Pixel 7a,TFLite,efficientnet_lite0,trolleybus.JPEG,trolleybus,89,93,29,2572,0,1
1743861367246,Google Pixel 7a,TFLite,efficientnet_lite0_int8,trolleybus.JPEG,pencil box,51,37,11,349,0,0
1743861367246,Google Pixel 7a,PyTorch,mobilenet_v2,trolleybus.JPEG,trolleybus,74,59,172,2936,0,1
1743861367764,Google Pixel 7a,TFLite,efficientnet_lite0,trombone.JPEG,trombone,88,28,30,0,0,1
1743861367764,Google Pixel 7a,TFLite,efficientnet_lite0_int8,trombone.JPEG,crane,54,12,14,413,0,0
1743861367764,Google Pixel 7a,PyTorch,mobilenet_v2,trombone.JPEG,trombone,54,93,225,3336,0,1
1743861368222,Google Pixel 7a,TFLite,efficientnet_lite0,tub.JPEG,tub,59,52,29,2636,0,2
1743861368222,Google Pixel 7a,TFLite,efficientnet_lite0_int8,tub.JPEG,unicycle,99,22,12,381,0,0
1743861368222,Google Pixel 7a,PyTorch,mobilenet_v2,tub.JPEG,bathtub,42,08,177,2908,0,1
1743861368768,Google Pixel 7a,TFLite,efficientnet_lite0,turnstile.JPEG,tripod,36,64,30,2604,0,2
1743861368768,Google Pixel 7a,TFLite,efficientnet_lite0_int8,turnstile.JPEG,upright,56,08,12,381,0,0
1743861368768,Google Pixel 7a,PyTorch,mobilenet_v2,turnstile.JPEG,ballpoint,4,31,251,4224,0,0
1743861369055,Google Pixel 7a,TFLite,efficientnet_lite0,tusker.JPEG,water buffalo,24,06,30,2604,0,2
1743861369055,Google Pixel 7a,TFLite,efficientnet_lite0_int8,tusker.JPEG,koala,60,39,11,349,0,0
1743861369055,Google Pixel 7a,PyTorch,mobilenet_v2,tusker.JPEG,African elephant,85,99,37,72,0,2
1743861369596,Google Pixel 7a,TFLite,efficientnet_lite0,typewriter_keyboard.JPEG,typewriter keyboard,57,02,29,0,0,1
1743861369596,Google Pixel 7a,TFLite,efficientnet_lite0_int8,typewriter_keyboard.JPEG,speedboat,82,35,11,349,0,0
1743861369596,Google Pixel 7a,PyTorch,mobilenet_v2,typewriter_keyboard.JPEG,typewriter keyboard,52,05,256,3888,0,1
1743861370046,Google Pixel 7a,TFLite,efficientnet_lite0,umbrella.JPEG,umbrella,73,50,29,2636,0,1
1743861370046,Google Pixel 7a,TFLite,efficientnet_lite0_int8,umbrella.JPEG,bow,63,53,11,349,0,0
1743861370046,Google Pixel 7a,PyTorch,mobilenet_v2,umbrella.JPEG,umbrella,40,17,175,2832,0,1
1743861370489,Google Pixel 7a,TFLite,efficientnet_lite0,unicycle.JPEG,unicycle,34,35,30,2636,0,1
1743861370489,Google Pixel 7a,TFLite,efficientnet_lite0_int8,unicycle.JPEG,knot,55,29,13,381,0,0
1743861370489,Google Pixel 7a,PyTorch,mobilenet_v2,unicycle.JPEG,unicycle,22,15,163,2636,0,1
1743861370822,Google Pixel 7a,TFLite,efficientnet_lite0,upright.JPEG,upright,91,51,30,2604,0,1
1743861370822,Google Pixel 7a,TFLite,efficientnet_lite0_int8,upright.JPEG,guillotine,65,49,12,349,0,0
1743861370822,Google Pixel 7a,PyTorch,mobilenet_v2,upright.JPEG,upright,90,61,70,664,0,1
1743861371312,Google Pixel 7a,TFLite,efficientnet_lite0,vacuum.JPEG,vacuum,99,35,31,0,0,1
1743861371312,Google Pixel 7a,TFLite,efficientnet_lite0_int8,vacuum.JPEG,projectile,50,59,14,349,0,0
1743861371312,Google Pixel 7a,PyTorch,mobilenet_v2,vacuum.JPEG,vacuum,33,86,196,2968,0,1
1743861371985,Google Pixel 7a,TFLite,efficientnet_lite0,valley.JPEG,valley,38,72,29,2636,0,1
1743861371985,Google Pixel 7a,TFLite,efficientnet_lite0_int8,valley.JPEG,scuba diver,93,33,11,349,0,5
1743861371986,Google Pixel 7a,PyTorch,mobilenet_v2,valley.JPEG,valley,21,83,362,6184,0,1
1743861372456,Google Pixel 7a,TFLite,efficientnet_lite0,vase.JPEG,vase,9,95,30,2636,0,1
1743861372457,Google Pixel 7a,TFLite,efficientnet_lite0_int8,vase.JPEG,Band Aid,60,00,12,349,0,0
1743861372457,Google Pixel 7a,PyTorch,mobilenet_v2,vase.JPEG,water jug,7,74,180,2968,0,3
1743861372979,Google Pixel 7a,TFLite,efficientnet_lite0,vault.JPEG,vault,67,95,33,2572,0,1
1743861372979,Google Pixel 7a,TFLite,efficientnet_lite0_int8,vault.JPEG,mortarboard,72,16,12,349,0,0
1743861372979,Google Pixel 7a,PyTorch,mobilenet_v2,vault.JPEG,vault,64,21,225,0,0,1
1743861373369,Google Pixel 7a,TFLite,efficientnet_lite0,velvet.JPEG,overskirt,64,28,30,2636,1,5
1743861373369,Google Pixel 7a,TFLite,efficientnet_lite0_int8,velvet.JPEG,iPod,58,43,11,349,1,0
1743861373369,Google Pixel 7a,PyTorch,mobilenet_v2,velvet.JPEG,diamondback,9,09,117,1672,1,0
1743861373846,Google Pixel 7a,TFLite,efficientnet_lite0,vending_machine.JPEG,vending machine,95,43,31,2604,0,1
1743861373846,Google Pixel 7a,TFLite,efficientnet_lite0_int8,vending_machine.JPEG,soap dispenser,51,76,11,349,0,0
1743861373846,Google Pixel 7a,PyTorch,mobilenet_v2,vending_machine.JPEG,vending machine,98,15,189,2936,0,1
1743861374293,Google Pixel 7a,TFLite,efficientnet_lite0,vestment.JPEG,bow tie,51,17,30,2572,0,4
1743861374293,Google Pixel 7a,TFLite,efficientnet_lite0_int8,vestment.JPEG,lawn mower,72,16,11,381,0,0
1743861374293,Google Pixel 7a,PyTorch,mobilenet_v2,vestment.JPEG,groom,26,02,169,2572,0,0
1743861374766,Google Pixel 7a,TFLite,efficientnet_lite0,viaduct.JPEG,viaduct,95,38,32,2636,0,1
1743861374766,Google Pixel 7a,TFLite,efficientnet_lite0_int8,viaduct.JPEG,tench,50,20,12,349,0,0
1743861374766,Google Pixel 7a,PyTorch,mobilenet_v2,viaduct.JPEG,viaduct,99,57,192,0,0,1
1743861375225,Google Pixel 7a,TFLite,efficientnet_lite0,vine_snake.JPEG,vine snake,69,73,31,2604,0,1
1743861375225,Google Pixel 7a,TFLite,efficientnet_lite0_int8,vine_snake.JPEG,vine snake,56,86,13,349,0,1
1743861375225,Google Pixel 7a,PyTorch,mobilenet_v2,vine_snake.JPEG,vine snake,72,57,157,2604,0,1
1743861375672,Google Pixel 7a,TFLite,efficientnet_lite0,violin.JPEG,bassoon,11,67,30,2604,0,0
1743861375672,Google Pixel 7a,TFLite,efficientnet_lite0_int8,violin.JPEG,fountain,63,14,15,349,0,0
1743861375672,Google Pixel 7a,PyTorch,mobilenet_v2,violin.JPEG,grand piano,3,85,149,2600,0,2
1743861376598,Google Pixel 7a,TFLite,efficientnet_lite0,vizsla.JPEG,vizsla,73,49,31,2572,0,1
1743861376598,Google Pixel 7a,TFLite,efficientnet_lite0_int8,vizsla.JPEG,Irish setter,72,94,13,349,0,0
1743861376598,Google Pixel 7a,PyTorch,mobilenet_v2,vizsla.JPEG,plastic bag,1,30,566,0,0,2
1743861377084,Google Pixel 7a,TFLite,efficientnet_lite0,volcano.JPEG,volcano,62,69,31,2604,0,1
1743861377085,Google Pixel 7a,TFLite,efficientnet_lite0_int8,volcano.JPEG,rapeseed,98,82,11,349,0,0
1743861377085,Google Pixel 7a,PyTorch,mobilenet_v2,volcano.JPEG,volcano,42,41,189,2936,0,1
1743861377562,Google Pixel 7a,TFLite,efficientnet_lite0,volleyball.JPEG,volleyball,94,21,31,2572,0,1
1743861377562,Google Pixel 7a,TFLite,efficientnet_lite0_int8,volleyball.JPEG,bath towel,51,37,13,381,0,0
1743861377562,Google Pixel 7a,PyTorch,mobilenet_v2,volleyball.JPEG,volleyball,83,00,184,2936,0,1
1743861378033,Google Pixel 7a,TFLite,efficientnet_lite0,vulture.JPEG,church,53,40,30,2572,0,4
1743861378033,Google Pixel 7a,TFLite,efficientnet_lite0_int8,vulture.JPEG,binder,75,69,12,381,0,0
1743861378033,Google Pixel 7a,PyTorch,mobilenet_v2,vulture.JPEG,flagpole,21,49,192,2936,0,5
1743861378510,Google Pixel 7a,TFLite,efficientnet_lite0,waffle_iron.JPEG,waffle iron,48,02,30,2636,0,0
1743861378510,Google Pixel 7a,TFLite,efficientnet_lite0_int8,waffle_iron.JPEG,warplane,88,63,11,349,0,0
1743861378510,Google Pixel 7a,PyTorch,mobilenet_v2,waffle_iron.JPEG,dishwasher,3,06,199,2968,0,0
1743861379012,Google Pixel 7a,TFLite,efficientnet_lite0,walking_stick.JPEG,walking stick,99,42,29,2572,0,0
1743861379012,Google Pixel 7a,TFLite,efficientnet_lite0_int8,walking_stick.JPEG,tench,50,20,11,349,0,0
1743861379012,Google Pixel 7a,PyTorch,mobilenet_v2,walking_stick.JPEG,walking stick,70,77,224,2936,0,0
1743861379458,Google Pixel 7a,TFLite,efficientnet_lite0,wall_clock.JPEG,wall clock,15,48,29,2604,0,1
1743861379458,Google Pixel 7a,TFLite,efficientnet_lite0_int8,wall_clock.JPEG,washbasin,67,45,11,349,0,0
1743861379458,Google Pixel 7a,PyTorch,mobilenet_v2,wall_clock.JPEG,wall clock,20,22,174,2604,0,1
1743861379904,Google Pixel 7a,TFLite,efficientnet_lite0,wallaby.JPEG,wallaby,39,14,34,0,0,1
1743861379905,Google Pixel 7a,TFLite,efficientnet_lite0_int8,wallaby.JPEG,sea anemone,79,22,13,381,0,0
1743861379905,Google Pixel 7a,PyTorch,mobilenet_v2,wallaby.JPEG,wallaby,51,45,156,2144,0,1
1743861380359,Google Pixel 7a,TFLite,efficientnet_lite0,wallet.JPEG,wallet,53,93,29,2572,0,1
1743861380359,Google Pixel 7a,TFLite,efficientnet_lite0_int8,wallet.JPEG,washer,92,55,11,349,0,0
1743861380359,Google Pixel 7a,PyTorch,mobilenet_v2,wallet.JPEG,wallet,8,23,184,2936,0,1
1743861380815,Google Pixel 7a,TFLite,efficientnet_lite0,wardrobe.JPEG,wardrobe,76,61,30,2604,0,1
1743861380815,Google Pixel 7a,TFLite,efficientnet_lite0_int8,wardrobe.JPEG,military uniform,60,00,12,381,0,0
1743861380815,Google Pixel 7a,PyTorch,mobilenet_v2,wardrobe.JPEG,wardrobe,51,24,181,2936,0,1
1743861381288,Google Pixel 7a,TFLite,efficientnet_lite0,warplane.JPEG,warplane,79,41,29,2604,0,0
1743861381288,Google Pixel 7a,TFLite,efficientnet_lite0_int8,warplane.JPEG,worm fence,56,08,11,381,0,0
1743861381288,Google Pixel 7a,PyTorch,mobilenet_v2,warplane.JPEG,warplane,34,90,193,2936,0,0
1743861382074,Google Pixel 7a,TFLite,efficientnet_lite0,warthog.JPEG,warthog,77,73,31,0,0,3
1743861382074,Google Pixel 7a,TFLite,efficientnet_lite0_int8,warthog.JPEG,water buffalo,67,06,12,381,0,0
1743861382074,Google Pixel 7a,PyTorch,mobilenet_v2,warthog.JPEG,warthog,32,02,451,7504,0,3
1743861382588,Google Pixel 7a,TFLite,efficientnet_lite0,washbasin.JPEG,washbasin,76,47,31,2604,0,1
1743861382588,Google Pixel 7a,TFLite,efficientnet_lite0_int8,washbasin.JPEG,stupa,54,90,12,349,0,0
1743861382588,Google Pixel 7a,PyTorch,mobilenet_v2,washbasin.JPEG,washbasin,19,69,229,2968,0,1
1743861383066,Google Pixel 7a,TFLite,efficientnet_lite0,washer.JPEG,washer,64,08,29,2636,0,2
1743861383066,Google Pixel 7a,TFLite,efficientnet_lite0_int8,washer.JPEG,whiskey jug,63,53,12,349,0,0
1743861383067,Google Pixel 7a,PyTorch,mobilenet_v2,washer.JPEG,washer,57,91,188,2968,0,0
1743861383575,Google Pixel 7a,TFLite,efficientnet_lite0,water_bottle.JPEG,water bottle,31,10,30,0,0,1
1743861383575,Google Pixel 7a,TFLite,efficientnet_lite0_int8,water_bottle.JPEG,whistle,79,61,15,445,0,0
1743861383575,Google Pixel 7a,PyTorch,mobilenet_v2,water_bottle.JPEG,refrigerator,5,28,193,2968,0,3
1743861384054,Google Pixel 7a,TFLite,efficientnet_lite0,water_buffalo.JPEG,water buffalo,41,66,31,2636,0,1
1743861384054,Google Pixel 7a,TFLite,efficientnet_lite0_int8,water_buffalo.JPEG,ibex,86,67,13,381,0,2
1743861384054,Google Pixel 7a,PyTorch,mobilenet_v2,water_buffalo.JPEG,water buffalo,47,86,194,3000,0,1
1743861384407,Google Pixel 7a,TFLite,efficientnet_lite0,water_jug.JPEG,water jug,83,45,31,2604,0,1
1743861384407,Google Pixel 7a,TFLite,efficientnet_lite0_int8,water_jug.JPEG,computer keyboard,62,75,12,349,0,0
1743861384407,Google Pixel 7a,PyTorch,mobilenet_v2,water_jug.JPEG,water jug,20,92,66,648,0,1
1743861384933,Google Pixel 7a,TFLite,efficientnet_lite0,water_ouzel.JPEG,water ouzel,96,44,32,2572,0,1
1743861384934,Google Pixel 7a,TFLite,efficientnet_lite0_int8,water_ouzel.JPEG,tench,50,20,17,381,0,0
1743861384934,Google Pixel 7a,PyTorch,mobilenet_v2,water_ouzel.JPEG,water ouzel,81,56,212,2936,0,1
1743861385386,Google Pixel 7a,TFLite,efficientnet_lite0,water_snake.JPEG,dowitcher,12,81,31,0,0,4
1743861385386,Google Pixel 7a,TFLite,efficientnet_lite0_int8,water_snake.JPEG,albatross,65,49,12,381,0,0
1743861385386,Google Pixel 7a,PyTorch,mobilenet_v2,water_snake.JPEG,drake,31,12,166,2616,0,2
1743861385870,Google Pixel 7a,TFLite,efficientnet_lite0,water_tower.JPEG,water tower,95,47,32,2636,0,1
1743861385870,Google Pixel 7a,TFLite,efficientnet_lite0_int8,water_tower.JPEG,beer glass,50,59,13,349,0,0
1743861385870,Google Pixel 7a,PyTorch,mobilenet_v2,water_tower.JPEG,water tower,97,12,191,2848,0,1
1743861386286,Google Pixel 7a,TFLite,efficientnet_lite0,weasel.JPEG,wreck,16,44,32,2636,0,0
1743861386286,Google Pixel 7a,TFLite,efficientnet_lite0_int8,weasel.JPEG,groom,62,35,12,349,0,0
1743861386286,Google Pixel 7a,PyTorch,mobilenet_v2,weasel.JPEG,promontory,11,51,133,1864,0,0
1743861386739,Google Pixel 7a,TFLite,efficientnet_lite0,web_site.JPEG,web site,92,49,30,2572,0,1
1743861386739,Google Pixel 7a,TFLite,efficientnet_lite0_int8,web_site.JPEG,tench,50,20,13,381,0,0
1743861386739,Google Pixel 7a,PyTorch,mobilenet_v2,web_site.JPEG,web site,99,92,157,2248,0,1
1743861387225,Google Pixel 7a,TFLite,efficientnet_lite0,weevil.JPEG,weevil,31,95,33,0,0,1
1743861387225,Google Pixel 7a,TFLite,efficientnet_lite0_int8,weevil.JPEG,grasshopper,83,92,13,413,0,0
1743861387225,Google Pixel 7a,PyTorch,mobilenet_v2,weevil.JPEG,weevil,30,89,183,2936,0,1
1743861387674,Google Pixel 7a,TFLite,efficientnet_lite0,whippet.JPEG,whippet,99,14,30,2604,0,1
1743861387674,Google Pixel 7a,TFLite,efficientnet_lite0_int8,whippet.JPEG,Siberian husky,52,55,12,349,0,0
1743861387674,Google Pixel 7a,PyTorch,mobilenet_v2,whippet.JPEG,whippet,66,63,166,2696,0,1
1743861388154,Google Pixel 7a,TFLite,efficientnet_lite0,whiptail.JPEG,whiptail,32,36,30,2636,0,1
1743861388154,Google Pixel 7a,TFLite,efficientnet_lite0_int8,whiptail.JPEG,Gila monster,72,94,13,349,0,0
1743861388154,Google Pixel 7a,PyTorch,mobilenet_v2,whiptail.JPEG,whiptail,25,53,178,2600,0,1
1743861388717,Google Pixel 7a,TFLite,efficientnet_lite0,whiskey_jug.JPEG,whiskey jug,86,95,30,2572,0,1
1743861388717,Google Pixel 7a,TFLite,efficientnet_lite0_int8,whiskey_jug.JPEG,missile,52,94,11,349,0,0
1743861388717,Google Pixel 7a,PyTorch,mobilenet_v2,whiskey_jug.JPEG,whiskey jug,53,24,265,0,0,1
1743861389310,Google Pixel 7a,TFLite,efficientnet_lite0,whistle.JPEG,whistle,77,99,29,2604,0,1
1743861389310,Google Pixel 7a,TFLite,efficientnet_lite0_int8,whistle.JPEG,carpenter's kit,64,71,12,349,0,0
1743861389310,Google Pixel 7a,PyTorch,mobilenet_v2,whistle.JPEG,whistle,34,22,299,4828,0,1
1743861390054,Google Pixel 7a,TFLite,efficientnet_lite0,white_stork.JPEG,white stork,90,89,30,2604,0,1
1743861390055,Google Pixel 7a,TFLite,efficientnet_lite0_int8,white_stork.JPEG,American egret,51,76,13,381,0,0
1743861390055,Google Pixel 7a,PyTorch,mobilenet_v2,white_stork.JPEG,white stork,69,48,404,6668,0,1
1743861390524,Google Pixel 7a,TFLite,efficientnet_lite0,white_wolf.JPEG,white wolf,88,92,31,2572,0,1
1743861390524,Google Pixel 7a,TFLite,efficientnet_lite0_int8,white_wolf.JPEG,grey fox,98,04,12,349,0,0
1743861390524,Google Pixel 7a,PyTorch,mobilenet_v2,white_wolf.JPEG,white wolf,7,60,178,2604,0,1
1743861391018,Google Pixel 7a,TFLite,efficientnet_lite0,wig.JPEG,wig,86,99,33,0,0,1
1743861391018,Google Pixel 7a,TFLite,efficientnet_lite0_int8,wig.JPEG,grocery store,59,61,13,381,0,0
1743861391018,Google Pixel 7a,PyTorch,mobilenet_v2,wig.JPEG,wig,35,58,195,3212,0,1
1743861391483,Google Pixel 7a,TFLite,efficientnet_lite0,wild_boar.JPEG,wild boar,33,68,30,2604,0,1
1743861391483,Google Pixel 7a,TFLite,efficientnet_lite0_int8,wild_boar.JPEG,water buffalo,59,22,12,349,0,0
1743861391483,Google Pixel 7a,PyTorch,mobilenet_v2,wild_boar.JPEG,wild boar,23,12,188,2792,0,1
1743861391927,Google Pixel 7a,TFLite,efficientnet_lite0,window_screen.JPEG,greenhouse,26,06,29,2636,0,0
1743861391927,Google Pixel 7a,TFLite,efficientnet_lite0_int8,window_screen.JPEG,tank,78,82,11,349,0,0
1743861391927,Google Pixel 7a,PyTorch,mobilenet_v2,window_screen.JPEG,window screen,23,42,171,2736,0,0
1743861393103,Google Pixel 7a,TFLite,efficientnet_lite0,window_shade.JPEG,window shade,99,71,30,2572,0,1
1743861393103,Google Pixel 7a,TFLite,efficientnet_lite0_int8,window_shade.JPEG,tench,50,20,11,349,0,0
1743861393103,Google Pixel 7a,PyTorch,mobilenet_v2,window_shade.JPEG,window shade,13,14,805,0,0,1
1743861393588,Google Pixel 7a,TFLite,efficientnet_lite0,wine_bottle.JPEG,wine bottle,75,83,32,2636,0,1
1743861393588,Google Pixel 7a,TFLite,efficientnet_lite0_int8,wine_bottle.JPEG,alp,58,82,12,349,0,0
1743861393588,Google Pixel 7a,PyTorch,mobilenet_v2,wine_bottle.JPEG,wine bottle,31,10,187,2936,0,1
1743861394056,Google Pixel 7a,TFLite,efficientnet_lite0,wing.JPEG,wing,99,77,30,2604,0,0
1743861394056,Google Pixel 7a,TFLite,efficientnet_lite0_int8,wing.JPEG,tench,50,20,12,349,0,0
1743861394056,Google Pixel 7a,PyTorch,mobilenet_v2,wing.JPEG,wing,97,15,188,2936,0,0
1743861394769,Google Pixel 7a,TFLite,efficientnet_lite0,wire-haired_fox_terrier.JPEG,wire-haired fox terrier,96,34,30,2572,0,0
1743861394769,Google Pixel 7a,TFLite,efficientnet_lite0_int8,wire-haired_fox_terrier.JPEG,Australian terrier,52,55,11,381,0,0
1743861394769,Google Pixel 7a,PyTorch,mobilenet_v2,wire-haired_fox_terrier.JPEG,wire-haired fox terrier,50,65,401,6668,0,0
1743861395239,Google Pixel 7a,TFLite,efficientnet_lite0,wok.JPEG,frying pan,9,75,30,2604,0,0
1743861395239,Google Pixel 7a,TFLite,efficientnet_lite0_int8,wok.JPEG,trifle,73,33,12,381,0,0
1743861395239,Google Pixel 7a,PyTorch,mobilenet_v2,wok.JPEG,wok,8,72,190,2764,0,1
1743861395708,Google Pixel 7a,TFLite,efficientnet_lite0,wolf_spider.JPEG,wolf spider,82,41,30,2604,0,1
1743861395708,Google Pixel 7a,TFLite,efficientnet_lite0_int8,wolf_spider.JPEG,ptarmigan,68,63,11,349,0,0
1743861395708,Google Pixel 7a,PyTorch,mobilenet_v2,wolf_spider.JPEG,wolf spider,13,48,193,2968,0,1
1743861396166,Google Pixel 7a,TFLite,efficientnet_lite0,wombat.JPEG,wombat,76,25,29,2572,0,1
1743861396166,Google Pixel 7a,TFLite,efficientnet_lite0_int8,wombat.JPEG,sea anemone,55,69,11,349,0,0
1743861396166,Google Pixel 7a,PyTorch,mobilenet_v2,wombat.JPEG,wombat,11,84,181,2892,0,1
1743861396540,Google Pixel 7a,TFLite,efficientnet_lite0,wood_rabbit.JPEG,wood rabbit,96,51,32,0,0,1
1743861396540,Google Pixel 7a,TFLite,efficientnet_lite0_int8,wood_rabbit.JPEG,fox squirrel,55,29,12,349,0,0
1743861396540,Google Pixel 7a,PyTorch,mobilenet_v2,wood_rabbit.JPEG,wood rabbit,66,16,99,1304,0,1
1743861396989,Google Pixel 7a,TFLite,efficientnet_lite0,wooden_spoon.JPEG,ladle,28,68,29,2572,0,2
1743861396989,Google Pixel 7a,TFLite,efficientnet_lite0_int8,wooden_spoon.JPEG,lens cap,89,80,11,381,0,0
1743861396989,Google Pixel 7a,PyTorch,mobilenet_v2,wooden_spoon.JPEG,tray,13,69,176,2716,0,0
1743861397587,Google Pixel 7a,TFLite,efficientnet_lite0,wool.JPEG,Christmas stocking,36,87,30,2572,0,0
1743861397587,Google Pixel 7a,TFLite,efficientnet_lite0_int8,wool.JPEG,dumbbell,63,92,12,381,0,0
1743861397588,Google Pixel 7a,PyTorch,mobilenet_v2,wool.JPEG,Christmas stocking,35,09,287,4808,0,4
1743861397939,Google Pixel 7a,TFLite,efficientnet_lite0,worm_fence.JPEG,worm fence,67,30,30,2604,0,1
1743861397939,Google Pixel 7a,TFLite,efficientnet_lite0_int8,worm_fence.JPEG,web site,84,71,12,381,0,0
1743861397939,Google Pixel 7a,PyTorch,mobilenet_v2,worm_fence.JPEG,picket fence,65,49,84,940,0,2
1743861398405,Google Pixel 7a,TFLite,efficientnet_lite0,wreck.JPEG,wreck,76,30,30,0,0,1
1743861398406,Google Pixel 7a,TFLite,efficientnet_lite0_int8,wreck.JPEG,comic book,100,00,13,413,0,0
1743861398406,Google Pixel 7a,PyTorch,mobilenet_v2,wreck.JPEG,breakwater,27,14,173,2604,0,3
1743861398896,Google Pixel 7a,TFLite,efficientnet_lite0,yawl.JPEG,yawl,90,17,30,2636,0,1
1743861398896,Google Pixel 7a,TFLite,efficientnet_lite0_int8,yawl.JPEG,screwdriver,56,86,14,349,0,0
1743861398896,Google Pixel 7a,PyTorch,mobilenet_v2,yawl.JPEG,yawl,30,87,192,2936,0,1
1743861399381,Google Pixel 7a,TFLite,efficientnet_lite0,yellow_lady's_slipper.JPEG,yellow lady's slipper,90,11,28,2604,0,1
1743861399381,Google Pixel 7a,TFLite,efficientnet_lite0_int8,yellow_lady's_slipper.JPEG,stage,52,94,12,381,0,0
1743861399381,Google Pixel 7a,PyTorch,mobilenet_v2,yellow_lady's_slipper.JPEG,yellow lady's slipper,99,11,202,3160,0,1
1743861399748,Google Pixel 7a,TFLite,efficientnet_lite0,yurt.JPEG,yurt,62,00,28,2604,0,1
1743861399748,Google Pixel 7a,TFLite,efficientnet_lite0_int8,yurt.JPEG,sundial,51,76,13,349,0,4
1743861399748,Google Pixel 7a,PyTorch,mobilenet_v2,yurt.JPEG,yurt,58,41,98,1240,0,1
1743861400214,Google Pixel 7a,TFLite,efficientnet_lite0,zebra.JPEG,zebra,91,20,31,0,0,1
1743861400214,Google Pixel 7a,TFLite,efficientnet_lite0_int8,zebra.JPEG,ice bear,50,59,13,381,0,0
1743861400214,Google Pixel 7a,PyTorch,mobilenet_v2,zebra.JPEG,zebra,99,45,181,2936,0,1
1743861400653,Google Pixel 7a,TFLite,efficientnet_lite0,zucchini.JPEG,zucchini,96,39,30,2636,0,1
1743861400653,Google Pixel 7a,TFLite,efficientnet_lite0_int8,zucchini.JPEG,mushroom,51,37,11,349,0,0
1743861400653,Google Pixel 7a,PyTorch,mobilenet_v2,zucchini.JPEG,zucchini,99,47,165,2636,0,1

# Summary
Top-1 Accuracy TFLite,70.5%
Top-5 Accuracy TFLite,83.3%
Top-1 Accuracy TFLite INT8,0.70000005%
Top-5 Accuracy TFLite INT8,3.9%
Top-1 Accuracy PyTorch,67.799995%
Top-5 Accuracy PyTorch,81.8%
Battery Start,55%
Battery End,48%
Battery Used,7%
Average battery per image,0.007%
Model Load Time TFLite,55 ms
Model Load Time TFLite INT8,9 ms
Model Load Time PyTorch,338 ms
Model Size TFLite,18146 KB
Model Size TFLite INT8,5307 KB
Model Size PyTorch,14201 KB
