timestamp,device,framework,model,image,label,score,durationMs,memoryKB,batteryDrop,rank
1743860800763,samsung SM-S928B,TFLite,efficientnet_lite0,Afghan_hound.JPEG,Afghan hound,96,26,22,2099,0,1
1743860800763,samsung SM-S928B,TFLite,efficientnet_lite0_int8,Afghan_hound.JPEG,Norwegian elkhound,50,59,15,365,0,0
1743860800763,samsung SM-S928B,PyTorch,mobilenet_v2,Afghan_hound.JPEG,Afghan hound,36,99,93,2620,0,1
1743860801089,samsung SM-S928B,TFLite,efficientnet_lite0,African_chameleon.JPEG,African chameleon,90,28,19,0,0,1
1743860801089,samsung SM-S928B,TFLite,efficientnet_lite0_int8,African_chameleon.JPEG,frilled lizard,58,82,8,349,0,0
1743860801089,samsung SM-S928B,PyTorch,mobilenet_v2,African_chameleon.JPEG,African chameleon,61,42,66,1224,0,1
1743860801464,samsung SM-S928B,TFLite,efficientnet_lite0,African_crocodile.JPEG,African crocodile,19,45,17,2604,0,1
1743860801464,samsung SM-S928B,TFLite,efficientnet_lite0_int8,African_crocodile.JPEG,ringneck snake,90,98,8,365,0,0
1743860801464,samsung SM-S928B,PyTorch,mobilenet_v2,African_crocodile.JPEG,African crocodile,67,69,99,0,0,1
1743860801837,samsung SM-S928B,TFLite,efficientnet_lite0,African_elephant.JPEG,African elephant,71,81,19,2604,0,0
1743860801838,samsung SM-S928B,TFLite,efficientnet_lite0_int8,African_elephant.JPEG,eel,79,22,8,365,0,0
1743860801838,samsung SM-S928B,PyTorch,mobilenet_v2,African_elephant.JPEG,African elephant,78,69,92,0,0,0
1743860802228,samsung SM-S928B,TFLite,efficientnet_lite0,African_grey.JPEG,African grey,98,57,18,1111,0,1
1743860802228,samsung SM-S928B,TFLite,efficientnet_lite0_int8,African_grey.JPEG,spotted salamander,52,16,8,381,0,0
1743860802228,samsung SM-S928B,PyTorch,mobilenet_v2,African_grey.JPEG,African grey,48,54,100,2796,0,1
1743860802589,samsung SM-S928B,TFLite,efficientnet_lite0,African_hunting_dog.JPEG,African hunting dog,73,17,19,0,0,1
1743860802589,samsung SM-S928B,TFLite,efficientnet_lite0_int8,African_hunting_dog.JPEG,grey fox,58,82,8,349,0,5
1743860802589,samsung SM-S928B,PyTorch,mobilenet_v2,African_hunting_dog.JPEG,African hunting dog,62,40,87,2792,0,1
1743860802944,samsung SM-S928B,TFLite,efficientnet_lite0,Airedale.JPEG,soft-coated wheaten terrier,34,87,18,2604,0,2
1743860802944,samsung SM-S928B,TFLite,efficientnet_lite0_int8,Airedale.JPEG,curly-coated retriever,67,84,8,381,0,0
1743860802944,samsung SM-S928B,PyTorch,mobilenet_v2,Airedale.JPEG,Airedale,8,05,83,2584,0,1
1743860803305,samsung SM-S928B,TFLite,efficientnet_lite0,American_Staffordshire_terrier.JPEG,American Staffordshire terrier,59,64,19,0,0,1
1743860803305,samsung SM-S928B,TFLite,efficientnet_lite0_int8,American_Staffordshire_terrier.JPEG,Irish terrier,82,35,8,365,0,0
1743860803306,samsung SM-S928B,PyTorch,mobilenet_v2,American_Staffordshire_terrier.JPEG,American Staffordshire terrier,20,00,86,2620,0,1
1743860803655,samsung SM-S928B,TFLite,efficientnet_lite0,American_alligator.JPEG,American alligator,68,06,19,2620,0,1
1743860803655,samsung SM-S928B,TFLite,efficientnet_lite0_int8,American_alligator.JPEG,ringneck snake,74,90,8,349,0,0
1743860803655,samsung SM-S928B,PyTorch,mobilenet_v2,American_alligator.JPEG,American alligator,68,67,82,2616,0,1
1743860804012,samsung SM-S928B,TFLite,efficientnet_lite0,American_black_bear.JPEG,American black bear,87,37,18,0,0,1
1743860804012,samsung SM-S928B,TFLite,efficientnet_lite0_int8,American_black_bear.JPEG,ladybug,54,51,8,365,0,0
1743860804013,samsung SM-S928B,PyTorch,mobilenet_v2,American_black_bear.JPEG,American black bear,71,78,95,2936,0,1
1743860804393,samsung SM-S928B,TFLite,efficientnet_lite0,American_chameleon.JPEG,American chameleon,70,03,46,0,0,1
1743860804393,samsung SM-S928B,TFLite,efficientnet_lite0_int8,American_chameleon.JPEG,American alligator,70,20,8,349,0,0
1743860804393,samsung SM-S928B,PyTorch,mobilenet_v2,American_chameleon.JPEG,American chameleon,48,22,86,2604,0,1
1743860804763,samsung SM-S928B,TFLite,efficientnet_lite0,American_coot.JPEG,European gallinule,20,31,18,2604,0,2
1743860804764,samsung SM-S928B,TFLite,efficientnet_lite0_int8,American_coot.JPEG,redshank,65,88,7,349,0,3
1743860804764,samsung SM-S928B,PyTorch,mobilenet_v2,American_coot.JPEG,American coot,11,16,106,0,0,1
1743860805127,samsung SM-S928B,TFLite,efficientnet_lite0,American_egret.JPEG,American egret,76,19,19,2572,0,1
1743860805127,samsung SM-S928B,TFLite,efficientnet_lite0_int8,American_egret.JPEG,bustard,56,47,8,349,0,0
1743860805127,samsung SM-S928B,PyTorch,mobilenet_v2,American_egret.JPEG,American egret,86,27,103,2808,0,1
1743860805540,samsung SM-S928B,TFLite,efficientnet_lite0,American_lobster.JPEG,American lobster,32,18,20,2620,0,1
1743860805541,samsung SM-S928B,TFLite,efficientnet_lite0_int8,American_lobster.JPEG,isopod,69,80,7,365,0,5
1743860805541,samsung SM-S928B,PyTorch,mobilenet_v2,American_lobster.JPEG,plate,3,62,141,4808,0,0
1743860806100,samsung SM-S928B,TFLite,efficientnet_lite0,Angora.JPEG,Angora,82,23,19,2620,0,1
1743860806100,samsung SM-S928B,TFLite,efficientnet_lite0_int8,Angora.JPEG,beaver,63,92,8,349,0,0
1743860806101,samsung SM-S928B,PyTorch,mobilenet_v2,Angora.JPEG,Angora,8,56,232,3472,0,1
1743860806447,samsung SM-S928B,TFLite,efficientnet_lite0,Appenzeller.JPEG,Greater Swiss Mountain dog,33,81,19,2572,0,3
1743860806447,samsung SM-S928B,TFLite,efficientnet_lite0_int8,Appenzeller.JPEG,boxer,85,10,8,349,0,0
1743860806447,samsung SM-S928B,PyTorch,mobilenet_v2,Appenzeller.JPEG,Bernese mountain dog,47,29,89,2936,0,2
1743860806798,samsung SM-S928B,TFLite,efficientnet_lite0,Arabian_camel.JPEG,Arabian camel,88,24,18,2604,0,1
1743860806799,samsung SM-S928B,TFLite,efficientnet_lite0_int8,Arabian_camel.JPEG,junco,56,86,7,349,0,0
1743860806799,samsung SM-S928B,PyTorch,mobilenet_v2,Arabian_camel.JPEG,Arabian camel,29,83,109,0,0,1
1743860807274,samsung SM-S928B,TFLite,efficientnet_lite0,Arctic_fox.JPEG,Arctic fox,90,36,20,2588,0,1
1743860807274,samsung SM-S928B,TFLite,efficientnet_lite0_int8,Arctic_fox.JPEG,rock beauty,55,69,8,365,0,0
1743860807274,samsung SM-S928B,PyTorch,mobilenet_v2,Arctic_fox.JPEG,Arctic fox,12,38,185,0,0,1
1743860807595,samsung SM-S928B,TFLite,efficientnet_lite0,Australian_terrier.JPEG,Yorkshire terrier,68,66,19,2604,0,2
1743860807595,samsung SM-S928B,TFLite,efficientnet_lite0_int8,Australian_terrier.JPEG,flat-coated retriever,53,33,8,349,0,0
1743860807596,samsung SM-S928B,PyTorch,mobilenet_v2,Australian_terrier.JPEG,Yorkshire terrier,26,28,79,2616,0,2
1743860807948,samsung SM-S928B,TFLite,efficientnet_lite0,Band_Aid.JPEG,Band Aid,97,70,17,2604,0,1
1743860807948,samsung SM-S928B,TFLite,efficientnet_lite0_int8,Band_Aid.JPEG,paintbrush,50,98,7,0,0,0
1743860807948,samsung SM-S928B,PyTorch,mobilenet_v2,Band_Aid.JPEG,Band Aid,78,28,94,2952,0,1
1743860808222,samsung SM-S928B,TFLite,efficientnet_lite0,Bedlington_terrier.JPEG,Bedlington terrier,84,33,19,0,0,1
1743860808222,samsung SM-S928B,TFLite,efficientnet_lite0_int8,Bedlington_terrier.JPEG,Border collie,52,94,8,365,0,0
1743860808222,samsung SM-S928B,PyTorch,mobilenet_v2,Bedlington_terrier.JPEG,Bedlington terrier,99,91,44,552,0,1
1743860808574,samsung SM-S928B,TFLite,efficientnet_lite0,Bernese_mountain_dog.JPEG,Greater Swiss Mountain dog,31,82,18,2588,0,2
1743860808575,samsung SM-S928B,TFLite,efficientnet_lite0_int8,Bernese_mountain_dog.JPEG,boxer,90,98,7,381,0,0
1743860808575,samsung SM-S928B,PyTorch,mobilenet_v2,Bernese_mountain_dog.JPEG,Bernese mountain dog,31,02,106,0,0,1
1743860808915,samsung SM-S928B,TFLite,efficientnet_lite0,Blenheim_spaniel.JPEG,Blenheim spaniel,52,02,20,2588,0,1
1743860808915,samsung SM-S928B,TFLite,efficientnet_lite0_int8,Blenheim_spaniel.JPEG,schipperke,68,24,7,365,0,0
1743860808915,samsung SM-S928B,PyTorch,mobilenet_v2,Blenheim_spaniel.JPEG,Blenheim spaniel,6,44,79,2952,0,1
1743860809274,samsung SM-S928B,TFLite,efficientnet_lite0,Border_collie.JPEG,Border collie,92,22,18,0,0,2
1743860809274,samsung SM-S928B,TFLite,efficientnet_lite0_int8,Border_collie.JPEG,German shepherd,56,08,9,397,0,0
1743860809274,samsung SM-S928B,PyTorch,mobilenet_v2,Border_collie.JPEG,Border collie,13,37,97,2604,0,2
1743860809628,samsung SM-S928B,TFLite,efficientnet_lite0,Border_terrier.JPEG,Border terrier,96,49,20,2620,0,1
1743860809628,samsung SM-S928B,TFLite,efficientnet_lite0_int8,Border_terrier.JPEG,wire-haired fox terrier,50,98,8,365,0,0
1743860809629,samsung SM-S928B,PyTorch,mobilenet_v2,Border_terrier.JPEG,Border terrier,83,21,103,2936,0,1
1743860810152,samsung SM-S928B,TFLite,efficientnet_lite0,Boston_bull.JPEG,Boston bull,94,31,18,0,0,1
1743860810153,samsung SM-S928B,TFLite,efficientnet_lite0_int8,Boston_bull.JPEG,malamute,52,94,7,381,0,0
1743860810153,samsung SM-S928B,PyTorch,mobilenet_v2,Boston_bull.JPEG,Boston bull,19,49,239,4579,0,1
1743860810492,samsung SM-S928B,TFLite,efficientnet_lite0,Bouvier_des_Flandres.JPEG,Bouvier des Flandres,47,28,20,2604,0,1
1743860810492,samsung SM-S928B,TFLite,efficientnet_lite0_int8,Bouvier_des_Flandres.JPEG,miniature pinscher,61,96,7,365,0,0
1743860810493,samsung SM-S928B,PyTorch,mobilenet_v2,Bouvier_des_Flandres.JPEG,Bouvier des Flandres,13,17,92,2704,0,1
1743860810927,samsung SM-S928B,TFLite,efficientnet_lite0,Brabancon_griffon.JPEG,Brabancon griffon,91,89,18,2604,0,1
1743860810928,samsung SM-S928B,TFLite,efficientnet_lite0_int8,Brabancon_griffon.JPEG,Newfoundland,52,16,7,349,0,0
1743860810928,samsung SM-S928B,PyTorch,mobilenet_v2,Brabancon_griffon.JPEG,Brabancon griffon,66,90,179,0,0,1
1743860811692,samsung SM-S928B,TFLite,efficientnet_lite0,Brittany_spaniel.JPEG,Welsh springer spaniel,33,30,19,2604,0,2
1743860811692,samsung SM-S928B,TFLite,efficientnet_lite0_int8,Brittany_spaniel.JPEG,kuvasz,63,92,7,365,0,0
1743860811692,samsung SM-S928B,PyTorch,mobilenet_v2,Brittany_spaniel.JPEG,Brittany spaniel,11,15,485,0,0,1
1743860812001,samsung SM-S928B,TFLite,efficientnet_lite0,CD_player.JPEG,CD player,87,36,18,2620,0,1
1743860812001,samsung SM-S928B,TFLite,efficientnet_lite0_int8,CD_player.JPEG,shoji,66,27,7,349,0,0
1743860812001,samsung SM-S928B,PyTorch,mobilenet_v2,CD_player.JPEG,CD player,17,28,85,2664,0,1
1743860812364,samsung SM-S928B,TFLite,efficientnet_lite0,Cardigan.JPEG,Cardigan,63,65,18,2588,0,1
1743860812364,samsung SM-S928B,TFLite,efficientnet_lite0_int8,Cardigan.JPEG,Mexican hairless,87,45,7,365,0,0
1743860812364,samsung SM-S928B,PyTorch,mobilenet_v2,Cardigan.JPEG,Cardigan,37,74,123,2936,0,1
1743860812692,samsung SM-S928B,TFLite,efficientnet_lite0,Chesapeake_Bay_retriever.JPEG,Chesapeake Bay retriever,80,91,18,2604,0,1
1743860812692,samsung SM-S928B,TFLite,efficientnet_lite0_int8,Chesapeake_Bay_retriever.JPEG,English setter,81,57,7,349,0,0
1743860812693,samsung SM-S928B,PyTorch,mobilenet_v2,Chesapeake_Bay_retriever.JPEG,otter,9,82,91,2936,0,4
1743860812998,samsung SM-S928B,TFLite,efficientnet_lite0,Chihuahua.JPEG,Chihuahua,92,31,17,2588,0,1
1743860812999,samsung SM-S928B,TFLite,efficientnet_lite0_int8,Chihuahua.JPEG,beagle,52,55,6,349,0,0
1743860812999,samsung SM-S928B,PyTorch,mobilenet_v2,Chihuahua.JPEG,Chihuahua,9,55,71,2936,0,1
1743860813379,samsung SM-S928B,TFLite,efficientnet_lite0,Christmas_stocking.JPEG,Christmas stocking,99,14,21,0,0,1
1743860813379,samsung SM-S928B,TFLite,efficientnet_lite0_int8,Christmas_stocking.JPEG,tench,50,20,8,365,0,0
1743860813379,samsung SM-S928B,PyTorch,mobilenet_v2,Christmas_stocking.JPEG,Christmas stocking,89,24,102,2616,0,1
1743860813724,samsung SM-S928B,TFLite,efficientnet_lite0,Crock_Pot.JPEG,Crock Pot,68,96,19,2604,0,1
1743860813725,samsung SM-S928B,TFLite,efficientnet_lite0_int8,Crock_Pot.JPEG,dam,99,61,7,349,0,0
1743860813725,samsung SM-S928B,PyTorch,mobilenet_v2,Crock_Pot.JPEG,ashcan,4,87,95,0,0,3
1743860814037,samsung SM-S928B,TFLite,efficientnet_lite0,Dandie_Dinmont.JPEG,Dandie Dinmont,91,06,19,2588,0,1
1743860814038,samsung SM-S928B,TFLite,efficientnet_lite0_int8,Dandie_Dinmont.JPEG,Norwich terrier,58,04,7,349,0,0
1743860814038,samsung SM-S928B,PyTorch,mobilenet_v2,Dandie_Dinmont.JPEG,Dandie Dinmont,15,35,68,1896,0,1
1743860814408,samsung SM-S928B,TFLite,efficientnet_lite0,Doberman.JPEG,Doberman,50,80,18,0,0,1
1743860814408,samsung SM-S928B,TFLite,efficientnet_lite0_int8,Doberman.JPEG,red wolf,68,63,8,381,0,0
1743860814408,samsung SM-S928B,PyTorch,mobilenet_v2,Doberman.JPEG,Weimaraner,13,57,112,2952,0,2
1743860814724,samsung SM-S928B,TFLite,efficientnet_lite0,Dungeness_crab.JPEG,fiddler crab,86,79,20,2620,0,0
1743860814724,samsung SM-S928B,TFLite,efficientnet_lite0_int8,Dungeness_crab.JPEG,fly,52,55,9,381,0,0
1743860814725,samsung SM-S928B,PyTorch,mobilenet_v2,Dungeness_crab.JPEG,fiddler crab,88,94,72,1820,0,0
1743860815030,samsung SM-S928B,TFLite,efficientnet_lite0,Dutch_oven.JPEG,bucket,41,82,19,2572,0,2
1743860815030,samsung SM-S928B,TFLite,efficientnet_lite0_int8,Dutch_oven.JPEG,butcher shop,98,43,7,381,0,0
1743860815031,samsung SM-S928B,PyTorch,mobilenet_v2,Dutch_oven.JPEG,Dutch oven,48,07,71,0,0,1
1743860815393,samsung SM-S928B,TFLite,efficientnet_lite0,Egyptian_cat.JPEG,Egyptian cat,37,80,20,2604,0,1
1743860815394,samsung SM-S928B,TFLite,efficientnet_lite0_int8,Egyptian_cat.JPEG,snow leopard,84,31,7,349,0,3
1743860815394,samsung SM-S928B,PyTorch,mobilenet_v2,Egyptian_cat.JPEG,Egyptian cat,50,44,112,0,0,1
1743860815666,samsung SM-S928B,TFLite,efficientnet_lite0,English_foxhound.JPEG,English foxhound,75,64,19,2588,0,1
1743860815666,samsung SM-S928B,TFLite,efficientnet_lite0_int8,English_foxhound.JPEG,Irish wolfhound,68,63,7,349,0,0
1743860815667,samsung SM-S928B,PyTorch,mobilenet_v2,English_foxhound.JPEG,English foxhound,84,41,43,632,0,1
1743860816049,samsung SM-S928B,TFLite,efficientnet_lite0,English_setter.JPEG,English setter,24,80,18,0,0,1
1743860816050,samsung SM-S928B,TFLite,efficientnet_lite0_int8,English_setter.JPEG,black-and-tan coonhound,68,63,11,365,0,0
1743860816050,samsung SM-S928B,PyTorch,mobilenet_v2,English_setter.JPEG,American Staffordshire terrier,10,18,116,2936,0,0
1743860816396,samsung SM-S928B,TFLite,efficientnet_lite0,English_springer.JPEG,English springer,84,02,20,2604,0,1
1743860816396,samsung SM-S928B,TFLite,efficientnet_lite0_int8,English_springer.JPEG,Irish water spaniel,78,82,9,365,0,0
1743860816396,samsung SM-S928B,PyTorch,mobilenet_v2,English_springer.JPEG,English springer,61,71,103,0,0,1
1743860816748,samsung SM-S928B,TFLite,efficientnet_lite0,EntleBucher.JPEG,Greater Swiss Mountain dog,13,41,18,0,0,2
1743860816748,samsung SM-S928B,TFLite,efficientnet_lite0_int8,EntleBucher.JPEG,boxer,61,96,8,365,0,0
1743860816748,samsung SM-S928B,PyTorch,mobilenet_v2,EntleBucher.JPEG,EntleBucher,12,48,97,2952,0,1
1743860817036,samsung SM-S928B,TFLite,efficientnet_lite0,Eskimo_dog.JPEG,Eskimo dog,45,71,17,0,0,1
1743860817036,samsung SM-S928B,TFLite,efficientnet_lite0_int8,Eskimo_dog.JPEG,affenpinscher,91,76,8,365,0,0
1743860817036,samsung SM-S928B,PyTorch,mobilenet_v2,Eskimo_dog.JPEG,Eskimo dog,75,16,66,848,0,1
1743860817387,samsung SM-S928B,TFLite,efficientnet_lite0,European_fire_salamander.JPEG,European fire salamander,92,12,19,2604,0,1
1743860817387,samsung SM-S928B,TFLite,efficientnet_lite0_int8,European_fire_salamander.JPEG,tailed frog,53,33,8,349,0,0
1743860817387,samsung SM-S928B,PyTorch,mobilenet_v2,European_fire_salamander.JPEG,European fire salamander,54,59,96,0,0,1
1743860817735,samsung SM-S928B,TFLite,efficientnet_lite0,European_gallinule.JPEG,European gallinule,94,63,18,0,0,1
1743860817735,samsung SM-S928B,TFLite,efficientnet_lite0_int8,European_gallinule.JPEG,wallaby,50,59,8,365,0,0
1743860817735,samsung SM-S928B,PyTorch,mobilenet_v2,European_gallinule.JPEG,European gallinule,91,88,99,2936,0,1
1743860818083,samsung SM-S928B,TFLite,efficientnet_lite0,French_bulldog.JPEG,French bulldog,66,51,18,0,0,1
1743860818083,samsung SM-S928B,TFLite,efficientnet_lite0_int8,French_bulldog.JPEG,malamute,81,96,7,365,0,0
1743860818083,samsung SM-S928B,PyTorch,mobilenet_v2,French_bulldog.JPEG,French bulldog,15,77,104,2936,0,1
1743860818452,samsung SM-S928B,TFLite,efficientnet_lite0,French_horn.JPEG,French horn,89,51,32,0,0,1
1743860818452,samsung SM-S928B,TFLite,efficientnet_lite0_int8,French_horn.JPEG,schooner,51,37,7,349,0,0
1743860818452,samsung SM-S928B,PyTorch,mobilenet_v2,French_horn.JPEG,French horn,26,50,117,2648,0,1
1743860818808,samsung SM-S928B,TFLite,efficientnet_lite0,French_loaf.JPEG,French loaf,95,15,20,2620,0,1
1743860818808,samsung SM-S928B,TFLite,efficientnet_lite0_int8,French_loaf.JPEG,head cabbage,50,59,8,349,0,0
1743860818808,samsung SM-S928B,PyTorch,mobilenet_v2,French_loaf.JPEG,French loaf,69,38,111,0,0,1
1743860819139,samsung SM-S928B,TFLite,efficientnet_lite0,German_shepherd.JPEG,German shepherd,34,39,18,2588,0,1
1743860819139,samsung SM-S928B,TFLite,efficientnet_lite0_int8,German_shepherd.JPEG,Bernese mountain dog,64,71,7,349,0,0
1743860819139,samsung SM-S928B,PyTorch,mobilenet_v2,German_shepherd.JPEG,German shepherd,9,36,87,2600,0,1
1743860819516,samsung SM-S928B,TFLite,efficientnet_lite0,German_short-haired_pointer.JPEG,German short-haired pointer,75,75,18,0,0,0
1743860819516,samsung SM-S928B,TFLite,efficientnet_lite0_int8,German_short-haired_pointer.JPEG,Irish setter,52,16,13,397,0,0
1743860819516,samsung SM-S928B,PyTorch,mobilenet_v2,German_short-haired_pointer.JPEG,German short-haired pointer,9,47,104,2936,0,0
1743860819881,samsung SM-S928B,TFLite,efficientnet_lite0,Gila_monster.JPEG,Gila monster,90,32,18,2636,0,1
1743860819881,samsung SM-S928B,TFLite,efficientnet_lite0_int8,Gila_monster.JPEG,agama,50,59,13,365,0,0
1743860819881,samsung SM-S928B,PyTorch,mobilenet_v2,Gila_monster.JPEG,Gila monster,87,93,91,2952,0,1
1743860820237,samsung SM-S928B,TFLite,efficientnet_lite0,Gordon_setter.JPEG,Gordon setter,97,43,19,0,0,1
1743860820238,samsung SM-S928B,TFLite,efficientnet_lite0_int8,Gordon_setter.JPEG,Tibetan mastiff,50,98,9,381,0,0
1743860820238,samsung SM-S928B,PyTorch,mobilenet_v2,Gordon_setter.JPEG,Gordon setter,53,93,98,3160,0,1
1743860820584,samsung SM-S928B,TFLite,efficientnet_lite0,Granny_Smith.JPEG,Granny Smith,97,67,19,2636,0,1
1743860820585,samsung SM-S928B,TFLite,efficientnet_lite0_int8,Granny_Smith.JPEG,jackfruit,59,61,10,365,0,0
1743860820585,samsung SM-S928B,PyTorch,mobilenet_v2,Granny_Smith.JPEG,Granny Smith,71,87,97,1136,0,1
1743860821066,samsung SM-S928B,TFLite,efficientnet_lite0,Great_Dane.JPEG,Great Dane,73,14,22,2604,0,1
1743860821067,samsung SM-S928B,TFLite,efficientnet_lite0_int8,Great_Dane.JPEG,Siberian husky,74,12,9,365,0,0
1743860821067,samsung SM-S928B,PyTorch,mobilenet_v2,Great_Dane.JPEG,Great Dane,8,25,238,0,0,1
1743860821593,samsung SM-S928B,TFLite,efficientnet_lite0,Great_Pyrenees.JPEG,Samoyed,49,43,24,0,0,2
1743860821593,samsung SM-S928B,TFLite,efficientnet_lite0_int8,Great_Pyrenees.JPEG,keeshond,80,00,11,365,0,0
1743860821593,samsung SM-S928B,PyTorch,mobilenet_v2,Great_Pyrenees.JPEG,Great Pyrenees,25,61,237,2624,0,1
1743860822064,samsung SM-S928B,TFLite,efficientnet_lite0,Greater_Swiss_Mountain_dog.JPEG,Greater Swiss Mountain dog,48,41,23,0,0,1
1743860822064,samsung SM-S928B,TFLite,efficientnet_lite0_int8,Greater_Swiss_Mountain_dog.JPEG,Tibetan mastiff,83,14,10,365,0,0
1743860822064,samsung SM-S928B,PyTorch,mobilenet_v2,Greater_Swiss_Mountain_dog.JPEG,EntleBucher,36,08,217,2720,0,2
1743860822650,samsung SM-S928B,TFLite,efficientnet_lite0,Ibizan_hound.JPEG,Ibizan hound,75,46,22,2604,0,1
1743860822650,samsung SM-S928B,TFLite,efficientnet_lite0_int8,Ibizan_hound.JPEG,beagle,56,08,13,365,0,0
1743860822650,samsung SM-S928B,PyTorch,mobilenet_v2,Ibizan_hound.JPEG,Ibizan hound,71,05,228,2768,0,1
1743860823120,samsung SM-S928B,TFLite,efficientnet_lite0,Indian_cobra.JPEG,Indian cobra,67,45,24,0,0,1
1743860823120,samsung SM-S928B,TFLite,efficientnet_lite0_int8,Indian_cobra.JPEG,diamondback,92,55,10,349,0,0
1743860823120,samsung SM-S928B,PyTorch,mobilenet_v2,Indian_cobra.JPEG,Indian cobra,97,13,207,1824,0,1
1743860823583,samsung SM-S928B,TFLite,efficientnet_lite0,Indian_elephant.JPEG,Indian elephant,95,69,23,2620,0,0
1743860823583,samsung SM-S928B,TFLite,efficientnet_lite0_int8,Indian_elephant.JPEG,koala,52,55,12,365,0,0
1743860823583,samsung SM-S928B,PyTorch,mobilenet_v2,Indian_elephant.JPEG,Indian elephant,69,45,191,2620,0,0
1743860824015,samsung SM-S928B,TFLite,efficientnet_lite0,Irish_setter.JPEG,Irish setter,87,30,23,0,0,1
1743860824015,samsung SM-S928B,TFLite,efficientnet_lite0_int8,Irish_setter.JPEG,Chesapeake Bay retriever,65,10,10,349,0,0
1743860824015,samsung SM-S928B,PyTorch,mobilenet_v2,Irish_setter.JPEG,Irish setter,55,61,184,1632,0,1
1743860824525,samsung SM-S928B,TFLite,efficientnet_lite0,Irish_terrier.JPEG,Irish terrier,41,90,24,2588,0,1
1743860824525,samsung SM-S928B,TFLite,efficientnet_lite0_int8,Irish_terrier.JPEG,wire-haired fox terrier,90,20,10,381,0,0
1743860824526,samsung SM-S928B,PyTorch,mobilenet_v2,Irish_terrier.JPEG,tub,4,78,247,0,0,5
1743860824975,samsung SM-S928B,TFLite,efficientnet_lite0,Irish_water_spaniel.JPEG,Irish water spaniel,92,75,48,0,0,1
1743860824975,samsung SM-S928B,TFLite,efficientnet_lite0_int8,Irish_water_spaniel.JPEG,red wolf,56,86,13,349,0,0
1743860824975,samsung SM-S928B,PyTorch,mobilenet_v2,Irish_water_spaniel.JPEG,Irish water spaniel,92,78,149,316,0,1
1743860825440,samsung SM-S928B,TFLite,efficientnet_lite0,Irish_wolfhound.JPEG,Irish wolfhound,48,54,27,2588,0,1
1743860825440,samsung SM-S928B,TFLite,efficientnet_lite0_int8,Irish_wolfhound.JPEG,Bedlington terrier,88,63,12,349,0,0
1743860825440,samsung SM-S928B,PyTorch,mobilenet_v2,Irish_wolfhound.JPEG,Irish wolfhound,60,12,162,808,0,1
1743860830042,samsung SM-S928B,TFLite,efficientnet_lite0,Italian_greyhound.JPEG,feather boa,8,87,29,2588,0,3
1743860830042,samsung SM-S928B,TFLite,efficientnet_lite0_int8,Italian_greyhound.JPEG,fire screen,73,33,13,349,0,0
1743860830042,samsung SM-S928B,PyTorch,mobilenet_v2,Italian_greyhound.JPEG,Italian greyhound,1,34,3666,56906,0,1
1743860830611,samsung SM-S928B,TFLite,efficientnet_lite0,Japanese_spaniel.JPEG,Japanese spaniel,58,63,29,2572,0,1
1743860830612,samsung SM-S928B,TFLite,efficientnet_lite0_int8,Japanese_spaniel.JPEG,toy terrier,55,29,13,349,0,0
1743860830612,samsung SM-S928B,PyTorch,mobilenet_v2,Japanese_spaniel.JPEG,Japanese spaniel,74,06,225,2200,0,1
1743860831170,samsung SM-S928B,TFLite,efficientnet_lite0,Kerry_blue_terrier.JPEG,Kerry blue terrier,85,64,27,2588,0,1
1743860831170,samsung SM-S928B,TFLite,efficientnet_lite0_int8,Kerry_blue_terrier.JPEG,malinois,54,90,12,349,0,0
1743860831171,samsung SM-S928B,PyTorch,mobilenet_v2,Kerry_blue_terrier.JPEG,Kerry blue terrier,82,62,249,2380,0,1
1743860831997,samsung SM-S928B,TFLite,efficientnet_lite0,Komodo_dragon.JPEG,Komodo dragon,75,31,29,2588,0,1
1743860831998,samsung SM-S928B,TFLite,efficientnet_lite0_int8,Komodo_dragon.JPEG,thunder snake,90,98,13,349,0,0
1743860831998,samsung SM-S928B,PyTorch,mobilenet_v2,Komodo_dragon.JPEG,Komodo dragon,20,51,461,7504,0,1
1743860832629,samsung SM-S928B,TFLite,efficientnet_lite0,Labrador_retriever.JPEG,Labrador retriever,83,12,27,0,0,1
1743860832630,samsung SM-S928B,TFLite,efficientnet_lite0_int8,Labrador_retriever.JPEG,Chesapeake Bay retriever,85,10,13,365,0,0
1743860832630,samsung SM-S928B,PyTorch,mobilenet_v2,Labrador_retriever.JPEG,Labrador retriever,33,30,255,2936,0,1
1743860833067,samsung SM-S928B,TFLite,efficientnet_lite0,Lakeland_terrier.JPEG,Lakeland terrier,85,70,29,0,0,1
1743860833067,samsung SM-S928B,TFLite,efficientnet_lite0_int8,Lakeland_terrier.JPEG,cairn,56,86,13,365,0,0
1743860833067,samsung SM-S928B,PyTorch,mobilenet_v2,Lakeland_terrier.JPEG,Lakeland terrier,84,47,138,672,0,1
1743860833627,samsung SM-S928B,TFLite,efficientnet_lite0,Leonberg.JPEG,Leonberg,88,67,27,2572,0,1
1743860833628,samsung SM-S928B,TFLite,efficientnet_lite0_int8,Leonberg.JPEG,black-footed ferret,62,75,12,0,0,0
1743860833628,samsung SM-S928B,PyTorch,mobilenet_v2,Leonberg.JPEG,Leonberg,91,53,249,2620,0,1
1743860834198,samsung SM-S928B,TFLite,efficientnet_lite0,Lhasa.JPEG,plastic bag,22,86,29,0,0,0
1743860834198,samsung SM-S928B,TFLite,efficientnet_lite0_int8,Lhasa.JPEG,space shuttle,53,73,13,349,0,0
1743860834198,samsung SM-S928B,PyTorch,mobilenet_v2,Lhasa.JPEG,sweatshirt,1,56,260,2652,0,0
1743860834785,samsung SM-S928B,TFLite,efficientnet_lite0,Loafer.JPEG,Loafer,94,15,27,2588,0,1
1743860834785,samsung SM-S928B,TFLite,efficientnet_lite0_int8,Loafer.JPEG,scale,51,76,12,0,0,0
1743860834786,samsung SM-S928B,PyTorch,mobilenet_v2,Loafer.JPEG,Loafer,92,58,272,2952,0,1
1743860835408,samsung SM-S928B,TFLite,efficientnet_lite0,Madagascar_cat.JPEG,African crocodile,17,44,30,2604,0,4
1743860835408,samsung SM-S928B,TFLite,efficientnet_lite0_int8,Madagascar_cat.JPEG,hognose snake,86,67,13,349,0,0
1743860835408,samsung SM-S928B,PyTorch,mobilenet_v2,Madagascar_cat.JPEG,Madagascar cat,13,29,303,2988,0,1
1743860836017,samsung SM-S928B,TFLite,efficientnet_lite0,Maltese_dog.JPEG,Maltese dog,72,25,27,0,0,1
1743860836018,samsung SM-S928B,TFLite,efficientnet_lite0_int8,Maltese_dog.JPEG,Rhodesian ridgeback,54,51,14,365,0,0
1743860836018,samsung SM-S928B,PyTorch,mobilenet_v2,Maltese_dog.JPEG,Maltese dog,44,29,266,2936,0,1
1743860836448,samsung SM-S928B,TFLite,efficientnet_lite0,Mexican_hairless.JPEG,Mexican hairless,98,72,27,0,0,1
1743860836449,samsung SM-S928B,TFLite,efficientnet_lite0_int8,Mexican_hairless.JPEG,otterhound,50,59,13,365,0,0
1743860836449,samsung SM-S928B,PyTorch,mobilenet_v2,Mexican_hairless.JPEG,Mexican hairless,99,77,130,984,0,1
1743860837004,samsung SM-S928B,TFLite,efficientnet_lite0,Model_T.JPEG,Model T,90,28,25,0,0,1
1743860837004,samsung SM-S928B,TFLite,efficientnet_lite0_int8,Model_T.JPEG,hair spray,68,24,12,349,0,0
1743860837004,samsung SM-S928B,PyTorch,mobilenet_v2,Model_T.JPEG,Model T,84,49,243,3100,0,1
1743860837547,samsung SM-S928B,TFLite,efficientnet_lite0,Newfoundland.JPEG,Newfoundland,67,16,25,0,0,1
1743860837547,samsung SM-S928B,TFLite,efficientnet_lite0_int8,Newfoundland.JPEG,Eskimo dog,62,35,12,365,0,0
1743860837548,samsung SM-S928B,PyTorch,mobilenet_v2,Newfoundland.JPEG,Newfoundland,64,90,233,3128,0,1
1743860838140,samsung SM-S928B,TFLite,efficientnet_lite0,Norfolk_terrier.JPEG,Norfolk terrier,49,04,28,0,0,1
1743860838140,samsung SM-S928B,TFLite,efficientnet_lite0_int8,Norfolk_terrier.JPEG,Lakeland terrier,96,86,13,349,0,0
1743860838140,samsung SM-S928B,PyTorch,mobilenet_v2,Norfolk_terrier.JPEG,Norfolk terrier,32,38,274,0,0,1
1743860838538,samsung SM-S928B,TFLite,efficientnet_lite0,Norwegian_elkhound.JPEG,Eskimo dog,31,68,28,0,0,0
1743860838538,samsung SM-S928B,TFLite,efficientnet_lite0_int8,Norwegian_elkhound.JPEG,affenpinscher,71,76,12,349,0,0
1743860838539,samsung SM-S928B,PyTorch,mobilenet_v2,Norwegian_elkhound.JPEG,Eskimo dog,58,09,122,428,0,0
1743860839028,samsung SM-S928B,TFLite,efficientnet_lite0,Norwich_terrier.JPEG,Norwich terrier,56,88,26,2572,0,1
1743860839029,samsung SM-S928B,TFLite,efficientnet_lite0_int8,Norwich_terrier.JPEG,Lakeland terrier,55,69,11,349,0,0
1743860839029,samsung SM-S928B,PyTorch,mobilenet_v2,Norwich_terrier.JPEG,Norwich terrier,15,99,202,0,0,1
1743860839602,samsung SM-S928B,TFLite,efficientnet_lite0,Old_English_sheepdog.JPEG,Old English sheepdog,81,06,28,2588,0,1
1743860839603,samsung SM-S928B,TFLite,efficientnet_lite0_int8,Old_English_sheepdog.JPEG,Border collie,74,90,12,349,0,0
1743860839603,samsung SM-S928B,PyTorch,mobilenet_v2,Old_English_sheepdog.JPEG,Old English sheepdog,37,62,266,0,0,1
1743860840282,samsung SM-S928B,TFLite,efficientnet_lite0,Pekinese.JPEG,Pekinese,97,34,29,2588,0,1
1743860840283,samsung SM-S928B,TFLite,efficientnet_lite0_int8,Pekinese.JPEG,Blenheim spaniel,52,16,13,381,0,0
1743860840283,samsung SM-S928B,PyTorch,mobilenet_v2,Pekinese.JPEG,Pekinese,37,22,328,3928,0,1
1743860840919,samsung SM-S928B,TFLite,efficientnet_lite0,Pembroke.JPEG,Pembroke,88,14,29,2588,0,1
1743860840919,samsung SM-S928B,TFLite,efficientnet_lite0_int8,Pembroke.JPEG,Mexican hairless,54,51,13,365,0,0
1743860840919,samsung SM-S928B,PyTorch,mobilenet_v2,Pembroke.JPEG,Pembroke,73,10,295,2920,0,1
1743860841509,samsung SM-S928B,TFLite,efficientnet_lite0,Persian_cat.JPEG,Persian cat,88,30,29,0,0,1
1743860841509,samsung SM-S928B,TFLite,efficientnet_lite0_int8,Persian_cat.JPEG,lion,54,90,13,365,0,0
1743860841509,samsung SM-S928B,PyTorch,mobilenet_v2,Persian_cat.JPEG,Persian cat,72,70,273,3336,0,1
1743860841953,samsung SM-S928B,TFLite,efficientnet_lite0,Petri_dish.JPEG,Petri dish,62,80,27,2595,0,1
1743860841953,samsung SM-S928B,TFLite,efficientnet_lite0_int8,Petri_dish.JPEG,motor scooter,60,39,14,365,0,0
1743860841953,samsung SM-S928B,PyTorch,mobilenet_v2,Petri_dish.JPEG,Petri dish,83,69,137,492,0,1
1743860842521,samsung SM-S928B,TFLite,efficientnet_lite0,Polaroid_camera.JPEG,Polaroid camera,82,02,29,2588,0,1
1743860842521,samsung SM-S928B,TFLite,efficientnet_lite0_int8,Polaroid_camera.JPEG,thimble,58,82,12,365,0,0
1743860842521,samsung SM-S928B,PyTorch,mobilenet_v2,Polaroid_camera.JPEG,Polaroid camera,14,69,251,0,0,1
1743860843107,samsung SM-S928B,TFLite,efficientnet_lite0,Pomeranian.JPEG,Pomeranian,83,07,30,2588,0,1
1743860843107,samsung SM-S928B,TFLite,efficientnet_lite0_int8,Pomeranian.JPEG,Cardigan,55,29,13,365,0,0
1743860843108,samsung SM-S928B,PyTorch,mobilenet_v2,Pomeranian.JPEG,Pomeranian,8,47,247,0,0,1
1743860843678,samsung SM-S928B,TFLite,efficientnet_lite0,Rhodesian_ridgeback.JPEG,lynx,9,56,29,0,0,0
1743860843678,samsung SM-S928B,TFLite,efficientnet_lite0_int8,Rhodesian_ridgeback.JPEG,tank,77,25,13,365,0,0
1743860843679,samsung SM-S928B,PyTorch,mobilenet_v2,Rhodesian_ridgeback.JPEG,dingo,4,65,249,2604,0,3
1743860844308,samsung SM-S928B,TFLite,efficientnet_lite0,Rottweiler.JPEG,Rottweiler,92,77,27,2588,0,1
1743860844309,samsung SM-S928B,TFLite,efficientnet_lite0_int8,Rottweiler.JPEG,Eskimo dog,59,22,12,0,0,0
1743860844310,samsung SM-S928B,PyTorch,mobilenet_v2,Rottweiler.JPEG,Rottweiler,24,84,246,2620,0,1
1743860845255,samsung SM-S928B,TFLite,efficientnet_lite0,Saint_Bernard.JPEG,Saint Bernard,80,03,59,0,0,1
1743860845257,samsung SM-S928B,TFLite,efficientnet_lite0_int8,Saint_Bernard.JPEG,bull mastiff,68,63,26,349,0,0
1743860845258,samsung SM-S928B,PyTorch,mobilenet_v2,Saint_Bernard.JPEG,Saint Bernard,49,72,329,2616,0,1
1743860846342,samsung SM-S928B,TFLite,efficientnet_lite0,Saluki.JPEG,Saluki,87,86,72,0,0,1
1743860846343,samsung SM-S928B,TFLite,efficientnet_lite0_int8,Saluki.JPEG,bluetick,52,16,34,349,0,0
1743860846344,samsung SM-S928B,PyTorch,mobilenet_v2,Saluki.JPEG,Saluki,77,93,319,2616,0,1
1743860847408,samsung SM-S928B,TFLite,efficientnet_lite0,Samoyed.JPEG,Samoyed,52,40,57,0,0,1
1743860847409,samsung SM-S928B,TFLite,efficientnet_lite0_int8,Samoyed.JPEG,Brabancon griffon,85,49,26,365,0,0
1743860847410,samsung SM-S928B,PyTorch,mobilenet_v2,Samoyed.JPEG,Samoyed,11,09,437,2936,0,1
1743860848265,samsung SM-S928B,TFLite,efficientnet_lite0,Scotch_terrier.JPEG,Scotch terrier,88,99,58,0,0,1
1743860848266,samsung SM-S928B,TFLite,efficientnet_lite0_int8,Scotch_terrier.JPEG,silky terrier,54,12,26,349,0,0
1743860848267,samsung SM-S928B,PyTorch,mobilenet_v2,Scotch_terrier.JPEG,Scotch terrier,76,27,262,1000,0,1
1743860849310,samsung SM-S928B,TFLite,efficientnet_lite0,Scottish_deerhound.JPEG,giant schnauzer,31,27,71,0,0,4
1743860849311,samsung SM-S928B,TFLite,efficientnet_lite0_int8,Scottish_deerhound.JPEG,Norwegian elkhound,60,00,26,365,0,0
1743860849312,samsung SM-S928B,PyTorch,mobilenet_v2,Scottish_deerhound.JPEG,Scottish deerhound,12,71,396,2936,0,1
1743860850123,samsung SM-S928B,TFLite,efficientnet_lite0,Sealyham_terrier.JPEG,Sealyham terrier,75,25,65,0,0,1
1743860850125,samsung SM-S928B,TFLite,efficientnet_lite0_int8,Sealyham_terrier.JPEG,standard schnauzer,83,53,26,365,0,0
1743860850126,samsung SM-S928B,PyTorch,mobilenet_v2,Sealyham_terrier.JPEG,Sealyham terrier,97,66,190,456,0,1
1743860850844,samsung SM-S928B,TFLite,efficientnet_lite0,Shetland_sheepdog.JPEG,English springer,10,70,76,0,0,2
1743860850845,samsung SM-S928B,TFLite,efficientnet_lite0_int8,Shetland_sheepdog.JPEG,West Highland white terrier,69,02,27,365,0,0
1743860850845,samsung SM-S928B,PyTorch,mobilenet_v2,Shetland_sheepdog.JPEG,English springer,4,96,255,2936,0,4
1743860852762,samsung SM-S928B,TFLite,efficientnet_lite0,Shih-Tzu.JPEG,Shih-Tzu,66,57,27,0,0,0
1743860852763,samsung SM-S928B,TFLite,efficientnet_lite0_int8,Shih-Tzu.JPEG,Rhodesian ridgeback,97,65,13,365,0,0
1743860852763,samsung SM-S928B,PyTorch,mobilenet_v2,Shih-Tzu.JPEG,Lhasa,5,05,1396,19395,0,0
1743860853386,samsung SM-S928B,TFLite,efficientnet_lite0,Siamese_cat.JPEG,Siamese cat,98,87,29,2588,0,1
1743860853386,samsung SM-S928B,TFLite,efficientnet_lite0_int8,Siamese_cat.JPEG,tench,50,20,13,349,0,0
1743860853387,samsung SM-S928B,PyTorch,mobilenet_v2,Siamese_cat.JPEG,Siamese cat,73,52,298,2936,0,1
1743860853951,samsung SM-S928B,TFLite,efficientnet_lite0,Siberian_husky.JPEG,keeshond,34,67,27,2588,0,0
1743860853951,samsung SM-S928B,TFLite,efficientnet_lite0_int8,Siberian_husky.JPEG,chow,66,67,12,349,0,0
1743860853951,samsung SM-S928B,PyTorch,mobilenet_v2,Siberian_husky.JPEG,Great Pyrenees,4,31,258,2924,0,0
1743860854493,samsung SM-S928B,TFLite,efficientnet_lite0,Staffordshire_bullterrier.JPEG,Staffordshire bullterrier,72,43,27,2588,0,1
1743860854493,samsung SM-S928B,TFLite,efficientnet_lite0_int8,Staffordshire_bullterrier.JPEG,Irish terrier,60,00,12,365,0,0
1743860854494,samsung SM-S928B,PyTorch,mobilenet_v2,Staffordshire_bullterrier.JPEG,Staffordshire bullterrier,44,99,237,2936,0,1
1743860855214,samsung SM-S928B,TFLite,efficientnet_lite0,Sussex_spaniel.JPEG,Sussex spaniel,88,63,27,0,0,1
1743860855215,samsung SM-S928B,TFLite,efficientnet_lite0_int8,Sussex_spaniel.JPEG,chow,64,31,13,365,0,4
1743860855216,samsung SM-S928B,PyTorch,mobilenet_v2,Sussex_spaniel.JPEG,Sussex spaniel,45,92,324,2156,0,1
1743860856296,samsung SM-S928B,TFLite,efficientnet_lite0,Tibetan_mastiff.JPEG,Tibetan mastiff,99,16,68,0,0,1
1743860856298,samsung SM-S928B,TFLite,efficientnet_lite0_int8,Tibetan_mastiff.JPEG,tench,50,20,26,365,0,0
1743860856299,samsung SM-S928B,PyTorch,mobilenet_v2,Tibetan_mastiff.JPEG,Tibetan mastiff,93,48,448,2936,0,1
1743860857294,samsung SM-S928B,TFLite,efficientnet_lite0,Tibetan_terrier.JPEG,Tibetan terrier,83,94,57,0,0,1
1743860857295,samsung SM-S928B,TFLite,efficientnet_lite0_int8,Tibetan_terrier.JPEG,silky terrier,51,76,26,349,0,3
1743860857296,samsung SM-S928B,PyTorch,mobilenet_v2,Tibetan_terrier.JPEG,Tibetan terrier,65,20,377,2792,0,1
1743860858333,samsung SM-S928B,TFLite,efficientnet_lite0,Walker_hound.JPEG,Walker hound,48,80,73,0,0,1
1743860858334,samsung SM-S928B,TFLite,efficientnet_lite0_int8,Walker_hound.JPEG,Irish wolfhound,66,67,28,365,0,0
1743860858335,samsung SM-S928B,PyTorch,mobilenet_v2,Walker_hound.JPEG,Walker hound,38,97,352,2428,0,1
1743860859429,samsung SM-S928B,TFLite,efficientnet_lite0,Weimaraner.JPEG,Weimaraner,92,86,77,0,0,1
1743860859429,samsung SM-S928B,TFLite,efficientnet_lite0_int8,Weimaraner.JPEG,Brittany spaniel,51,76,26,349,0,0
1743860859430,samsung SM-S928B,PyTorch,mobilenet_v2,Weimaraner.JPEG,Weimaraner,32,31,449,2936,0,1
1743860859863,samsung SM-S928B,TFLite,efficientnet_lite0,Welsh_springer_spaniel.JPEG,English springer,50,54,29,0,0,2
1743860859863,samsung SM-S928B,TFLite,efficientnet_lite0_int8,Welsh_springer_spaniel.JPEG,kuvasz,96,86,13,365,0,0
1743860859864,samsung SM-S928B,PyTorch,mobilenet_v2,Welsh_springer_spaniel.JPEG,Welsh springer spaniel,72,99,146,680,0,1
1743860860438,samsung SM-S928B,TFLite,efficientnet_lite0,West_Highland_white_terrier.JPEG,West Highland white terrier,86,24,27,0,0,1
1743860860438,samsung SM-S928B,TFLite,efficientnet_lite0_int8,West_Highland_white_terrier.JPEG,papillon,54,90,14,365,0,0
1743860860438,samsung SM-S928B,PyTorch,mobilenet_v2,West_Highland_white_terrier.JPEG,West Highland white terrier,21,38,256,2936,0,1
1743860860911,samsung SM-S928B,TFLite,efficientnet_lite0,Windsor_tie.JPEG,Windsor tie,78,78,27,0,0,1
1743860860912,samsung SM-S928B,TFLite,efficientnet_lite0_int8,Windsor_tie.JPEG,sunscreen,62,35,13,349,0,0
1743860860912,samsung SM-S928B,PyTorch,mobilenet_v2,Windsor_tie.JPEG,Windsor tie,62,79,181,1208,0,1
1743860861459,samsung SM-S928B,TFLite,efficientnet_lite0,Yorkshire_terrier.JPEG,Yorkshire terrier,50,28,29,0,0,1
1743860861460,samsung SM-S928B,TFLite,efficientnet_lite0_int8,Yorkshire_terrier.JPEG,Airedale,92,16,14,349,0,0
1743860861460,samsung SM-S928B,PyTorch,mobilenet_v2,Yorkshire_terrier.JPEG,Yorkshire terrier,8,07,238,2328,0,1
1743860861878,samsung SM-S928B,TFLite,efficientnet_lite0,abacus.JPEG,abacus,95,87,26,0,0,1
1743860861878,samsung SM-S928B,TFLite,efficientnet_lite0_int8,abacus.JPEG,shield,59,22,13,349,0,0
1743860861878,samsung SM-S928B,PyTorch,mobilenet_v2,abacus.JPEG,abacus,99,21,134,348,0,1
1743860863052,samsung SM-S928B,TFLite,efficientnet_lite0,abaya.JPEG,abaya,95,78,27,2588,0,1
1743860863052,samsung SM-S928B,TFLite,efficientnet_lite0_int8,abaya.JPEG,poncho,51,37,12,349,0,0
1743860863053,samsung SM-S928B,PyTorch,mobilenet_v2,abaya.JPEG,suit,3,15,748,7502,0,2
1743860863676,samsung SM-S928B,TFLite,efficientnet_lite0,academic_gown.JPEG,academic gown,78,91,30,2588,0,1
1743860863676,samsung SM-S928B,TFLite,efficientnet_lite0_int8,academic_gown.JPEG,mountain bike,75,69,13,365,0,0
1743860863676,samsung SM-S928B,PyTorch,mobilenet_v2,academic_gown.JPEG,academic gown,70,87,299,3744,0,1
1743860864262,samsung SM-S928B,TFLite,efficientnet_lite0,accordion.JPEG,wine bottle,9,11,27,2588,0,2
1743860864262,samsung SM-S928B,TFLite,efficientnet_lite0_int8,accordion.JPEG,vacuum,65,10,12,349,0,0
1743860864263,samsung SM-S928B,PyTorch,mobilenet_v2,accordion.JPEG,red wine,9,02,272,3200,0,4
1743860864854,samsung SM-S928B,TFLite,efficientnet_lite0,acorn.JPEG,acorn,10,01,29,0,0,0
1743860864855,samsung SM-S928B,TFLite,efficientnet_lite0_int8,acorn.JPEG,agaric,60,78,15,365,0,0
1743860864855,samsung SM-S928B,PyTorch,mobilenet_v2,acorn.JPEG,marmot,4,06,233,2604,0,0
1743860865304,samsung SM-S928B,TFLite,efficientnet_lite0,acorn_squash.JPEG,acorn squash,59,61,29,2588,0,1
1743860865304,samsung SM-S928B,TFLite,efficientnet_lite0_int8,acorn_squash.JPEG,artichoke,72,16,12,365,0,0
1743860865305,samsung SM-S928B,PyTorch,mobilenet_v2,acorn_squash.JPEG,acorn squash,85,91,170,0,0,1
1743860866038,samsung SM-S928B,TFLite,efficientnet_lite0,acoustic_guitar.JPEG,acoustic guitar,82,71,30,2572,0,1
1743860866038,samsung SM-S928B,TFLite,efficientnet_lite0_int8,acoustic_guitar.JPEG,pier,56,08,13,349,0,0
1743860866038,samsung SM-S928B,PyTorch,mobilenet_v2,acoustic_guitar.JPEG,acoustic guitar,33,42,388,5112,0,1
1743860866574,samsung SM-S928B,TFLite,efficientnet_lite0,admiral.JPEG,admiral,97,93,30,0,0,1
1743860866575,samsung SM-S928B,TFLite,efficientnet_lite0_int8,admiral.JPEG,wood rabbit,50,98,13,349,0,0
1743860866575,samsung SM-S928B,PyTorch,mobilenet_v2,admiral.JPEG,admiral,73,30,225,2600,0,1
1743860867015,samsung SM-S928B,TFLite,efficientnet_lite0,affenpinscher.JPEG,affenpinscher,90,82,27,0,0,1
1743860867016,samsung SM-S928B,TFLite,efficientnet_lite0_int8,affenpinscher.JPEG,Newfoundland,79,61,14,381,0,0
1743860867016,samsung SM-S928B,PyTorch,mobilenet_v2,affenpinscher.JPEG,affenpinscher,25,43,126,686,0,1
1743860867348,samsung SM-S928B,TFLite,efficientnet_lite0,agama.JPEG,agama,92,18,20,2604,0,1
1743860867348,samsung SM-S928B,TFLite,efficientnet_lite0_int8,agama.JPEG,spiny lobster,55,29,9,349,0,4
1743860867348,samsung SM-S928B,PyTorch,mobilenet_v2,agama.JPEG,agama,49,25,92,2688,0,1
1743860867687,samsung SM-S928B,TFLite,efficientnet_lite0,agaric.JPEG,agaric,79,39,18,0,0,0
1743860867687,samsung SM-S928B,TFLite,efficientnet_lite0_int8,agaric.JPEG,lemon,64,71,9,365,0,0
1743860867688,samsung SM-S928B,PyTorch,mobilenet_v2,agaric.JPEG,agaric,73,04,97,2936,0,0
1743860868062,samsung SM-S928B,TFLite,efficientnet_lite0,aircraft_carrier.JPEG,aircraft carrier,97,98,20,0,0,1
1743860868062,samsung SM-S928B,TFLite,efficientnet_lite0_int8,aircraft_carrier.JPEG,drilling platform,50,59,8,397,0,0
1743860868062,samsung SM-S928B,PyTorch,mobilenet_v2,aircraft_carrier.JPEG,aircraft carrier,58,61,128,1298,0,1
1743860868394,samsung SM-S928B,TFLite,efficientnet_lite0,airliner.JPEG,airliner,79,81,19,2604,0,1
1743860868394,samsung SM-S928B,TFLite,efficientnet_lite0_int8,airliner.JPEG,worm fence,57,65,7,365,0,0
1743860868394,samsung SM-S928B,PyTorch,mobilenet_v2,airliner.JPEG,wing,49,41,99,2600,0,2
1743860868686,samsung SM-S928B,TFLite,efficientnet_lite0,airship.JPEG,airship,97,36,18,0,0,1
1743860868686,samsung SM-S928B,TFLite,efficientnet_lite0_int8,airship.JPEG,tench,50,20,8,381,0,0
1743860868687,samsung SM-S928B,PyTorch,mobilenet_v2,airship.JPEG,airship,100,00,52,856,0,1
1743860869009,samsung SM-S928B,TFLite,efficientnet_lite0,albatross.JPEG,albatross,95,19,20,2588,0,1
1743860869009,samsung SM-S928B,TFLite,efficientnet_lite0_int8,albatross.JPEG,platypus,51,76,7,365,0,0
1743860869009,samsung SM-S928B,PyTorch,mobilenet_v2,albatross.JPEG,albatross,22,38,84,2664,0,1
1743860869388,samsung SM-S928B,TFLite,efficientnet_lite0,alligator_lizard.JPEG,alligator lizard,32,68,17,0,0,1
1743860869388,samsung SM-S928B,TFLite,efficientnet_lite0_int8,alligator_lizard.JPEG,king snake,65,88,8,365,0,0
1743860869389,samsung SM-S928B,PyTorch,mobilenet_v2,alligator_lizard.JPEG,alligator lizard,18,66,141,3948,0,1
1743860869689,samsung SM-S928B,TFLite,efficientnet_lite0,alp.JPEG,valley,80,16,19,0,0,2
1743860869689,samsung SM-S928B,TFLite,efficientnet_lite0_int8,alp.JPEG,geyser,61,96,7,397,0,0
1743860869689,samsung SM-S928B,PyTorch,mobilenet_v2,alp.JPEG,valley,71,02,73,1880,0,2
1743860870053,samsung SM-S928B,TFLite,efficientnet_lite0,altar.JPEG,fountain,55,92,18,2588,0,2
1743860870054,samsung SM-S928B,TFLite,efficientnet_lite0_int8,altar.JPEG,French horn,98,43,7,349,0,0
1743860870054,samsung SM-S928B,PyTorch,mobilenet_v2,altar.JPEG,organ,7,71,128,0,0,3
1743860870527,samsung SM-S928B,TFLite,efficientnet_lite0,ambulance.JPEG,ambulance,93,48,20,2588,0,1
1743860870527,samsung SM-S928B,TFLite,efficientnet_lite0_int8,ambulance.JPEG,mitten,56,86,8,381,0,0
1743860870527,samsung SM-S928B,PyTorch,mobilenet_v2,ambulance.JPEG,ambulance,39,77,188,2877,0,1
1743860870921,samsung SM-S928B,TFLite,efficientnet_lite0,amphibian.JPEG,amphibian,97,42,20,2620,0,1
1743860870921,samsung SM-S928B,TFLite,efficientnet_lite0_int8,amphibian.JPEG,bearskin,50,59,9,365,0,0
1743860870922,samsung SM-S928B,PyTorch,mobilenet_v2,amphibian.JPEG,tub,4,93,120,2940,0,0
1743860871218,samsung SM-S928B,TFLite,efficientnet_lite0,analog_clock.JPEG,analog clock,39,53,19,0,0,1
1743860871219,samsung SM-S928B,TFLite,efficientnet_lite0_int8,analog_clock.JPEG,assault rifle,98,82,7,365,0,0
1743860871219,samsung SM-S928B,PyTorch,mobilenet_v2,analog_clock.JPEG,analog clock,57,80,69,1756,0,1
1743860871569,samsung SM-S928B,TFLite,efficientnet_lite0,anemone_fish.JPEG,anemone fish,69,57,19,2604,0,1
1743860871569,samsung SM-S928B,TFLite,efficientnet_lite0_int8,anemone_fish.JPEG,puffer,91,76,8,365,0,0
1743860871569,samsung SM-S928B,PyTorch,mobilenet_v2,anemone_fish.JPEG,anemone fish,59,99,102,2924,0,1
1743860872116,samsung SM-S928B,TFLite,efficientnet_lite0,ant.JPEG,ant,71,84,19,0,0,0
1743860872116,samsung SM-S928B,TFLite,efficientnet_lite0_int8,ant.JPEG,cicada,53,73,8,381,0,0
1743860872116,samsung SM-S928B,PyTorch,mobilenet_v2,ant.JPEG,ant,6,29,261,4560,0,0
1743860872471,samsung SM-S928B,TFLite,efficientnet_lite0,apiary.JPEG,apiary,95,07,19,2604,0,1
1743860872472,samsung SM-S928B,TFLite,efficientnet_lite0_int8,apiary.JPEG,mosque,50,98,7,365,0,0
1743860872472,samsung SM-S928B,PyTorch,mobilenet_v2,apiary.JPEG,apiary,74,79,122,3336,0,1
1743860872875,samsung SM-S928B,TFLite,efficientnet_lite0,apron.JPEG,apron,88,39,18,2604,0,1
1743860872875,samsung SM-S928B,TFLite,efficientnet_lite0_int8,apron.JPEG,parachute,52,55,8,397,0,0
1743860872875,samsung SM-S928B,PyTorch,mobilenet_v2,apron.JPEG,desk,18,53,120,4044,0,2
1743860873263,samsung SM-S928B,TFLite,efficientnet_lite0,armadillo.JPEG,armadillo,55,11,19,0,0,1
1743860873263,samsung SM-S928B,TFLite,efficientnet_lite0_int8,armadillo.JPEG,frilled lizard,51,76,10,365,0,0
1743860873263,samsung SM-S928B,PyTorch,mobilenet_v2,armadillo.JPEG,armadillo,28,04,119,877,0,1
1743860873618,samsung SM-S928B,TFLite,efficientnet_lite0,artichoke.JPEG,artichoke,22,46,19,2588,0,1
1743860873618,samsung SM-S928B,TFLite,efficientnet_lite0_int8,artichoke.JPEG,cucumber,51,76,8,365,0,0
1743860873618,samsung SM-S928B,PyTorch,mobilenet_v2,artichoke.JPEG,artichoke,95,52,116,2616,0,1
1743860874009,samsung SM-S928B,TFLite,efficientnet_lite0,ashcan.JPEG,ashcan,25,10,19,0,0,1
1743860874009,samsung SM-S928B,TFLite,efficientnet_lite0_int8,ashcan.JPEG,coil,69,80,8,397,0,0
1743860874009,samsung SM-S928B,PyTorch,mobilenet_v2,ashcan.JPEG,bathing cap,6,13,133,4316,0,0
1743860874355,samsung SM-S928B,TFLite,efficientnet_lite0,assault_rifle.JPEG,assault rifle,57,46,20,2604,0,1
1743860874355,samsung SM-S928B,TFLite,efficientnet_lite0_int8,assault_rifle.JPEG,rugby ball,95,29,10,381,0,0
1743860874355,samsung SM-S928B,PyTorch,mobilenet_v2,assault_rifle.JPEG,assault rifle,20,71,85,2604,0,1
1743860874679,samsung SM-S928B,TFLite,efficientnet_lite0,axolotl.JPEG,common newt,68,54,19,0,0,0
1743860874679,samsung SM-S928B,TFLite,efficientnet_lite0_int8,axolotl.JPEG,bullfrog,70,59,8,397,0,0
1743860874679,samsung SM-S928B,PyTorch,mobilenet_v2,axolotl.JPEG,common newt,52,53,86,2204,0,0
1743860875064,samsung SM-S928B,TFLite,efficientnet_lite0,baboon.JPEG,baboon,88,61,18,2588,0,1
1743860875064,samsung SM-S928B,TFLite,efficientnet_lite0_int8,baboon.JPEG,marmoset,53,33,10,381,0,0
1743860875064,samsung SM-S928B,PyTorch,mobilenet_v2,baboon.JPEG,baboon,55,46,121,3420,0,1
1743860875406,samsung SM-S928B,TFLite,efficientnet_lite0,backpack.JPEG,backpack,37,79,20,0,0,1
1743860875406,samsung SM-S928B,TFLite,efficientnet_lite0_int8,backpack.JPEG,washer,98,43,8,349,0,0
1743860875406,samsung SM-S928B,PyTorch,mobilenet_v2,backpack.JPEG,backpack,16,92,96,2936,0,1
1743860875739,samsung SM-S928B,TFLite,efficientnet_lite0,badger.JPEG,badger,97,51,18,0,0,1
1743860875739,samsung SM-S928B,TFLite,efficientnet_lite0_int8,badger.JPEG,tench,50,20,7,349,0,0
1743860875739,samsung SM-S928B,PyTorch,mobilenet_v2,badger.JPEG,badger,96,46,107,2604,0,1
1743860876075,samsung SM-S928B,TFLite,efficientnet_lite0,bagel.JPEG,dough,19,98,19,2604,0,4
1743860876075,samsung SM-S928B,TFLite,efficientnet_lite0_int8,bagel.JPEG,potpie,64,71,7,349,0,0
1743860876075,samsung SM-S928B,PyTorch,mobilenet_v2,bagel.JPEG,bagel,14,61,99,0,0,1
1743860876410,samsung SM-S928B,TFLite,efficientnet_lite0,bakery.JPEG,bakery,64,37,19,2604,0,1
1743860876411,samsung SM-S928B,TFLite,efficientnet_lite0_int8,bakery.JPEG,cleaver,66,27,7,365,0,0
1743860876411,samsung SM-S928B,PyTorch,mobilenet_v2,bakery.JPEG,refrigerator,13,18,96,2936,0,3
1743860876763,samsung SM-S928B,TFLite,efficientnet_lite0,balance_beam.JPEG,balance beam,26,16,18,2620,0,1
1743860876763,samsung SM-S928B,TFLite,efficientnet_lite0_int8,balance_beam.JPEG,tile roof,84,71,8,365,0,0
1743860876764,samsung SM-S928B,PyTorch,mobilenet_v2,balance_beam.JPEG,balance beam,13,26,88,2604,0,1
1743860877095,samsung SM-S928B,TFLite,efficientnet_lite0,bald_eagle.JPEG,bald eagle,91,80,19,0,0,1
1743860877095,samsung SM-S928B,TFLite,efficientnet_lite0_int8,bald_eagle.JPEG,European fire salamander,57,25,8,381,0,0
1743860877095,samsung SM-S928B,PyTorch,mobilenet_v2,bald_eagle.JPEG,bald eagle,46,42,90,2636,0,1
1743860877445,samsung SM-S928B,TFLite,efficientnet_lite0,balloon.JPEG,balloon,96,74,18,2604,0,1
1743860877445,samsung SM-S928B,TFLite,efficientnet_lite0_int8,balloon.JPEG,tench,50,20,8,381,0,0
1743860877445,samsung SM-S928B,PyTorch,mobilenet_v2,balloon.JPEG,balloon,99,52,99,2936,0,1
1743860877784,samsung SM-S928B,TFLite,efficientnet_lite0,ballplayer.JPEG,ballplayer,93,00,18,0,0,1
1743860877784,samsung SM-S928B,TFLite,efficientnet_lite0_int8,ballplayer.JPEG,seat belt,56,47,7,397,0,0
1743860877784,samsung SM-S928B,PyTorch,mobilenet_v2,ballplayer.JPEG,ballplayer,95,74,102,2936,0,1
1743860878069,samsung SM-S928B,TFLite,efficientnet_lite0,ballpoint.JPEG,ballpoint,43,49,43,0,0,1
1743860878069,samsung SM-S928B,TFLite,efficientnet_lite0_int8,ballpoint.JPEG,barbell,68,63,8,365,0,0
1743860878069,samsung SM-S928B,PyTorch,mobilenet_v2,ballpoint.JPEG,ballpoint,56,54,46,504,0,1
1743860878414,samsung SM-S928B,TFLite,efficientnet_lite0,banana.JPEG,banana,83,49,18,2604,0,1
1743860878414,samsung SM-S928B,TFLite,efficientnet_lite0_int8,banana.JPEG,hay,96,08,7,349,0,0
1743860878414,samsung SM-S928B,PyTorch,mobilenet_v2,banana.JPEG,ear,19,23,108,0,0,3
1743860878711,samsung SM-S928B,TFLite,efficientnet_lite0,banded_gecko.JPEG,banded gecko,60,79,19,2604,0,1
1743860878711,samsung SM-S928B,TFLite,efficientnet_lite0_int8,banded_gecko.JPEG,agama,94,51,7,349,0,0
1743860878711,samsung SM-S928B,PyTorch,mobilenet_v2,banded_gecko.JPEG,banded gecko,85,25,74,1324,0,1
1743860879055,samsung SM-S928B,TFLite,efficientnet_lite0,banjo.JPEG,banjo,96,99,19,2604,0,1
1743860879055,samsung SM-S928B,TFLite,efficientnet_lite0_int8,banjo.JPEG,electric fan,51,37,8,381,0,0
1743860879055,samsung SM-S928B,PyTorch,mobilenet_v2,banjo.JPEG,banjo,70,03,104,2952,0,1
1743860879390,samsung SM-S928B,TFLite,efficientnet_lite0,bannister.JPEG,hamper,23,65,18,0,0,0
1743860879390,samsung SM-S928B,TFLite,efficientnet_lite0_int8,bannister.JPEG,hard disc,67,45,8,381,0,0
1743860879390,samsung SM-S928B,PyTorch,mobilenet_v2,bannister.JPEG,bannister,30,46,96,2936,0,1
1743860879763,samsung SM-S928B,TFLite,efficientnet_lite0,barbell.JPEG,barbell,99,72,27,0,0,1
1743860879764,samsung SM-S928B,TFLite,efficientnet_lite0_int8,barbell.JPEG,tench,50,20,8,349,0,0
1743860879764,samsung SM-S928B,PyTorch,mobilenet_v2,barbell.JPEG,barbell,98,92,100,0,0,1
1743860880111,samsung SM-S928B,TFLite,efficientnet_lite0,barber_chair.JPEG,barber chair,83,37,20,0,0,1
1743860880111,samsung SM-S928B,TFLite,efficientnet_lite0_int8,barber_chair.JPEG,barrow,66,27,7,365,0,0
1743860880111,samsung SM-S928B,PyTorch,mobilenet_v2,barber_chair.JPEG,barber chair,56,63,110,2620,0,1
1743860880458,samsung SM-S928B,TFLite,efficientnet_lite0,barbershop.JPEG,barber chair,54,69,19,0,0,3
1743860880458,samsung SM-S928B,TFLite,efficientnet_lite0_int8,barbershop.JPEG,barrel,68,24,7,349,0,0
1743860880458,samsung SM-S928B,PyTorch,mobilenet_v2,barbershop.JPEG,holster,7,22,106,2936,0,0
1743860880790,samsung SM-S928B,TFLite,efficientnet_lite0,barn.JPEG,barn,99,45,17,2588,0,0
1743860880790,samsung SM-S928B,TFLite,efficientnet_lite0_int8,barn.JPEG,bookcase,50,59,8,381,0,0
1743860880790,samsung SM-S928B,PyTorch,mobilenet_v2,barn.JPEG,barn,88,09,84,2604,0,0
1743860881090,samsung SM-S928B,TFLite,efficientnet_lite0,barn_spider.JPEG,magpie,35,96,19,0,0,0
1743860881091,samsung SM-S928B,TFLite,efficientnet_lite0_int8,barn_spider.JPEG,bald eagle,54,51,9,397,0,0
1743860881091,samsung SM-S928B,PyTorch,mobilenet_v2,barn_spider.JPEG,bustard,13,61,77,1676,0,0
1743860881431,samsung SM-S928B,TFLite,efficientnet_lite0,barometer.JPEG,guillotine,25,80,19,2604,0,3
1743860881431,samsung SM-S928B,TFLite,efficientnet_lite0_int8,barometer.JPEG,cinema,62,75,7,381,0,0
1743860881431,samsung SM-S928B,PyTorch,mobilenet_v2,barometer.JPEG,analog clock,3,68,100,2604,0,3
1743860881993,samsung SM-S928B,TFLite,efficientnet_lite0,barracouta.JPEG,barracouta,96,56,19,0,0,1
1743860881993,samsung SM-S928B,TFLite,efficientnet_lite0_int8,barracouta.JPEG,hammerhead,52,94,7,365,0,0
1743860881994,samsung SM-S928B,PyTorch,mobilenet_v2,barracouta.JPEG,barracouta,6,01,278,5578,0,1
1743860882322,samsung SM-S928B,TFLite,efficientnet_lite0,barrel.JPEG,rain barrel,89,58,19,2604,0,2
1743860882322,samsung SM-S928B,TFLite,efficientnet_lite0_int8,barrel.JPEG,bassinet,58,43,7,365,0,0
1743860882322,samsung SM-S928B,PyTorch,mobilenet_v2,barrel.JPEG,rain barrel,23,13,94,2496,0,4
1743860882652,samsung SM-S928B,TFLite,efficientnet_lite0,barrow.JPEG,barrow,99,65,17,2588,0,1
1743860882653,samsung SM-S928B,TFLite,efficientnet_lite0_int8,barrow.JPEG,tench,50,20,7,349,0,0
1743860882653,samsung SM-S928B,PyTorch,mobilenet_v2,barrow.JPEG,barrow,43,05,100,2952,0,1
1743860883020,samsung SM-S928B,TFLite,efficientnet_lite0,baseball.JPEG,baseball,64,77,24,401,0,1
1743860883020,samsung SM-S928B,TFLite,efficientnet_lite0_int8,baseball.JPEG,bathing cap,72,55,8,349,0,0
1743860883020,samsung SM-S928B,PyTorch,mobilenet_v2,baseball.JPEG,baseball,31,20,92,2604,0,1
1743860883346,samsung SM-S928B,TFLite,efficientnet_lite0,basenji.JPEG,basenji,93,74,18,2588,0,1
1743860883346,samsung SM-S928B,TFLite,efficientnet_lite0_int8,basenji.JPEG,beagle,51,76,7,365,0,0
1743860883346,samsung SM-S928B,PyTorch,mobilenet_v2,basenji.JPEG,basenji,34,98,93,2936,0,1
1743860883701,samsung SM-S928B,TFLite,efficientnet_lite0,basketball.JPEG,basketball,53,91,48,0,0,1
1743860883701,samsung SM-S928B,TFLite,efficientnet_lite0_int8,basketball.JPEG,wardrobe,65,10,8,349,0,0
1743860883701,samsung SM-S928B,PyTorch,mobilenet_v2,basketball.JPEG,basketball,85,52,90,2604,0,1
1743860884044,samsung SM-S928B,TFLite,efficientnet_lite0,basset.JPEG,basset,68,47,19,2588,0,1
1743860884044,samsung SM-S928B,TFLite,efficientnet_lite0_int8,basset.JPEG,Walker hound,78,04,7,349,0,0
1743860884045,samsung SM-S928B,PyTorch,mobilenet_v2,basset.JPEG,basset,21,36,101,0,0,1
1743860884395,samsung SM-S928B,TFLite,efficientnet_lite0,bassinet.JPEG,bassinet,95,35,19,2588,0,1
1743860884395,samsung SM-S928B,TFLite,efficientnet_lite0_int8,bassinet.JPEG,crib,54,51,7,381,0,0
1743860884396,samsung SM-S928B,PyTorch,mobilenet_v2,bassinet.JPEG,bassinet,64,22,113,2936,0,1
1743860884733,samsung SM-S928B,TFLite,efficientnet_lite0,bassoon.JPEG,bassoon,90,76,19,0,0,1
1743860884734,samsung SM-S928B,TFLite,efficientnet_lite0_int8,bassoon.JPEG,schooner,76,08,7,365,0,0
1743860884734,samsung SM-S928B,PyTorch,mobilenet_v2,bassoon.JPEG,bassoon,79,17,97,0,0,1
1743860885085,samsung SM-S928B,TFLite,efficientnet_lite0,bath_towel.JPEG,bath towel,81,40,18,2620,0,1
1743860885085,samsung SM-S928B,TFLite,efficientnet_lite0_int8,bath_towel.JPEG,parachute,56,86,8,365,0,0
1743860885085,samsung SM-S928B,PyTorch,mobilenet_v2,bath_towel.JPEG,bath towel,13,96,96,2936,0,1
1743860885416,samsung SM-S928B,TFLite,efficientnet_lite0,bathing_cap.JPEG,bathing cap,99,64,18,0,0,1
1743860885416,samsung SM-S928B,TFLite,efficientnet_lite0_int8,bathing_cap.JPEG,tench,50,20,7,381,0,0
1743860885416,samsung SM-S928B,PyTorch,mobilenet_v2,bathing_cap.JPEG,bathing cap,84,02,95,2936,0,1
1743860885798,samsung SM-S928B,TFLite,efficientnet_lite0,bathtub.JPEG,bathtub,54,44,17,2604,0,1
1743860885798,samsung SM-S928B,TFLite,efficientnet_lite0_int8,bathtub.JPEG,water tower,92,94,8,381,0,0
1743860885798,samsung SM-S928B,PyTorch,mobilenet_v2,bathtub.JPEG,bathtub,46,94,127,3740,0,1
1743860886129,samsung SM-S928B,TFLite,efficientnet_lite0,beach_wagon.JPEG,beach wagon,73,81,19,0,0,1
1743860886129,samsung SM-S928B,TFLite,efficientnet_lite0_int8,beach_wagon.JPEG,mobile home,54,90,7,349,0,0
1743860886129,samsung SM-S928B,PyTorch,mobilenet_v2,beach_wagon.JPEG,beach wagon,32,68,97,2604,0,1
1743860886494,samsung SM-S928B,TFLite,efficientnet_lite0,beacon.JPEG,beacon,85,02,17,2620,0,1
1743860886494,samsung SM-S928B,TFLite,efficientnet_lite0_int8,beacon.JPEG,window screen,52,55,13,0,0,0
1743860886494,samsung SM-S928B,PyTorch,mobilenet_v2,beacon.JPEG,beacon,81,30,106,2936,0,1
1743860886966,samsung SM-S928B,TFLite,efficientnet_lite0,beagle.JPEG,bluetick,53,28,18,0,0,2
1743860886966,samsung SM-S928B,TFLite,efficientnet_lite0_int8,beagle.JPEG,Walker hound,61,96,8,381,0,0
1743860886966,samsung SM-S928B,PyTorch,mobilenet_v2,beagle.JPEG,beagle,16,52,203,3226,0,1
1743860887234,samsung SM-S928B,TFLite,efficientnet_lite0,beaker.JPEG,beaker,44,19,19,2588,0,1
1743860887234,samsung SM-S928B,TFLite,efficientnet_lite0_int8,beaker.JPEG,prayer rug,79,61,7,349,0,0
1743860887234,samsung SM-S928B,PyTorch,mobilenet_v2,beaker.JPEG,beaker,91,67,54,1112,0,1
1743860887483,samsung SM-S928B,TFLite,efficientnet_lite0,bearskin.JPEG,ski mask,33,23,18,2588,0,2
1743860887483,samsung SM-S928B,TFLite,efficientnet_lite0_int8,bearskin.JPEG,bib,97,25,7,349,0,0
1743860887484,samsung SM-S928B,PyTorch,mobilenet_v2,bearskin.JPEG,bearskin,100,00,35,144,0,1
1743860887835,samsung SM-S928B,TFLite,efficientnet_lite0,beaver.JPEG,beaver,94,66,17,0,0,1
1743860887835,samsung SM-S928B,TFLite,efficientnet_lite0_int8,beaver.JPEG,guinea pig,51,37,8,365,0,0
1743860887835,samsung SM-S928B,PyTorch,mobilenet_v2,beaver.JPEG,beaver,73,20,109,2936,0,1
1743860888179,samsung SM-S928B,TFLite,efficientnet_lite0,bee.JPEG,bee,96,99,19,0,0,0
1743860888179,samsung SM-S928B,TFLite,efficientnet_lite0_int8,bee.JPEG,horse cart,54,90,7,381,0,0
1743860888179,samsung SM-S928B,PyTorch,mobilenet_v2,bee.JPEG,bee,55,76,101,3276,0,0
1743860888546,samsung SM-S928B,TFLite,efficientnet_lite0,bee_eater.JPEG,bee eater,99,01,43,0,0,1
1743860888547,samsung SM-S928B,TFLite,efficientnet_lite0_int8,bee_eater.JPEG,tench,50,20,7,349,0,0
1743860888547,samsung SM-S928B,PyTorch,mobilenet_v2,bee_eater.JPEG,bee eater,97,41,109,2668,0,1
1743860888896,samsung SM-S928B,TFLite,efficientnet_lite0,beer_bottle.JPEG,beer bottle,61,38,20,0,0,0
1743860888896,samsung SM-S928B,TFLite,efficientnet_lite0_int8,beer_bottle.JPEG,prayer rug,67,45,7,365,0,0
1743860888896,samsung SM-S928B,PyTorch,mobilenet_v2,beer_bottle.JPEG,beer bottle,91,52,109,2936,0,0
1743860889239,samsung SM-S928B,TFLite,efficientnet_lite0,beer_glass.JPEG,beer glass,67,65,17,2652,0,0
1743860889239,samsung SM-S928B,TFLite,efficientnet_lite0_int8,beer_glass.JPEG,gondola,66,67,9,365,0,0
1743860889239,samsung SM-S928B,PyTorch,mobilenet_v2,beer_glass.JPEG,beer glass,37,23,92,2936,0,0
1743860889668,samsung SM-S928B,TFLite,efficientnet_lite0,bell_cote.JPEG,bell cote,79,64,18,0,0,1
1743860889668,samsung SM-S928B,TFLite,efficientnet_lite0_int8,bell_cote.JPEG,cloak,72,94,8,381,0,0
1743860889668,samsung SM-S928B,PyTorch,mobilenet_v2,bell_cote.JPEG,bell cote,9,43,170,1884,0,1
1743860890014,samsung SM-S928B,TFLite,efficientnet_lite0,bell_pepper.JPEG,bell pepper,99,04,20,2588,0,1
1743860890014,samsung SM-S928B,TFLite,efficientnet_lite0_int8,bell_pepper.JPEG,tench,50,20,7,365,0,0
1743860890015,samsung SM-S928B,PyTorch,mobilenet_v2,bell_pepper.JPEG,bell pepper,49,24,106,2620,0,1
1743860890361,samsung SM-S928B,TFLite,efficientnet_lite0,bib.JPEG,bib,99,59,18,0,0,1
1743860890361,samsung SM-S928B,TFLite,efficientnet_lite0_int8,bib.JPEG,tench,50,20,8,381,0,0
1743860890361,samsung SM-S928B,PyTorch,mobilenet_v2,bib.JPEG,bib,98,58,102,2936,0,1
1743860890707,samsung SM-S928B,TFLite,efficientnet_lite0,bicycle-built-for-two.JPEG,bicycle-built-for-two,79,92,19,2588,0,0
1743860890707,samsung SM-S928B,TFLite,efficientnet_lite0_int8,bicycle-built-for-two.JPEG,moving van,61,57,7,381,0,0
1743860890707,samsung SM-S928B,PyTorch,mobilenet_v2,bicycle-built-for-two.JPEG,bicycle-built-for-two,16,74,103,0,0,0
1743860891043,samsung SM-S928B,TFLite,efficientnet_lite0,bighorn.JPEG,bighorn,41,24,19,2588,0,1
1743860891043,samsung SM-S928B,TFLite,efficientnet_lite0_int8,bighorn.JPEG,gazelle,69,41,8,381,0,0
1743860891043,samsung SM-S928B,PyTorch,mobilenet_v2,bighorn.JPEG,bighorn,28,67,93,2936,0,1
1743860891412,samsung SM-S928B,TFLite,efficientnet_lite0,bikini.JPEG,bikini,65,50,18,0,0,1
1743860891413,samsung SM-S928B,TFLite,efficientnet_lite0_int8,bikini.JPEG,bucket,56,86,13,397,0,0
1743860891413,samsung SM-S928B,PyTorch,mobilenet_v2,bikini.JPEG,bikini,32,55,101,2748,0,1
1743860891761,samsung SM-S928B,TFLite,efficientnet_lite0,binder.JPEG,toilet tissue,13,98,20,2620,0,0
1743860891761,samsung SM-S928B,TFLite,efficientnet_lite0_int8,binder.JPEG,vacuum,66,27,8,381,0,0
1743860891762,samsung SM-S928B,PyTorch,mobilenet_v2,binder.JPEG,washbasin,7,96,105,2936,0,0
1743860892061,samsung SM-S928B,TFLite,efficientnet_lite0,binoculars.JPEG,binoculars,86,83,18,0,0,1
1743860892061,samsung SM-S928B,TFLite,efficientnet_lite0_int8,binoculars.JPEG,fire engine,50,98,8,381,0,0
1743860892061,samsung SM-S928B,PyTorch,mobilenet_v2,binoculars.JPEG,binoculars,99,64,65,984,0,1
1743860892394,samsung SM-S928B,TFLite,efficientnet_lite0,birdhouse.JPEG,birdhouse,92,04,19,2620,0,1
1743860892394,samsung SM-S928B,TFLite,efficientnet_lite0_int8,birdhouse.JPEG,baseball,50,98,8,349,0,0
1743860892395,samsung SM-S928B,PyTorch,mobilenet_v2,birdhouse.JPEG,birdhouse,22,29,91,0,0,1
1743860892725,samsung SM-S928B,TFLite,efficientnet_lite0,bison.JPEG,bison,72,37,19,0,0,1
1743860892725,samsung SM-S928B,TFLite,efficientnet_lite0_int8,bison.JPEG,drum,69,41,7,349,0,0
1743860892726,samsung SM-S928B,PyTorch,mobilenet_v2,bison.JPEG,bison,7,98,92,2936,0,1
1743860893085,samsung SM-S928B,TFLite,efficientnet_lite0,bittern.JPEG,bittern,68,61,18,0,0,1
1743860893085,samsung SM-S928B,TFLite,efficientnet_lite0_int8,bittern.JPEG,albatross,62,35,9,365,0,0
1743860893085,samsung SM-S928B,PyTorch,mobilenet_v2,bittern.JPEG,bittern,48,07,95,2604,0,1
1743860893341,samsung SM-S928B,TFLite,efficientnet_lite0,black-and-tan_coonhound.JPEG,black-and-tan coonhound,93,22,19,0,0,0
1743860893342,samsung SM-S928B,TFLite,efficientnet_lite0_int8,black-and-tan_coonhound.JPEG,Welsh springer spaniel,56,47,7,365,0,0
1743860893342,samsung SM-S928B,PyTorch,mobilenet_v2,black-and-tan_coonhound.JPEG,black-and-tan coonhound,98,98,42,428,0,0
1743860893662,samsung SM-S928B,TFLite,efficientnet_lite0,black-footed_ferret.JPEG,black-footed ferret,75,73,17,2604,0,0
1743860893662,samsung SM-S928B,TFLite,efficientnet_lite0_int8,black-footed_ferret.JPEG,otter,65,49,7,349,0,0
1743860893663,samsung SM-S928B,PyTorch,mobilenet_v2,black-footed_ferret.JPEG,black-footed ferret,28,25,92,0,0,0
1743860894035,samsung SM-S928B,TFLite,efficientnet_lite0,black_and_gold_garden_spider.JPEG,black and gold garden spider,33,92,20,2572,0,1
1743860894035,samsung SM-S928B,TFLite,efficientnet_lite0_int8,black_and_gold_garden_spider.JPEG,tarantula,84,71,8,365,0,0
1743860894035,samsung SM-S928B,PyTorch,mobilenet_v2,black_and_gold_garden_spider.JPEG,black and gold garden spider,27,35,127,3228,0,1
1743860894372,samsung SM-S928B,TFLite,efficientnet_lite0,black_grouse.JPEG,black grouse,95,96,19,1103,0,1
1743860894373,samsung SM-S928B,TFLite,efficientnet_lite0_int8,black_grouse.JPEG,dowitcher,58,43,8,349,0,0
1743860894373,samsung SM-S928B,PyTorch,mobilenet_v2,black_grouse.JPEG,black grouse,87,39,101,2956,0,1
1743860894657,samsung SM-S928B,TFLite,efficientnet_lite0,black_stork.JPEG,black stork,40,19,18,2620,0,1
1743860894657,samsung SM-S928B,TFLite,efficientnet_lite0_int8,black_stork.JPEG,grey whale,75,29,13,365,0,0
1743860894658,samsung SM-S928B,PyTorch,mobilenet_v2,black_stork.JPEG,black stork,99,96,41,320,0,1
1743860895045,samsung SM-S928B,TFLite,efficientnet_lite0,black_swan.JPEG,black swan,84,95,19,2604,0,1
1743860895045,samsung SM-S928B,TFLite,efficientnet_lite0_int8,black_swan.JPEG,house finch,55,69,7,365,0,0
1743860895045,samsung SM-S928B,PyTorch,mobilenet_v2,black_swan.JPEG,black swan,24,88,138,0,0,1
1743860895395,samsung SM-S928B,TFLite,efficientnet_lite0,black_widow.JPEG,black widow,60,64,20,2620,0,1
1743860895395,samsung SM-S928B,TFLite,efficientnet_lite0_int8,black_widow.JPEG,centipede,95,29,8,365,0,0
1743860895395,samsung SM-S928B,PyTorch,mobilenet_v2,black_widow.JPEG,black widow,45,93,107,3144,0,1
1743860895760,samsung SM-S928B,TFLite,efficientnet_lite0,bloodhound.JPEG,bull mastiff,25,49,19,0,0,2
1743860895760,samsung SM-S928B,TFLite,efficientnet_lite0_int8,bloodhound.JPEG,English foxhound,83,53,8,397,0,0
1743860895760,samsung SM-S928B,PyTorch,mobilenet_v2,bloodhound.JPEG,bloodhound,7,92,119,2936,0,1
1743860896137,samsung SM-S928B,TFLite,efficientnet_lite0,bluetick.JPEG,bluetick,94,54,19,0,0,0
1743860896137,samsung SM-S928B,TFLite,efficientnet_lite0_int8,bluetick.JPEG,Gordon setter,52,16,8,349,0,0
1743860896138,samsung SM-S928B,PyTorch,mobilenet_v2,bluetick.JPEG,bluetick,34,26,127,1120,0,0
1743860896471,samsung SM-S928B,TFLite,efficientnet_lite0,boa_constrictor.JPEG,boa constrictor,92,36,19,0,0,1
1743860896471,samsung SM-S928B,TFLite,efficientnet_lite0_int8,boa_constrictor.JPEG,horned viper,51,37,8,365,0,0
1743860896471,samsung SM-S928B,PyTorch,mobilenet_v2,boa_constrictor.JPEG,boa constrictor,58,47,93,2936,0,1
1743860896904,samsung SM-S928B,TFLite,efficientnet_lite0,boathouse.JPEG,boathouse,78,75,18,0,0,1
1743860896905,samsung SM-S928B,TFLite,efficientnet_lite0_int8,boathouse.JPEG,valley,51,76,9,349,0,0
1743860896905,samsung SM-S928B,PyTorch,mobilenet_v2,boathouse.JPEG,boathouse,8,58,173,2926,0,1
1743860897252,samsung SM-S928B,TFLite,efficientnet_lite0,bobsled.JPEG,bobsled,66,76,19,2588,0,1
1743860897252,samsung SM-S928B,TFLite,efficientnet_lite0_int8,bobsled.JPEG,bookshop,89,80,7,381,0,0
1743860897252,samsung SM-S928B,PyTorch,mobilenet_v2,bobsled.JPEG,bobsled,56,22,105,2968,0,1
1743860897625,samsung SM-S928B,TFLite,efficientnet_lite0,bolete.JPEG,earthstar,25,91,18,2604,0,2
1743860897625,samsung SM-S928B,TFLite,efficientnet_lite0_int8,bolete.JPEG,toilet tissue,85,49,7,349,0,0
1743860897626,samsung SM-S928B,PyTorch,mobilenet_v2,bolete.JPEG,bolete,11,86,136,0,0,1
1743860897905,samsung SM-S928B,TFLite,efficientnet_lite0,bolo_tie.JPEG,bolo tie,60,00,19,2604,0,1
1743860897906,samsung SM-S928B,TFLite,efficientnet_lite0_int8,bolo_tie.JPEG,bottlecap,92,94,7,365,0,0
1743860897906,samsung SM-S928B,PyTorch,mobilenet_v2,bolo_tie.JPEG,shield,53,52,58,912,0,2
1743860898284,samsung SM-S928B,TFLite,efficientnet_lite0,bonnet.JPEG,bonnet,63,60,18,2620,0,1
1743860898284,samsung SM-S928B,TFLite,efficientnet_lite0_int8,bonnet.JPEG,bow,97,25,8,0,0,0
1743860898284,samsung SM-S928B,PyTorch,mobilenet_v2,bonnet.JPEG,bonnet,83,31,123,3488,0,1
1743860898591,samsung SM-S928B,TFLite,efficientnet_lite0,book_jacket.JPEG,book jacket,27,12,20,0,0,1
1743860898591,samsung SM-S928B,TFLite,efficientnet_lite0_int8,book_jacket.JPEG,consomme,60,00,8,349,0,3
1743860898591,samsung SM-S928B,PyTorch,mobilenet_v2,book_jacket.JPEG,book jacket,62,36,78,2200,0,1
1743860898889,samsung SM-S928B,TFLite,efficientnet_lite0,bookcase.JPEG,bookcase,55,24,18,2636,0,1
1743860898890,samsung SM-S928B,TFLite,efficientnet_lite0_int8,bookcase.JPEG,bow tie,84,71,8,365,0,0
1743860898890,samsung SM-S928B,PyTorch,mobilenet_v2,bookcase.JPEG,bookcase,50,87,67,1760,0,1
1743860899225,samsung SM-S928B,TFLite,efficientnet_lite0,bookshop.JPEG,bookshop,85,95,19,2588,0,1
1743860899225,samsung SM-S928B,TFLite,efficientnet_lite0_int8,bookshop.JPEG,tow truck,67,84,7,381,0,0
1743860899225,samsung SM-S928B,PyTorch,mobilenet_v2,bookshop.JPEG,bookshop,36,15,98,3016,0,1
1743860899507,samsung SM-S928B,TFLite,efficientnet_lite0,borzoi.JPEG,borzoi,75,11,19,0,0,1
1743860899507,samsung SM-S928B,TFLite,efficientnet_lite0_int8,borzoi.JPEG,Ibizan hound,91,37,7,365,0,0
1743860899508,samsung SM-S928B,PyTorch,mobilenet_v2,borzoi.JPEG,borzoi,67,53,57,1404,0,1
1743860899839,samsung SM-S928B,TFLite,efficientnet_lite0,bottlecap.JPEG,bottlecap,68,31,20,2604,0,1
1743860899840,samsung SM-S928B,TFLite,efficientnet_lite0_int8,bottlecap.JPEG,lighter,76,86,7,349,0,0
1743860899840,samsung SM-S928B,PyTorch,mobilenet_v2,bottlecap.JPEG,bottlecap,9,31,92,0,0,1
1743860900629,samsung SM-S928B,TFLite,efficientnet_lite0,bow.JPEG,gazelle,27,33,20,2604,0,5
1743860900629,samsung SM-S928B,TFLite,efficientnet_lite0_int8,bow.JPEG,mink,74,12,8,365,0,0
1743860900629,samsung SM-S928B,PyTorch,mobilenet_v2,bow.JPEG,Italian greyhound,1,04,456,11204,0,0
1743860900962,samsung SM-S928B,TFLite,efficientnet_lite0,bow_tie.JPEG,radiator,17,14,20,2604,0,0
1743860900962,samsung SM-S928B,TFLite,efficientnet_lite0_int8,bow_tie.JPEG,recreational vehicle,93,33,7,349,0,0
1743860900962,samsung SM-S928B,PyTorch,mobilenet_v2,bow_tie.JPEG,bow tie,3,24,92,2952,0,0
1743860901279,samsung SM-S928B,TFLite,efficientnet_lite0,box_turtle.JPEG,mud turtle,47,48,19,2572,0,3
1743860901279,samsung SM-S928B,TFLite,efficientnet_lite0_int8,box_turtle.JPEG,chambered nautilus,69,02,7,349,0,0
1743860901280,samsung SM-S928B,PyTorch,mobilenet_v2,box_turtle.JPEG,box turtle,28,51,77,2936,0,1
1743860901665,samsung SM-S928B,TFLite,efficientnet_lite0,boxer.JPEG,boxer,93,53,19,2593,0,1
1743860901665,samsung SM-S928B,TFLite,efficientnet_lite0_int8,boxer.JPEG,Saint Bernard,51,37,13,381,0,5
1743860901665,samsung SM-S928B,PyTorch,mobilenet_v2,boxer.JPEG,boxer,57,45,96,2604,0,1
1743860901992,samsung SM-S928B,TFLite,efficientnet_lite0,brain_coral.JPEG,brain coral,89,37,19,0,0,1
1743860901992,samsung SM-S928B,TFLite,efficientnet_lite0_int8,brain_coral.JPEG,sandbar,52,55,8,349,0,0
1743860901993,samsung SM-S928B,PyTorch,mobilenet_v2,brain_coral.JPEG,brain coral,81,40,87,2792,0,1
1743860902347,samsung SM-S928B,TFLite,efficientnet_lite0,brambling.JPEG,junco,9,05,18,2588,0,5
1743860902347,samsung SM-S928B,TFLite,efficientnet_lite0_int8,brambling.JPEG,common newt,59,22,8,381,0,0
1743860902347,samsung SM-S928B,PyTorch,mobilenet_v2,brambling.JPEG,brambling,12,46,105,2940,0,1
1743860902683,samsung SM-S928B,TFLite,efficientnet_lite0,brass.JPEG,manhole cover,70,37,20,0,0,2
1743860902683,samsung SM-S928B,TFLite,efficientnet_lite0_int8,brass.JPEG,broom,64,31,8,365,0,0
1743860902683,samsung SM-S928B,PyTorch,mobilenet_v2,brass.JPEG,manhole cover,91,84,95,2936,0,2
1743860902964,samsung SM-S928B,TFLite,efficientnet_lite0,brassiere.JPEG,brassiere,30,63,17,0,0,0
1743860902965,samsung SM-S928B,TFLite,efficientnet_lite0_int8,brassiere.JPEG,marimba,76,08,8,349,0,0
1743860902965,samsung SM-S928B,PyTorch,mobilenet_v2,brassiere.JPEG,maillot,18,36,61,1536,0,0
1743860903292,samsung SM-S928B,TFLite,efficientnet_lite0,breakwater.JPEG,breakwater,67,62,17,2588,0,1
1743860903292,samsung SM-S928B,TFLite,efficientnet_lite0_int8,breakwater.JPEG,beer glass,90,20,7,349,0,0
1743860903292,samsung SM-S928B,PyTorch,mobilenet_v2,breakwater.JPEG,breakwater,38,86,94,0,0,1
1743860903542,samsung SM-S928B,TFLite,efficientnet_lite0,breastplate.JPEG,breastplate,15,34,18,2588,0,1
1743860903542,samsung SM-S928B,TFLite,efficientnet_lite0_int8,breastplate.JPEG,toyshop,98,04,7,381,0,0
1743860903542,samsung SM-S928B,PyTorch,mobilenet_v2,breastplate.JPEG,breastplate,78,43,39,296,0,1
1743860903897,samsung SM-S928B,TFLite,efficientnet_lite0,briard.JPEG,briard,92,12,18,2620,0,1
1743860903897,samsung SM-S928B,TFLite,efficientnet_lite0_int8,briard.JPEG,miniature pinscher,51,76,13,381,0,0
1743860903897,samsung SM-S928B,PyTorch,mobilenet_v2,briard.JPEG,briard,42,13,91,2584,0,1
1743860904283,samsung SM-S928B,TFLite,efficientnet_lite0,broccoli.JPEG,broccoli,86,49,19,0,0,1
1743860904283,samsung SM-S928B,TFLite,efficientnet_lite0_int8,broccoli.JPEG,motor scooter,50,59,8,365,0,0
1743860904283,samsung SM-S928B,PyTorch,mobilenet_v2,broccoli.JPEG,broccoli,70,08,128,4504,0,1
1743860904615,samsung SM-S928B,TFLite,efficientnet_lite0,broom.JPEG,swab,24,83,17,0,0,3
1743860904616,samsung SM-S928B,TFLite,efficientnet_lite0_int8,broom.JPEG,switch,76,08,7,381,0,0
1743860904616,samsung SM-S928B,PyTorch,mobilenet_v2,broom.JPEG,go-kart,1,98,104,2936,0,2
1743860904876,samsung SM-S928B,TFLite,efficientnet_lite0,brown_bear.JPEG,brown bear,65,22,19,2588,0,1
1743860904877,samsung SM-S928B,TFLite,efficientnet_lite0_int8,brown_bear.JPEG,tiger beetle,51,37,8,397,0,0
1743860904877,samsung SM-S928B,PyTorch,mobilenet_v2,brown_bear.JPEG,brown bear,99,60,47,0,0,1
1743860905212,samsung SM-S928B,TFLite,efficientnet_lite0,bubble.JPEG,bubble,68,97,19,2588,0,1
1743860905212,samsung SM-S928B,TFLite,efficientnet_lite0_int8,bubble.JPEG,bikini,50,59,7,349,0,0
1743860905212,samsung SM-S928B,PyTorch,mobilenet_v2,bubble.JPEG,bubble,79,95,96,2936,0,1
1743860905557,samsung SM-S928B,TFLite,efficientnet_lite0,bucket.JPEG,bucket,87,12,18,2604,0,1
1743860905558,samsung SM-S928B,TFLite,efficientnet_lite0_int8,bucket.JPEG,oxcart,54,90,8,0,0,0
1743860905558,samsung SM-S928B,PyTorch,mobilenet_v2,bucket.JPEG,switch,6,58,96,2936,0,3
1743860905897,samsung SM-S928B,TFLite,efficientnet_lite0,buckeye.JPEG,buckeye,96,71,18,0,0,1
1743860905897,samsung SM-S928B,TFLite,efficientnet_lite0_int8,buckeye.JPEG,coil,51,76,8,365,0,0
1743860905898,samsung SM-S928B,PyTorch,mobilenet_v2,buckeye.JPEG,buckeye,64,28,97,2504,0,1
1743860906209,samsung SM-S928B,TFLite,efficientnet_lite0,buckle.JPEG,buckle,90,73,19,0,0,1
1743860906210,samsung SM-S928B,TFLite,efficientnet_lite0_int8,buckle.JPEG,hamper,52,16,7,349,0,0
1743860906210,samsung SM-S928B,PyTorch,mobilenet_v2,buckle.JPEG,buckle,27,68,84,2504,0,1
1743860906532,samsung SM-S928B,TFLite,efficientnet_lite0,bulbul.JPEG,bulbul,94,27,17,0,0,1
1743860906532,samsung SM-S928B,TFLite,efficientnet_lite0_int8,bulbul.JPEG,tench,50,20,8,365,0,0
1743860906532,samsung SM-S928B,PyTorch,mobilenet_v2,bulbul.JPEG,bulbul,62,37,88,2616,0,1
1743860906824,samsung SM-S928B,TFLite,efficientnet_lite0,bull_mastiff.JPEG,bull mastiff,54,12,18,0,0,1
1743860906824,samsung SM-S928B,TFLite,efficientnet_lite0_int8,bull_mastiff.JPEG,Samoyed,78,04,7,381,0,0
1743860906824,samsung SM-S928B,PyTorch,mobilenet_v2,bull_mastiff.JPEG,bull mastiff,42,12,73,1544,0,1
1743860907156,samsung SM-S928B,TFLite,efficientnet_lite0,bullet_train.JPEG,bullet train,92,95,19,2620,0,1
1743860907156,samsung SM-S928B,TFLite,efficientnet_lite0_int8,bullet_train.JPEG,face powder,50,59,8,365,0,0
1743860907156,samsung SM-S928B,PyTorch,mobilenet_v2,bullet_train.JPEG,bullet train,98,47,87,0,0,1
1743860907420,samsung SM-S928B,TFLite,efficientnet_lite0,bulletproof_vest.JPEG,bulletproof vest,97,08,19,2572,0,1
1743860907420,samsung SM-S928B,TFLite,efficientnet_lite0_int8,bulletproof_vest.JPEG,dial telephone,50,59,7,365,0,0
1743860907420,samsung SM-S928B,PyTorch,mobilenet_v2,bulletproof_vest.JPEG,bulletproof vest,99,98,47,512,0,1
1743860907754,samsung SM-S928B,TFLite,efficientnet_lite0,bullfrog.JPEG,bullfrog,93,83,17,2620,0,1
1743860907755,samsung SM-S928B,TFLite,efficientnet_lite0_int8,bullfrog.JPEG,terrapin,50,98,8,365,0,0
1743860907755,samsung SM-S928B,PyTorch,mobilenet_v2,bullfrog.JPEG,bullfrog,87,39,96,2412,0,1
1743860908087,samsung SM-S928B,TFLite,efficientnet_lite0,burrito.JPEG,burrito,71,72,19,0,0,1
1743860908088,samsung SM-S928B,TFLite,efficientnet_lite0_int8,burrito.JPEG,trifle,60,00,7,349,0,0
1743860908088,samsung SM-S928B,PyTorch,mobilenet_v2,burrito.JPEG,burrito,62,07,97,2936,0,1
1743860908440,samsung SM-S928B,TFLite,efficientnet_lite0,bustard.JPEG,bustard,94,88,17,2636,0,1
1743860908440,samsung SM-S928B,TFLite,efficientnet_lite0_int8,bustard.JPEG,junco,50,59,8,365,0,0
1743860908441,samsung SM-S928B,PyTorch,mobilenet_v2,bustard.JPEG,bustard,92,73,105,2604,0,1
1743860908768,samsung SM-S928B,TFLite,efficientnet_lite0,butcher_shop.JPEG,Dutch oven,11,75,19,0,0,4
1743860908769,samsung SM-S928B,TFLite,efficientnet_lite0_int8,butcher_shop.JPEG,entertainment center,67,84,7,397,0,0
1743860908769,samsung SM-S928B,PyTorch,mobilenet_v2,butcher_shop.JPEG,butcher shop,15,25,96,2604,0,1
1743860909096,samsung SM-S928B,TFLite,efficientnet_lite0,butternut_squash.JPEG,butternut squash,96,91,17,0,0,1
1743860909096,samsung SM-S928B,TFLite,efficientnet_lite0_int8,butternut_squash.JPEG,cardoon,88,63,8,365,0,0
1743860909096,samsung SM-S928B,PyTorch,mobilenet_v2,butternut_squash.JPEG,butternut squash,97,73,97,2572,0,1
1743860909456,samsung SM-S928B,TFLite,efficientnet_lite0,cab.JPEG,cab,95,60,20,0,0,0
1743860909457,samsung SM-S928B,TFLite,efficientnet_lite0_int8,cab.JPEG,screw,51,37,7,365,0,0
1743860909457,samsung SM-S928B,PyTorch,mobilenet_v2,cab.JPEG,cab,89,78,121,2920,0,0
1743860909826,samsung SM-S928B,TFLite,efficientnet_lite0,cabbage_butterfly.JPEG,cabbage butterfly,93,12,19,0,0,0
1743860909826,samsung SM-S928B,TFLite,efficientnet_lite0_int8,cabbage_butterfly.JPEG,lycaenid,50,98,7,349,0,0
1743860909826,samsung SM-S928B,PyTorch,mobilenet_v2,cabbage_butterfly.JPEG,cabbage butterfly,47,97,120,808,0,0
1743860910145,samsung SM-S928B,TFLite,efficientnet_lite0,cairn.JPEG,cairn,64,43,19,2620,0,1
1743860910145,samsung SM-S928B,TFLite,efficientnet_lite0_int8,cairn.JPEG,Sealyham terrier,61,18,8,0,0,0
1743860910145,samsung SM-S928B,PyTorch,mobilenet_v2,cairn.JPEG,cairn,32,13,76,1292,0,1
1743860910480,samsung SM-S928B,TFLite,efficientnet_lite0,caldron.JPEG,caldron,44,07,19,2588,0,1
1743860910480,samsung SM-S928B,TFLite,efficientnet_lite0_int8,caldron.JPEG,can opener,75,69,8,365,0,0
1743860910481,samsung SM-S928B,PyTorch,mobilenet_v2,caldron.JPEG,caldron,12,84,94,0,0,1
1743860910799,samsung SM-S928B,TFLite,efficientnet_lite0,can_opener.JPEG,can opener,94,39,18,2604,0,1
1743860910799,samsung SM-S928B,TFLite,efficientnet_lite0_int8,can_opener.JPEG,tub,55,29,10,0,0,0
1743860910799,samsung SM-S928B,PyTorch,mobilenet_v2,can_opener.JPEG,can opener,39,43,69,1804,0,1
1743860911136,samsung SM-S928B,TFLite,efficientnet_lite0,candle.JPEG,candle,98,59,19,2604,0,1
1743860911136,samsung SM-S928B,TFLite,efficientnet_lite0_int8,candle.JPEG,tractor,53,33,7,365,0,0
1743860911137,samsung SM-S928B,PyTorch,mobilenet_v2,candle.JPEG,candle,61,71,103,0,0,1
1743860911496,samsung SM-S928B,TFLite,efficientnet_lite0,cannon.JPEG,cannon,98,24,19,2604,0,1
1743860911497,samsung SM-S928B,TFLite,efficientnet_lite0_int8,cannon.JPEG,tench,50,20,7,349,0,0
1743860911497,samsung SM-S928B,PyTorch,mobilenet_v2,cannon.JPEG,cannon,67,44,116,0,0,1
1743860911846,samsung SM-S928B,TFLite,efficientnet_lite0,canoe.JPEG,canoe,97,39,19,0,0,1
1743860911846,samsung SM-S928B,TFLite,efficientnet_lite0_int8,canoe.JPEG,pajama,51,76,7,365,0,0
1743860911846,samsung SM-S928B,PyTorch,mobilenet_v2,canoe.JPEG,canoe,69,92,114,2936,0,1
1743860912158,samsung SM-S928B,TFLite,efficientnet_lite0,capuchin.JPEG,capuchin,31,85,20,0,0,1
1743860912158,samsung SM-S928B,TFLite,efficientnet_lite0_int8,capuchin.JPEG,squirrel monkey,75,69,7,349,0,5
1743860912158,samsung SM-S928B,PyTorch,mobilenet_v2,capuchin.JPEG,capuchin,9,91,81,2264,0,1
1743860912479,samsung SM-S928B,TFLite,efficientnet_lite0,car_mirror.JPEG,car mirror,92,29,22,0,0,1
1743860912479,samsung SM-S928B,TFLite,efficientnet_lite0_int8,car_mirror.JPEG,thimble,50,98,7,365,0,0
1743860912479,samsung SM-S928B,PyTorch,mobilenet_v2,car_mirror.JPEG,car mirror,98,66,72,1948,0,1
1743860912792,samsung SM-S928B,TFLite,efficientnet_lite0,car_wheel.JPEG,car wheel,96,13,18,2604,0,0
1743860912792,samsung SM-S928B,TFLite,efficientnet_lite0_int8,car_wheel.JPEG,doormat,52,94,14,381,0,0
1743860912792,samsung SM-S928B,PyTorch,mobilenet_v2,car_wheel.JPEG,car wheel,98,09,63,1072,0,0
1743860913099,samsung SM-S928B,TFLite,efficientnet_lite0,carbonara.JPEG,carbonara,63,49,19,2604,0,1
1743860913099,samsung SM-S928B,TFLite,efficientnet_lite0_int8,carbonara.JPEG,pizza,88,24,7,365,0,0
1743860913100,samsung SM-S928B,PyTorch,mobilenet_v2,carbonara.JPEG,carbonara,46,10,82,0,0,1
1743860913480,samsung SM-S928B,TFLite,efficientnet_lite0,cardoon.JPEG,cardoon,65,20,19,2588,0,1
1743860913480,samsung SM-S928B,TFLite,efficientnet_lite0_int8,cardoon.JPEG,Granny Smith,60,00,8,381,0,0
1743860913480,samsung SM-S928B,PyTorch,mobilenet_v2,cardoon.JPEG,cardoon,66,46,133,0,0,1
1743860913822,samsung SM-S928B,TFLite,efficientnet_lite0,carousel.JPEG,golfcart,41,66,19,2588,0,0
1743860913822,samsung SM-S928B,TFLite,efficientnet_lite0_int8,carousel.JPEG,castle,53,73,8,365,0,0
1743860913822,samsung SM-S928B,PyTorch,mobilenet_v2,carousel.JPEG,golfcart,9,97,100,2936,0,0
1743860914154,samsung SM-S928B,TFLite,efficientnet_lite0,carpenter's_kit.JPEG,Christmas stocking,16,51,18,0,0,0
1743860914154,samsung SM-S928B,TFLite,efficientnet_lite0_int8,carpenter's_kit.JPEG,projector,56,47,8,381,0,0
1743860914154,samsung SM-S928B,PyTorch,mobilenet_v2,carpenter's_kit.JPEG,space heater,2,60,91,2936,0,0
1743860914623,samsung SM-S928B,TFLite,efficientnet_lite0,carton.JPEG,carton,97,89,17,2636,0,1
1743860914623,samsung SM-S928B,TFLite,efficientnet_lite0_int8,carton.JPEG,crutch,50,59,9,0,0,0
1743860914623,samsung SM-S928B,PyTorch,mobilenet_v2,carton.JPEG,carton,50,20,192,5514,0,1
1743860915258,samsung SM-S928B,TFLite,efficientnet_lite0,cash_machine.JPEG,cash machine,83,96,18,0,0,1
1743860915258,samsung SM-S928B,TFLite,efficientnet_lite0_int8,cash_machine.JPEG,perfume,63,14,7,349,0,0
1743860915258,samsung SM-S928B,PyTorch,mobilenet_v2,cash_machine.JPEG,cash machine,14,25,330,7799,0,1
1743860915617,samsung SM-S928B,TFLite,efficientnet_lite0,cassette.JPEG,cassette,77,98,19,2604,0,1
1743860915618,samsung SM-S928B,TFLite,efficientnet_lite0_int8,cassette.JPEG,cello,55,69,7,349,0,0
1743860915618,samsung SM-S928B,PyTorch,mobilenet_v2,cassette.JPEG,cassette,82,52,125,2936,0,1
1743860915962,samsung SM-S928B,TFLite,efficientnet_lite0,cassette_player.JPEG,hard disc,49,99,19,2588,0,0
1743860915962,samsung SM-S928B,TFLite,efficientnet_lite0_int8,cassette_player.JPEG,puck,67,45,8,365,0,5
1743860915962,samsung SM-S928B,PyTorch,mobilenet_v2,cassette_player.JPEG,hard disc,11,84,102,2604,0,3
1743860916322,samsung SM-S928B,TFLite,efficientnet_lite0,castle.JPEG,castle,98,81,17,0,0,1
1743860916322,samsung SM-S928B,TFLite,efficientnet_lite0_int8,castle.JPEG,cloak,50,59,8,381,0,0
1743860916322,samsung SM-S928B,PyTorch,mobilenet_v2,castle.JPEG,castle,73,23,116,3192,0,1
1743860916666,samsung SM-S928B,TFLite,efficientnet_lite0,catamaran.JPEG,catamaran,70,19,21,2588,0,1
1743860916666,samsung SM-S928B,TFLite,efficientnet_lite0_int8,catamaran.JPEG,trombone,76,86,7,365,0,0
1743860916666,samsung SM-S928B,PyTorch,mobilenet_v2,catamaran.JPEG,catamaran,60,79,107,2952,0,1
1743860917048,samsung SM-S928B,TFLite,efficientnet_lite0,cauliflower.JPEG,cauliflower,77,79,18,2604,0,1
1743860917048,samsung SM-S928B,TFLite,efficientnet_lite0_int8,cauliflower.JPEG,spaghetti squash,50,59,7,349,0,0
1743860917049,samsung SM-S928B,PyTorch,mobilenet_v2,cauliflower.JPEG,cauliflower,94,12,143,0,0,1
1743860917381,samsung SM-S928B,TFLite,efficientnet_lite0,cello.JPEG,cello,43,48,20,2604,0,1
1743860917381,samsung SM-S928B,TFLite,efficientnet_lite0_int8,cello.JPEG,altar,81,18,7,365,0,0
1743860917381,samsung SM-S928B,PyTorch,mobilenet_v2,cello.JPEG,cello,56,64,94,2936,0,1
1743860917641,samsung SM-S928B,TFLite,efficientnet_lite0,cellular_telephone.JPEG,hand-held computer,30,05,18,0,0,2
1743860917642,samsung SM-S928B,TFLite,efficientnet_lite0_int8,cellular_telephone.JPEG,chain saw,67,84,7,365,0,0
1743860917642,samsung SM-S928B,PyTorch,mobilenet_v2,cellular_telephone.JPEG,cellular telephone,97,71,51,704,0,1
1743860917977,samsung SM-S928B,TFLite,efficientnet_lite0,centipede.JPEG,centipede,88,21,18,2588,0,1
1743860917977,samsung SM-S928B,TFLite,efficientnet_lite0_int8,centipede.JPEG,container ship,50,59,8,365,0,0
1743860917977,samsung SM-S928B,PyTorch,mobilenet_v2,centipede.JPEG,centipede,60,49,100,0,0,1
1743860918238,samsung SM-S928B,TFLite,efficientnet_lite0,chain.JPEG,chain,51,09,19,2588,0,1
1743860918238,samsung SM-S928B,TFLite,efficientnet_lite0_int8,chain.JPEG,Windsor tie,61,18,7,365,0,0
1743860918238,samsung SM-S928B,PyTorch,mobilenet_v2,chain.JPEG,chain,42,25,45,608,0,1
1743860918563,samsung SM-S928B,TFLite,efficientnet_lite0,chain_mail.JPEG,chain mail,85,67,17,0,0,0
1743860918563,samsung SM-S928B,TFLite,efficientnet_lite0_int8,chain_mail.JPEG,carton,50,98,7,349,0,0
1743860918564,samsung SM-S928B,PyTorch,mobilenet_v2,chain_mail.JPEG,chain mail,94,24,95,2952,0,0
1743860918833,samsung SM-S928B,TFLite,efficientnet_lite0,chain_saw.JPEG,lumbermill,88,14,18,2604,0,0
1743860918833,samsung SM-S928B,TFLite,efficientnet_lite0_int8,chain_saw.JPEG,china cabinet,72,16,7,365,0,0
1743860918833,samsung SM-S928B,PyTorch,mobilenet_v2,chain_saw.JPEG,lumbermill,32,68,58,0,0,0
1743860919178,samsung SM-S928B,TFLite,efficientnet_lite0,chainlink_fence.JPEG,chainlink fence,94,22,20,2588,0,0
1743860919178,samsung SM-S928B,TFLite,efficientnet_lite0_int8,chainlink_fence.JPEG,punching bag,51,76,7,349,0,0
1743860919178,samsung SM-S928B,PyTorch,mobilenet_v2,chainlink_fence.JPEG,chainlink fence,86,83,103,0,0,0
1743860919487,samsung SM-S928B,TFLite,efficientnet_lite0,chambered_nautilus.JPEG,chambered nautilus,91,24,19,2604,0,1
1743860919487,samsung SM-S928B,TFLite,efficientnet_lite0_int8,chambered_nautilus.JPEG,chambered nautilus,50,98,13,0,0,1
1743860919488,samsung SM-S928B,PyTorch,mobilenet_v2,chambered_nautilus.JPEG,chambered nautilus,99,86,57,816,0,1
1743860919812,samsung SM-S928B,TFLite,efficientnet_lite0,cheeseburger.JPEG,cheeseburger,97,84,19,2588,0,1
1743860919813,samsung SM-S928B,TFLite,efficientnet_lite0_int8,cheeseburger.JPEG,mashed potato,50,59,8,349,0,0
1743860919813,samsung SM-S928B,PyTorch,mobilenet_v2,cheeseburger.JPEG,cheeseburger,87,42,90,0,0,1
1743860920143,samsung SM-S928B,TFLite,efficientnet_lite0,cheetah.JPEG,cheetah,85,58,19,2604,0,1
1743860920144,samsung SM-S928B,TFLite,efficientnet_lite0_int8,cheetah.JPEG,cheetah,65,49,8,365,0,1
1743860920144,samsung SM-S928B,PyTorch,mobilenet_v2,cheetah.JPEG,cheetah,50,59,89,0,0,1
1743860920598,samsung SM-S928B,TFLite,efficientnet_lite0,chest.JPEG,chest,85,19,19,2588,0,1
1743860920599,samsung SM-S928B,TFLite,efficientnet_lite0_int8,chest.JPEG,crutch,53,73,31,0,0,0
1743860920599,samsung SM-S928B,PyTorch,mobilenet_v2,chest.JPEG,chest,5,63,175,4808,0,1
1743860920932,samsung SM-S928B,TFLite,efficientnet_lite0,chickadee.JPEG,chickadee,94,95,19,0,0,1
1743860920932,samsung SM-S928B,TFLite,efficientnet_lite0_int8,chickadee.JPEG,robin,50,59,7,349,0,0
1743860920932,samsung SM-S928B,PyTorch,mobilenet_v2,chickadee.JPEG,chickadee,74,66,100,2616,0,1
1743860921255,samsung SM-S928B,TFLite,efficientnet_lite0,chiffonier.JPEG,chiffonier,80,93,17,2588,0,1
1743860921256,samsung SM-S928B,TFLite,efficientnet_lite0_int8,chiffonier.JPEG,velvet,54,90,7,349,0,0
1743860921256,samsung SM-S928B,PyTorch,mobilenet_v2,chiffonier.JPEG,chiffonier,69,13,97,0,0,1
1743860921598,samsung SM-S928B,TFLite,efficientnet_lite0,chime.JPEG,chime,83,69,19,2588,0,1
1743860921599,samsung SM-S928B,TFLite,efficientnet_lite0_int8,chime.JPEG,cloak,60,78,7,349,0,0
1743860921599,samsung SM-S928B,PyTorch,mobilenet_v2,chime.JPEG,chime,69,73,110,2472,0,1
1743860921950,samsung SM-S928B,TFLite,efficientnet_lite0,chimpanzee.JPEG,gorilla,61,02,19,2604,0,2
1743860921950,samsung SM-S928B,TFLite,efficientnet_lite0_int8,chimpanzee.JPEG,patas,64,71,8,0,0,0
1743860921950,samsung SM-S928B,PyTorch,mobilenet_v2,chimpanzee.JPEG,chimpanzee,20,57,108,2924,0,1
1743860922303,samsung SM-S928B,TFLite,efficientnet_lite0,china_cabinet.JPEG,china cabinet,95,15,19,0,0,0
1743860922303,samsung SM-S928B,TFLite,efficientnet_lite0_int8,china_cabinet.JPEG,feather boa,51,37,9,365,0,0
1743860922304,samsung SM-S928B,PyTorch,mobilenet_v2,china_cabinet.JPEG,china cabinet,93,42,104,2952,0,0
1743860922684,samsung SM-S928B,TFLite,efficientnet_lite0,chiton.JPEG,chiton,83,68,18,2620,0,1
1743860922684,samsung SM-S928B,TFLite,efficientnet_lite0_int8,chiton.JPEG,barn spider,53,33,16,0,0,0
1743860922685,samsung SM-S928B,PyTorch,mobilenet_v2,chiton.JPEG,chiton,99,74,101,2604,0,1
1743860923023,samsung SM-S928B,TFLite,efficientnet_lite0,chocolate_sauce.JPEG,chocolate sauce,47,47,19,0,0,1
1743860923023,samsung SM-S928B,TFLite,efficientnet_lite0_int8,chocolate_sauce.JPEG,potpie,93,33,8,365,0,0
1743860923023,samsung SM-S928B,PyTorch,mobilenet_v2,chocolate_sauce.JPEG,waffle iron,7,65,96,2936,0,2
1743860923338,samsung SM-S928B,TFLite,efficientnet_lite0,chow.JPEG,chow,65,03,18,0,0,1
1743860923338,samsung SM-S928B,TFLite,efficientnet_lite0_int8,chow.JPEG,Cardigan,98,43,7,365,0,0
1743860923338,samsung SM-S928B,PyTorch,mobilenet_v2,chow.JPEG,chow,18,69,95,2312,0,1
1743860923668,samsung SM-S928B,TFLite,efficientnet_lite0,church.JPEG,church,83,76,19,2604,0,1
1743860923668,samsung SM-S928B,TFLite,efficientnet_lite0_int8,church.JPEG,baseball,60,78,8,349,0,0
1743860923668,samsung SM-S928B,PyTorch,mobilenet_v2,church.JPEG,church,17,76,88,0,0,1
1743860924041,samsung SM-S928B,TFLite,efficientnet_lite0,cicada.JPEG,cicada,63,33,19,2588,0,1
1743860924041,samsung SM-S928B,TFLite,efficientnet_lite0_int8,cicada.JPEG,admiral,55,29,8,365,0,0
1743860924041,samsung SM-S928B,PyTorch,mobilenet_v2,cicada.JPEG,cicada,26,33,132,0,0,1
1743860924382,samsung SM-S928B,TFLite,efficientnet_lite0,cinema.JPEG,cinema,74,54,19,2604,0,1
1743860924382,samsung SM-S928B,TFLite,efficientnet_lite0_int8,cinema.JPEG,barrow,56,47,7,365,0,0
1743860924382,samsung SM-S928B,PyTorch,mobilenet_v2,cinema.JPEG,cinema,53,87,91,2872,0,1
1743860924737,samsung SM-S928B,TFLite,efficientnet_lite0,cleaver.JPEG,butcher shop,92,28,19,0,0,2
1743860924737,samsung SM-S928B,TFLite,efficientnet_lite0_int8,cleaver.JPEG,cocktail shaker,52,16,13,381,0,0
1743860924738,samsung SM-S928B,PyTorch,mobilenet_v2,cleaver.JPEG,butcher shop,96,62,86,2604,0,2
1743860925099,samsung SM-S928B,TFLite,efficientnet_lite0,cliff.JPEG,cliff,87,05,20,2604,0,4
1743860925100,samsung SM-S928B,TFLite,efficientnet_lite0_int8,cliff.JPEG,coffee mug,51,37,7,349,0,0
1743860925100,samsung SM-S928B,PyTorch,mobilenet_v2,cliff.JPEG,cliff,24,89,122,0,0,5
1743860925419,samsung SM-S928B,TFLite,efficientnet_lite0,cliff_dwelling.JPEG,cliff dwelling,75,83,20,2572,0,1
1743860925420,samsung SM-S928B,TFLite,efficientnet_lite0_int8,cliff_dwelling.JPEG,promontory,59,61,8,365,0,0
1743860925420,samsung SM-S928B,PyTorch,mobilenet_v2,cliff_dwelling.JPEG,cliff dwelling,45,65,80,2936,0,1
1743860925746,samsung SM-S928B,TFLite,efficientnet_lite0,cloak.JPEG,gown,22,02,18,0,0,2
1743860925746,samsung SM-S928B,TFLite,efficientnet_lite0_int8,cloak.JPEG,ladle,70,59,8,397,0,0
1743860925747,samsung SM-S928B,PyTorch,mobilenet_v2,cloak.JPEG,gown,20,16,85,2604,0,0
1743860926081,samsung SM-S928B,TFLite,efficientnet_lite0,clog.JPEG,Loafer,34,01,19,2588,0,3
1743860926082,samsung SM-S928B,TFLite,efficientnet_lite0_int8,clog.JPEG,scale,83,14,13,365,0,0
1743860926082,samsung SM-S928B,PyTorch,mobilenet_v2,clog.JPEG,Loafer,15,20,78,2200,0,2
1743860926410,samsung SM-S928B,TFLite,efficientnet_lite0,clumber.JPEG,clumber,94,35,19,0,0,1
1743860926410,samsung SM-S928B,TFLite,efficientnet_lite0_int8,clumber.JPEG,clumber,51,76,8,397,0,1
1743860926410,samsung SM-S928B,PyTorch,mobilenet_v2,clumber.JPEG,clumber,67,34,94,2936,0,1
1743860926750,samsung SM-S928B,TFLite,efficientnet_lite0,cock.JPEG,cock,15,44,17,0,0,1
1743860926751,samsung SM-S928B,TFLite,efficientnet_lite0_int8,cock.JPEG,tusker,66,27,8,365,0,0
1743860926751,samsung SM-S928B,PyTorch,mobilenet_v2,cock.JPEG,crane,8,02,98,2732,0,3
1743860927081,samsung SM-S928B,TFLite,efficientnet_lite0,cocker_spaniel.JPEG,cocker spaniel,70,44,19,0,0,0
1743860927081,samsung SM-S928B,TFLite,efficientnet_lite0_int8,cocker_spaniel.JPEG,Sussex spaniel,54,12,8,365,0,0
1743860927081,samsung SM-S928B,PyTorch,mobilenet_v2,cocker_spaniel.JPEG,cocker spaniel,43,62,95,2704,0,0
1743860927415,samsung SM-S928B,TFLite,efficientnet_lite0,cockroach.JPEG,thimble,26,80,18,2588,0,0
1743860927415,samsung SM-S928B,TFLite,efficientnet_lite0_int8,cockroach.JPEG,toaster,73,73,10,0,0,0
1743860927416,samsung SM-S928B,PyTorch,mobilenet_v2,cockroach.JPEG,buckle,3,83,87,2600,0,0
1743860927789,samsung SM-S928B,TFLite,efficientnet_lite0,cocktail_shaker.JPEG,cocktail shaker,66,74,19,0,0,0
1743860927790,samsung SM-S928B,TFLite,efficientnet_lite0_int8,cocktail_shaker.JPEG,bikini,71,37,8,349,0,0
1743860927790,samsung SM-S928B,PyTorch,mobilenet_v2,cocktail_shaker.JPEG,cocktail shaker,8,99,115,3912,0,0
1743860928415,samsung SM-S928B,TFLite,efficientnet_lite0,coffee_mug.JPEG,coffee mug,87,74,18,2604,0,1
1743860928415,samsung SM-S928B,TFLite,efficientnet_lite0_int8,coffee_mug.JPEG,cliff,60,39,8,0,0,0
1743860928415,samsung SM-S928B,PyTorch,mobilenet_v2,coffee_mug.JPEG,coffee mug,8,94,303,8539,0,1
1743860928757,samsung SM-S928B,TFLite,efficientnet_lite0,coffeepot.JPEG,coffeepot,45,80,19,2588,0,1
1743860928757,samsung SM-S928B,TFLite,efficientnet_lite0_int8,coffeepot.JPEG,computer keyboard,82,75,7,381,0,0
1743860928757,samsung SM-S928B,PyTorch,mobilenet_v2,coffeepot.JPEG,coffeepot,35,94,100,2936,0,1
1743860929063,samsung SM-S928B,TFLite,efficientnet_lite0,coho.JPEG,coho,88,74,17,2588,0,1
1743860929064,samsung SM-S928B,TFLite,efficientnet_lite0_int8,coho.JPEG,abaya,52,16,7,349,0,0
1743860929064,samsung SM-S928B,PyTorch,mobilenet_v2,coho.JPEG,coho,80,22,75,2952,0,1
1743860929378,samsung SM-S928B,TFLite,efficientnet_lite0,coil.JPEG,coil,88,41,17,0,0,1
1743860929378,samsung SM-S928B,TFLite,efficientnet_lite0_int8,coil.JPEG,Granny Smith,51,37,8,397,0,0
1743860929378,samsung SM-S928B,PyTorch,mobilenet_v2,coil.JPEG,coil,15,98,89,2108,0,1
1743860929722,samsung SM-S928B,TFLite,efficientnet_lite0,collie.JPEG,collie,24,99,19,2604,0,1
1743860929722,samsung SM-S928B,TFLite,efficientnet_lite0_int8,collie.JPEG,German shepherd,96,08,8,397,0,0
1743860929722,samsung SM-S928B,PyTorch,mobilenet_v2,collie.JPEG,collie,5,31,105,0,0,1
1743860930076,samsung SM-S928B,TFLite,efficientnet_lite0,colobus.JPEG,langur,53,91,18,2588,0,2
1743860930077,samsung SM-S928B,TFLite,efficientnet_lite0_int8,colobus.JPEG,capuchin,94,90,7,365,0,5
1743860930077,samsung SM-S928B,PyTorch,mobilenet_v2,colobus.JPEG,langur,39,88,120,0,0,2
1743860930406,samsung SM-S928B,TFLite,efficientnet_lite0,combination_lock.JPEG,combination lock,90,68,19,2588,0,1
1743860930407,samsung SM-S928B,TFLite,efficientnet_lite0_int8,combination_lock.JPEG,pickelhaube,50,59,7,365,0,0
1743860930407,samsung SM-S928B,PyTorch,mobilenet_v2,combination_lock.JPEG,combination lock,45,17,99,2224,0,1
1743860930735,samsung SM-S928B,TFLite,efficientnet_lite0,comic_book.JPEG,comic book,73,97,21,0,0,1
1743860930735,samsung SM-S928B,TFLite,efficientnet_lite0_int8,comic_book.JPEG,brass,67,45,7,365,0,0
1743860930736,samsung SM-S928B,PyTorch,mobilenet_v2,comic_book.JPEG,bookshop,38,48,96,2616,0,2
1743860931103,samsung SM-S928B,TFLite,efficientnet_lite0,common_iguana.JPEG,common iguana,96,09,18,2620,0,1
1743860931103,samsung SM-S928B,TFLite,efficientnet_lite0_int8,common_iguana.JPEG,thunder snake,52,94,8,0,0,0
1743860931103,samsung SM-S928B,PyTorch,mobilenet_v2,common_iguana.JPEG,common iguana,86,89,120,2936,0,1
1743860931390,samsung SM-S928B,TFLite,efficientnet_lite0,common_newt.JPEG,common newt,30,27,19,0,0,1
1743860931390,samsung SM-S928B,TFLite,efficientnet_lite0_int8,common_newt.JPEG,bullfrog,88,63,7,349,0,0
1743860931390,samsung SM-S928B,PyTorch,mobilenet_v2,common_newt.JPEG,common newt,57,52,69,1256,0,1
1743860931731,samsung SM-S928B,TFLite,efficientnet_lite0,computer_keyboard.JPEG,computer keyboard,40,81,19,2604,0,1
1743860931731,samsung SM-S928B,TFLite,efficientnet_lite0_int8,computer_keyboard.JPEG,speedboat,59,61,7,0,0,0
1743860931731,samsung SM-S928B,PyTorch,mobilenet_v2,computer_keyboard.JPEG,computer keyboard,45,40,109,2952,0,1
1743860932059,samsung SM-S928B,TFLite,efficientnet_lite0,conch.JPEG,conch,95,48,18,0,0,1
1743860932060,samsung SM-S928B,TFLite,efficientnet_lite0_int8,conch.JPEG,chambered nautilus,53,33,7,349,0,0
1743860932060,samsung SM-S928B,PyTorch,mobilenet_v2,conch.JPEG,conch,42,98,99,2604,0,1
1743860932418,samsung SM-S928B,TFLite,efficientnet_lite0,confectionery.JPEG,grocery store,64,40,20,0,0,2
1743860932419,samsung SM-S928B,TFLite,efficientnet_lite0_int8,confectionery.JPEG,half track,65,10,7,349,0,0
1743860932419,samsung SM-S928B,PyTorch,mobilenet_v2,confectionery.JPEG,wine bottle,7,77,126,2936,0,3
1743860932720,samsung SM-S928B,TFLite,efficientnet_lite0,consomme.JPEG,consomme,48,18,17,0,0,1
1743860932720,samsung SM-S928B,TFLite,efficientnet_lite0_int8,consomme.JPEG,bubble,86,67,7,365,0,0
1743860932721,samsung SM-S928B,PyTorch,mobilenet_v2,consomme.JPEG,consomme,27,20,83,2604,0,1
1743860933071,samsung SM-S928B,TFLite,efficientnet_lite0,container_ship.JPEG,container ship,93,01,17,0,0,1
1743860933071,samsung SM-S928B,TFLite,efficientnet_lite0_int8,container_ship.JPEG,lipstick,50,59,8,381,0,0
1743860933071,samsung SM-S928B,PyTorch,mobilenet_v2,container_ship.JPEG,container ship,99,50,120,2668,0,1
1743860933403,samsung SM-S928B,TFLite,efficientnet_lite0,convertible.JPEG,convertible,89,43,19,0,0,1
1743860933403,samsung SM-S928B,TFLite,efficientnet_lite0_int8,convertible.JPEG,pillow,57,25,7,365,0,0
1743860933404,samsung SM-S928B,PyTorch,mobilenet_v2,convertible.JPEG,convertible,56,60,98,2936,0,1
1743860933761,samsung SM-S928B,TFLite,efficientnet_lite0,coral_fungus.JPEG,agaric,21,61,18,0,0,3
1743860933761,samsung SM-S928B,TFLite,efficientnet_lite0_int8,coral_fungus.JPEG,earthstar,67,06,7,365,0,0
1743860933762,samsung SM-S928B,PyTorch,mobilenet_v2,coral_fungus.JPEG,stinkhorn,13,91,124,3468,0,4
1743860934091,samsung SM-S928B,TFLite,efficientnet_lite0,coral_reef.JPEG,coral reef,85,52,19,0,0,1
1743860934092,samsung SM-S928B,TFLite,efficientnet_lite0_int8,coral_reef.JPEG,sandbar,88,24,8,349,0,0
1743860934092,samsung SM-S928B,PyTorch,mobilenet_v2,coral_reef.JPEG,coral reef,55,22,95,2792,0,1
1743860935607,samsung SM-S928B,TFLite,efficientnet_lite0,corkscrew.JPEG,corkscrew,52,73,18,2604,0,1
1743860935607,samsung SM-S928B,TFLite,efficientnet_lite0_int8,corkscrew.JPEG,carpenter's kit,53,73,7,365,0,0
1743860935607,samsung SM-S928B,PyTorch,mobilenet_v2,corkscrew.JPEG,letter opener,5,94,1047,22301,0,0
1743860935930,samsung SM-S928B,TFLite,efficientnet_lite0,corn.JPEG,megalith,3,95,19,2588,0,0
1743860935930,samsung SM-S928B,TFLite,efficientnet_lite0_int8,corn.JPEG,laptop,62,35,7,349,0,0
1743860935931,samsung SM-S928B,PyTorch,mobilenet_v2,corn.JPEG,corn,4,79,91,2632,0,0
1743860936324,samsung SM-S928B,TFLite,efficientnet_lite0,cornet.JPEG,French horn,55,11,17,2588,0,2
1743860936325,samsung SM-S928B,TFLite,efficientnet_lite0_int8,cornet.JPEG,crane,69,80,7,365,0,0
1743860936325,samsung SM-S928B,PyTorch,mobilenet_v2,cornet.JPEG,cornet,23,41,150,4808,0,1
1743860936634,samsung SM-S928B,TFLite,efficientnet_lite0,coucal.JPEG,coucal,82,90,17,2588,0,1
1743860936634,samsung SM-S928B,TFLite,efficientnet_lite0_int8,coucal.JPEG,jacamar,81,18,7,365,0,0
1743860936634,samsung SM-S928B,PyTorch,mobilenet_v2,coucal.JPEG,coucal,42,92,84,2604,0,1
1743860936990,samsung SM-S928B,TFLite,efficientnet_lite0,cougar.JPEG,cougar,25,83,17,0,0,1
1743860936991,samsung SM-S928B,TFLite,efficientnet_lite0_int8,cougar.JPEG,ground beetle,81,18,13,381,0,0
1743860936991,samsung SM-S928B,PyTorch,mobilenet_v2,cougar.JPEG,cougar,19,53,96,2936,0,1
1743860937442,samsung SM-S928B,TFLite,efficientnet_lite0,cowboy_boot.JPEG,cowboy boot,99,05,19,2588,0,1
1743860937442,samsung SM-S928B,TFLite,efficientnet_lite0_int8,cowboy_boot.JPEG,tench,50,20,7,397,0,0
1743860937442,samsung SM-S928B,PyTorch,mobilenet_v2,cowboy_boot.JPEG,cowboy boot,96,28,189,5472,0,1
1743860937772,samsung SM-S928B,TFLite,efficientnet_lite0,cowboy_hat.JPEG,cowboy hat,91,98,21,2588,0,1
1743860937772,samsung SM-S928B,TFLite,efficientnet_lite0_int8,cowboy_hat.JPEG,space shuttle,76,86,8,349,0,0
1743860937772,samsung SM-S928B,PyTorch,mobilenet_v2,cowboy_hat.JPEG,cowboy hat,64,63,88,0,0,1
1743860938081,samsung SM-S928B,TFLite,efficientnet_lite0,coyote.JPEG,white wolf,12,80,18,2604,0,4
1743860938081,samsung SM-S928B,TFLite,efficientnet_lite0_int8,coyote.JPEG,dhole,85,49,7,349,0,0
1743860938081,samsung SM-S928B,PyTorch,mobilenet_v2,coyote.JPEG,white wolf,19,19,82,2460,0,4
1743860938402,samsung SM-S928B,TFLite,efficientnet_lite0,cradle.JPEG,cradle,77,91,17,0,0,1
1743860938402,samsung SM-S928B,TFLite,efficientnet_lite0_int8,cradle.JPEG,grocery store,54,90,8,397,0,0
1743860938402,samsung SM-S928B,PyTorch,mobilenet_v2,cradle.JPEG,cradle,25,55,87,2444,0,1
1743860938747,samsung SM-S928B,TFLite,efficientnet_lite0,crane.JPEG,little blue heron,9,30,19,2588,0,0
1743860938747,samsung SM-S928B,TFLite,efficientnet_lite0_int8,crane.JPEG,limpkin,51,37,8,0,0,0
1743860938748,samsung SM-S928B,PyTorch,mobilenet_v2,crane.JPEG,crane,47,28,102,2936,0,1
1743860939109,samsung SM-S928B,TFLite,efficientnet_lite0,crash_helmet.JPEG,crash helmet,93,44,18,0,0,1
1743860939109,samsung SM-S928B,TFLite,efficientnet_lite0_int8,crash_helmet.JPEG,mousetrap,52,55,9,365,0,0
1743860939109,samsung SM-S928B,PyTorch,mobilenet_v2,crash_helmet.JPEG,crash helmet,49,07,104,2780,0,1
1743860939611,samsung SM-S928B,TFLite,efficientnet_lite0,crate.JPEG,crate,13,25,19,2604,0,1
1743860939612,samsung SM-S928B,TFLite,efficientnet_lite0_int8,crate.JPEG,crutch,61,57,8,381,0,0
1743860939612,samsung SM-S928B,PyTorch,mobilenet_v2,crate.JPEG,ashcan,2,62,219,6379,0,2
1743860939936,samsung SM-S928B,TFLite,efficientnet_lite0,crayfish.JPEG,crayfish,66,80,19,2588,0,1
1743860939936,samsung SM-S928B,TFLite,efficientnet_lite0_int8,crayfish.JPEG,black stork,89,02,7,349,0,5
1743860939936,samsung SM-S928B,PyTorch,mobilenet_v2,crayfish.JPEG,crayfish,10,78,91,2920,0,1
1743860940336,samsung SM-S928B,TFLite,efficientnet_lite0,crib.JPEG,crib,68,00,17,2588,0,1
1743860940336,samsung SM-S928B,TFLite,efficientnet_lite0_int8,crib.JPEG,crib,60,39,7,349,0,1
1743860940336,samsung SM-S928B,PyTorch,mobilenet_v2,crib.JPEG,crib,30,78,154,0,0,1
1743860940652,samsung SM-S928B,TFLite,efficientnet_lite0,cricket.JPEG,cricket,93,91,20,2604,0,1
1743860940652,samsung SM-S928B,TFLite,efficientnet_lite0_int8,cricket.JPEG,mantis,59,22,8,349,0,0
1743860940652,samsung SM-S928B,PyTorch,mobilenet_v2,cricket.JPEG,cricket,51,40,81,2604,0,1
1743860941002,samsung SM-S928B,TFLite,efficientnet_lite0,croquet_ball.JPEG,croquet ball,98,34,18,2588,0,1
1743860941002,samsung SM-S928B,TFLite,efficientnet_lite0_int8,croquet_ball.JPEG,gown,53,73,7,0,0,0
1743860941002,samsung SM-S928B,PyTorch,mobilenet_v2,croquet_ball.JPEG,croquet ball,56,46,91,2968,0,1
1743860941340,samsung SM-S928B,TFLite,efficientnet_lite0,crossword_puzzle.JPEG,crossword puzzle,15,93,19,0,0,1
1743860941340,samsung SM-S928B,TFLite,efficientnet_lite0_int8,crossword_puzzle.JPEG,electric guitar,78,82,8,381,0,0
1743860941340,samsung SM-S928B,PyTorch,mobilenet_v2,crossword_puzzle.JPEG,lipstick,6,14,92,2936,0,0
1743860941692,samsung SM-S928B,TFLite,efficientnet_lite0,crutch.JPEG,crutch,19,77,18,2620,0,1
1743860941692,samsung SM-S928B,TFLite,efficientnet_lite0_int8,crutch.JPEG,desktop computer,67,84,14,0,0,0
1743860941692,samsung SM-S928B,PyTorch,mobilenet_v2,crutch.JPEG,crutch,16,60,90,2736,0,1
1743860942046,samsung SM-S928B,TFLite,efficientnet_lite0,cucumber.JPEG,cucumber,27,78,19,0,0,0
1743860942046,samsung SM-S928B,TFLite,efficientnet_lite0_int8,cucumber.JPEG,mushroom,71,37,13,397,0,0
1743860942047,samsung SM-S928B,PyTorch,mobilenet_v2,cucumber.JPEG,cucumber,27,25,88,2840,0,0
1743860942382,samsung SM-S928B,TFLite,efficientnet_lite0,cuirass.JPEG,cuirass,75,73,23,0,0,1
1743860942382,samsung SM-S928B,TFLite,efficientnet_lite0_int8,cuirass.JPEG,bulletproof vest,65,88,7,349,0,0
1743860942382,samsung SM-S928B,PyTorch,mobilenet_v2,cuirass.JPEG,cuirass,51,96,84,2604,0,1
1743860942741,samsung SM-S928B,TFLite,efficientnet_lite0,cup.JPEG,cup,60,34,22,2604,0,0
1743860942741,samsung SM-S928B,TFLite,efficientnet_lite0_int8,cup.JPEG,computer keyboard,78,04,7,349,0,0
1743860942741,samsung SM-S928B,PyTorch,mobilenet_v2,cup.JPEG,cup,69,61,99,0,0,0
1743860943041,samsung SM-S928B,TFLite,efficientnet_lite0,curly-coated_retriever.JPEG,curly-coated retriever,76,07,19,2572,0,0
1743860943041,samsung SM-S928B,TFLite,efficientnet_lite0_int8,curly-coated_retriever.JPEG,malinois,56,08,7,365,0,0
1743860943041,samsung SM-S928B,PyTorch,mobilenet_v2,curly-coated_retriever.JPEG,curly-coated retriever,79,11,73,1880,0,0
1743860943385,samsung SM-S928B,TFLite,efficientnet_lite0,custard_apple.JPEG,custard apple,79,08,17,0,0,1
1743860943386,samsung SM-S928B,TFLite,efficientnet_lite0_int8,custard_apple.JPEG,butternut squash,60,78,8,397,0,0
1743860943386,samsung SM-S928B,PyTorch,mobilenet_v2,custard_apple.JPEG,custard apple,82,24,102,2936,0,1
1743860943707,samsung SM-S928B,TFLite,efficientnet_lite0,daisy.JPEG,daisy,98,84,19,2614,0,1
1743860943707,samsung SM-S928B,TFLite,efficientnet_lite0_int8,daisy.JPEG,tench,50,20,7,349,0,0
1743860943707,samsung SM-S928B,PyTorch,mobilenet_v2,daisy.JPEG,daisy,98,58,90,2936,0,1
1743860944031,samsung SM-S928B,TFLite,efficientnet_lite0,dalmatian.JPEG,dalmatian,97,01,17,0,0,1
1743860944031,samsung SM-S928B,TFLite,efficientnet_lite0_int8,dalmatian.JPEG,tench,50,20,8,381,0,0
1743860944031,samsung SM-S928B,PyTorch,mobilenet_v2,dalmatian.JPEG,dalmatian,48,21,91,2936,0,1
1743860944376,samsung SM-S928B,TFLite,efficientnet_lite0,dam.JPEG,dam,97,96,33,0,0,0
1743860944376,samsung SM-S928B,TFLite,efficientnet_lite0_int8,dam.JPEG,wall clock,50,59,7,349,0,0
1743860944376,samsung SM-S928B,PyTorch,mobilenet_v2,dam.JPEG,dam,95,99,96,2936,0,0
1743860944728,samsung SM-S928B,TFLite,efficientnet_lite0,damselfly.JPEG,dragonfly,47,13,18,0,0,3
1743860944728,samsung SM-S928B,TFLite,efficientnet_lite0_int8,damselfly.JPEG,monarch,99,61,8,365,0,0
1743860944728,samsung SM-S928B,PyTorch,mobilenet_v2,damselfly.JPEG,damselfly,48,98,113,2648,0,4
1743860945066,samsung SM-S928B,TFLite,efficientnet_lite0,desk.JPEG,desk,50,78,19,2604,0,1
1743860945066,samsung SM-S928B,TFLite,efficientnet_lite0_int8,desk.JPEG,digital clock,76,86,8,349,0,0
1743860945066,samsung SM-S928B,PyTorch,mobilenet_v2,desk.JPEG,desk,10,78,97,0,0,1
1743860945396,samsung SM-S928B,TFLite,efficientnet_lite0,desktop_computer.JPEG,monitor,35,82,19,2588,0,4
1743860945396,samsung SM-S928B,TFLite,efficientnet_lite0_int8,desktop_computer.JPEG,mosque,74,12,7,365,0,0
1743860945397,samsung SM-S928B,PyTorch,mobilenet_v2,desktop_computer.JPEG,desktop computer,22,84,93,2936,0,3
1743860945753,samsung SM-S928B,TFLite,efficientnet_lite0,dhole.JPEG,dhole,79,20,18,0,0,1
1743860945753,samsung SM-S928B,TFLite,efficientnet_lite0_int8,dhole.JPEG,red fox,59,22,8,397,0,0
1743860945753,samsung SM-S928B,PyTorch,mobilenet_v2,dhole.JPEG,dhole,52,36,99,2936,0,1
1743860946116,samsung SM-S928B,TFLite,efficientnet_lite0,dial_telephone.JPEG,dial telephone,75,88,18,2604,0,1
1743860946116,samsung SM-S928B,TFLite,efficientnet_lite0_int8,dial_telephone.JPEG,convertible,60,39,8,0,0,0
1743860946116,samsung SM-S928B,PyTorch,mobilenet_v2,dial_telephone.JPEG,switch,22,80,107,3640,0,2
1743860946445,samsung SM-S928B,TFLite,efficientnet_lite0,diamondback.JPEG,diamondback,37,16,19,0,0,1
1743860946446,samsung SM-S928B,TFLite,efficientnet_lite0_int8,diamondback.JPEG,water snake,61,57,8,365,0,0
1743860946446,samsung SM-S928B,PyTorch,mobilenet_v2,diamondback.JPEG,diamondback,46,22,83,2604,0,1
1743860946826,samsung SM-S928B,TFLite,efficientnet_lite0,diaper.JPEG,diaper,40,84,17,2604,0,1
1743860946826,samsung SM-S928B,TFLite,efficientnet_lite0_int8,diaper.JPEG,dishrag,76,08,11,381,0,0
1743860946826,samsung SM-S928B,PyTorch,mobilenet_v2,diaper.JPEG,diaper,34,87,125,3744,0,1
1743860947161,samsung SM-S928B,TFLite,efficientnet_lite0,digital_clock.JPEG,digital clock,95,29,19,0,0,1
1743860947161,samsung SM-S928B,TFLite,efficientnet_lite0_int8,digital_clock.JPEG,seat belt,51,37,7,365,0,0
1743860947161,samsung SM-S928B,PyTorch,mobilenet_v2,digital_clock.JPEG,digital clock,70,20,101,0,0,1
1743860947472,samsung SM-S928B,TFLite,efficientnet_lite0,digital_watch.JPEG,cassette player,28,12,18,2572,0,0
1743860947472,samsung SM-S928B,TFLite,efficientnet_lite0_int8,digital_watch.JPEG,cello,78,82,7,349,0,0
1743860947473,samsung SM-S928B,PyTorch,mobilenet_v2,digital_watch.JPEG,iPod,5,74,76,2936,0,0
1743860947875,samsung SM-S928B,TFLite,efficientnet_lite0,dingo.JPEG,dingo,66,20,18,0,0,1
1743860947876,samsung SM-S928B,TFLite,efficientnet_lite0_int8,dingo.JPEG,jaguar,58,04,13,381,0,0
1743860947876,samsung SM-S928B,PyTorch,mobilenet_v2,dingo.JPEG,dingo,5,47,128,3912,0,1
1743860948218,samsung SM-S928B,TFLite,efficientnet_lite0,dining_table.JPEG,dining table,88,43,19,2636,0,1
1743860948218,samsung SM-S928B,TFLite,efficientnet_lite0_int8,dining_table.JPEG,cleaver,52,94,8,0,0,0
1743860948218,samsung SM-S928B,PyTorch,mobilenet_v2,dining_table.JPEG,dining table,42,27,103,2936,0,1
1743860948546,samsung SM-S928B,TFLite,efficientnet_lite0,dishrag.JPEG,dishrag,59,08,18,0,0,1
1743860948546,samsung SM-S928B,TFLite,efficientnet_lite0_int8,dishrag.JPEG,dogsled,83,92,8,349,0,0
1743860948547,samsung SM-S928B,PyTorch,mobilenet_v2,dishrag.JPEG,dishrag,95,29,93,2604,0,1
1743860948893,samsung SM-S928B,TFLite,efficientnet_lite0,dishwasher.JPEG,Dungeness crab,18,77,20,2620,0,4
1743860948893,samsung SM-S928B,TFLite,efficientnet_lite0_int8,dishwasher.JPEG,running shoe,79,22,8,365,0,0
1743860948893,samsung SM-S928B,PyTorch,mobilenet_v2,dishwasher.JPEG,dishwasher,12,29,98,2936,0,1
1743860949216,samsung SM-S928B,TFLite,efficientnet_lite0,disk_brake.JPEG,disk brake,81,04,18,0,0,1
1743860949216,samsung SM-S928B,TFLite,efficientnet_lite0_int8,disk_brake.JPEG,revolver,85,49,8,365,0,0
1743860949216,samsung SM-S928B,PyTorch,mobilenet_v2,disk_brake.JPEG,disk brake,15,05,84,2604,0,1
1743860949543,samsung SM-S928B,TFLite,efficientnet_lite0,dock.JPEG,dock,46,21,18,0,0,1
1743860949543,samsung SM-S928B,TFLite,efficientnet_lite0_int8,dock.JPEG,sunglasses,57,25,8,365,0,0
1743860949543,samsung SM-S928B,PyTorch,mobilenet_v2,dock.JPEG,dock,39,00,92,2488,0,1
1743860949873,samsung SM-S928B,TFLite,efficientnet_lite0,dogsled.JPEG,dogsled,97,90,19,0,0,1
1743860949873,samsung SM-S928B,TFLite,efficientnet_lite0_int8,dogsled.JPEG,Norwegian elkhound,50,98,7,365,0,0
1743860949873,samsung SM-S928B,PyTorch,mobilenet_v2,dogsled.JPEG,dogsled,78,97,95,2984,0,1
1743860950211,samsung SM-S928B,TFLite,efficientnet_lite0,dome.JPEG,dome,76,71,31,0,0,1
1743860950211,samsung SM-S928B,TFLite,efficientnet_lite0_int8,dome.JPEG,mountain tent,59,61,7,349,0,0
1743860950212,samsung SM-S928B,PyTorch,mobilenet_v2,dome.JPEG,dome,72,94,94,2936,0,1
1743860950573,samsung SM-S928B,TFLite,efficientnet_lite0,doormat.JPEG,doormat,91,25,24,2620,0,1
1743860950573,samsung SM-S928B,TFLite,efficientnet_lite0_int8,doormat.JPEG,file,58,43,8,365,0,0
1743860950573,samsung SM-S928B,PyTorch,mobilenet_v2,doormat.JPEG,doormat,72,05,88,2300,0,1
1743860950910,samsung SM-S928B,TFLite,efficientnet_lite0,dough.JPEG,guacamole,21,82,19,2636,0,3
1743860950910,samsung SM-S928B,TFLite,efficientnet_lite0_int8,dough.JPEG,ice cream,64,31,9,365,0,0
1743860950910,samsung SM-S928B,PyTorch,mobilenet_v2,dough.JPEG,dough,6,24,90,2604,0,1
1743860951231,samsung SM-S928B,TFLite,efficientnet_lite0,dowitcher.JPEG,dowitcher,65,68,20,0,0,1
1743860951231,samsung SM-S928B,TFLite,efficientnet_lite0_int8,dowitcher.JPEG,king penguin,56,08,8,397,0,0
1743860951231,samsung SM-S928B,PyTorch,mobilenet_v2,dowitcher.JPEG,dowitcher,34,14,88,2620,0,1
1743860951629,samsung SM-S928B,TFLite,efficientnet_lite0,dragonfly.JPEG,dragonfly,36,98,18,2604,0,0
1743860951629,samsung SM-S928B,TFLite,efficientnet_lite0_int8,dragonfly.JPEG,monarch,90,59,13,0,0,0
1743860951630,samsung SM-S928B,PyTorch,mobilenet_v2,dragonfly.JPEG,damselfly,12,06,120,4304,0,0
1743860951955,samsung SM-S928B,TFLite,efficientnet_lite0,drake.JPEG,drake,74,00,19,0,0,1
1743860951956,samsung SM-S928B,TFLite,efficientnet_lite0_int8,drake.JPEG,tusker,71,37,8,365,0,0
1743860951956,samsung SM-S928B,PyTorch,mobilenet_v2,drake.JPEG,drake,32,71,88,2632,0,1
1743860952239,samsung SM-S928B,TFLite,efficientnet_lite0,drilling_platform.JPEG,drilling platform,60,57,17,2636,0,1
1743860952239,samsung SM-S928B,TFLite,efficientnet_lite0_int8,drilling_platform.JPEG,ambulance,60,78,9,365,0,4
1743860952240,samsung SM-S928B,PyTorch,mobilenet_v2,drilling_platform.JPEG,aircraft carrier,85,72,55,576,0,2
1743860952593,samsung SM-S928B,TFLite,efficientnet_lite0,drum.JPEG,drum,88,67,20,2620,0,1
1743860952593,samsung SM-S928B,TFLite,efficientnet_lite0_int8,drum.JPEG,electric guitar,52,55,8,349,0,0
1743860952593,samsung SM-S928B,PyTorch,mobilenet_v2,drum.JPEG,drum,63,15,106,0,0,1
1743860952950,samsung SM-S928B,TFLite,efficientnet_lite0,drumstick.JPEG,drumstick,98,98,18,2604,0,0
1743860952950,samsung SM-S928B,TFLite,efficientnet_lite0_int8,drumstick.JPEG,electric fan,50,59,12,0,0,0
1743860952950,samsung SM-S928B,PyTorch,mobilenet_v2,drumstick.JPEG,drumstick,94,22,97,2936,0,0
1743860953278,samsung SM-S928B,TFLite,efficientnet_lite0,dugong.JPEG,dugong,98,97,17,0,0,1
1743860953278,samsung SM-S928B,TFLite,efficientnet_lite0_int8,dugong.JPEG,pinwheel,50,59,7,397,0,0
1743860953278,samsung SM-S928B,PyTorch,mobilenet_v2,dugong.JPEG,dugong,89,50,100,2616,0,1
1743860953608,samsung SM-S928B,TFLite,efficientnet_lite0,dumbbell.JPEG,dumbbell,35,83,19,2636,0,1
1743860953608,samsung SM-S928B,TFLite,efficientnet_lite0_int8,dumbbell.JPEG,electric locomotive,59,61,8,0,0,0
1743860953608,samsung SM-S928B,PyTorch,mobilenet_v2,dumbbell.JPEG,dumbbell,12,49,101,2616,0,1
1743860953949,samsung SM-S928B,TFLite,efficientnet_lite0,dung_beetle.JPEG,dung beetle,42,01,19,0,0,1
1743860953949,samsung SM-S928B,TFLite,efficientnet_lite0_int8,dung_beetle.JPEG,bee,91,76,8,365,0,0
1743860953950,samsung SM-S928B,PyTorch,mobilenet_v2,dung_beetle.JPEG,dung beetle,49,00,100,2936,0,1
1743860954317,samsung SM-S928B,TFLite,efficientnet_lite0,ear.JPEG,corn,69,31,18,2652,0,0
1743860954317,samsung SM-S928B,TFLite,efficientnet_lite0_int8,ear.JPEG,Unknown,72,94,9,0,0,0
1743860954317,samsung SM-S928B,PyTorch,mobilenet_v2,ear.JPEG,corn,20,44,117,3216,0,0
1743860954630,samsung SM-S928B,TFLite,efficientnet_lite0,earthstar.JPEG,earthstar,98,00,19,0,0,1
1743860954630,samsung SM-S928B,TFLite,efficientnet_lite0_int8,earthstar.JPEG,agaric,50,59,7,365,0,0
1743860954630,samsung SM-S928B,PyTorch,mobilenet_v2,earthstar.JPEG,earthstar,68,06,83,2604,0,1
1743860954999,samsung SM-S928B,TFLite,efficientnet_lite0,echidna.JPEG,echidna,91,36,17,2594,0,1
1743860954999,samsung SM-S928B,TFLite,efficientnet_lite0_int8,echidna.JPEG,guinea pig,50,98,13,381,0,0
1743860954999,samsung SM-S928B,PyTorch,mobilenet_v2,echidna.JPEG,echidna,99,53,109,3016,0,1
1743860955315,samsung SM-S928B,TFLite,efficientnet_lite0,eel.JPEG,eel,33,91,19,0,0,1
1743860955315,samsung SM-S928B,TFLite,efficientnet_lite0_int8,eel.JPEG,sturgeon,66,27,7,365,0,0
1743860955315,samsung SM-S928B,PyTorch,mobilenet_v2,eel.JPEG,slug,14,59,85,2588,0,2
1743860955634,samsung SM-S928B,TFLite,efficientnet_lite0,eft.JPEG,eft,85,48,17,0,0,1
1743860955635,samsung SM-S928B,TFLite,efficientnet_lite0_int8,eft.JPEG,bullfrog,58,43,8,381,0,0
1743860955635,samsung SM-S928B,PyTorch,mobilenet_v2,eft.JPEG,eft,47,48,92,2632,0,1
1743860955917,samsung SM-S928B,TFLite,efficientnet_lite0,eggnog.JPEG,eggnog,95,20,20,0,0,1
1743860955917,samsung SM-S928B,TFLite,efficientnet_lite0_int8,eggnog.JPEG,combination lock,52,16,8,381,0,0
1743860955917,samsung SM-S928B,PyTorch,mobilenet_v2,eggnog.JPEG,eggnog,97,73,66,1208,0,1
1743860956246,samsung SM-S928B,TFLite,efficientnet_lite0,electric_fan.JPEG,loudspeaker,34,14,19,0,0,2
1743860956246,samsung SM-S928B,TFLite,efficientnet_lite0_int8,electric_fan.JPEG,reel,75,29,7,349,0,0
1743860956246,samsung SM-S928B,PyTorch,mobilenet_v2,electric_fan.JPEG,loudspeaker,18,17,98,2936,0,0
1743860956572,samsung SM-S928B,TFLite,efficientnet_lite0,electric_guitar.JPEG,electric guitar,97,49,17,0,0,1
1743860956572,samsung SM-S928B,TFLite,efficientnet_lite0_int8,electric_guitar.JPEG,altar,50,98,7,365,0,0
1743860956572,samsung SM-S928B,PyTorch,mobilenet_v2,electric_guitar.JPEG,electric guitar,65,20,96,504,0,1
1743860956909,samsung SM-S928B,TFLite,efficientnet_lite0,electric_locomotive.JPEG,electric locomotive,50,55,19,2604,0,1
1743860956909,samsung SM-S928B,TFLite,efficientnet_lite0_int8,electric_locomotive.JPEG,face powder,89,02,7,365,0,0
1743860956909,samsung SM-S928B,PyTorch,mobilenet_v2,electric_locomotive.JPEG,passenger car,50,86,104,2604,0,2
1743860957262,samsung SM-S928B,TFLite,efficientnet_lite0,electric_ray.JPEG,electric ray,51,44,19,0,0,1
1743860957262,samsung SM-S928B,TFLite,efficientnet_lite0_int8,electric_ray.JPEG,ostrich,85,49,8,349,0,0
1743860957262,samsung SM-S928B,PyTorch,mobilenet_v2,electric_ray.JPEG,electric ray,50,09,111,3744,0,1
1743860957613,samsung SM-S928B,TFLite,efficientnet_lite0,entertainment_center.JPEG,entertainment center,66,18,18,2620,0,1
1743860957613,samsung SM-S928B,TFLite,efficientnet_lite0_int8,entertainment_center.JPEG,bow tie,63,53,8,0,0,0
1743860957614,samsung SM-S928B,PyTorch,mobilenet_v2,entertainment_center.JPEG,entertainment center,35,12,100,2936,0,1
1743860957945,samsung SM-S928B,TFLite,efficientnet_lite0,envelope.JPEG,envelope,80,04,19,0,0,1
1743860957945,samsung SM-S928B,TFLite,efficientnet_lite0_int8,envelope.JPEG,chest,55,69,8,349,0,0
1743860957945,samsung SM-S928B,PyTorch,mobilenet_v2,envelope.JPEG,envelope,23,65,97,2936,0,1
1743860958257,samsung SM-S928B,TFLite,efficientnet_lite0,espresso.JPEG,espresso,53,32,19,0,0,5
1743860958257,samsung SM-S928B,TFLite,efficientnet_lite0_int8,espresso.JPEG,bubble,88,24,7,365,0,0
1743860958257,samsung SM-S928B,PyTorch,mobilenet_v2,espresso.JPEG,espresso,14,20,85,2604,0,3
1743860958571,samsung SM-S928B,TFLite,efficientnet_lite0,espresso_maker.JPEG,espresso maker,98,94,18,2588,0,1
1743860958572,samsung SM-S928B,TFLite,efficientnet_lite0_int8,espresso_maker.JPEG,confectionery,50,59,7,349,0,0
1743860958572,samsung SM-S928B,PyTorch,mobilenet_v2,espresso_maker.JPEG,espresso maker,98,93,93,0,0,1
1743860958899,samsung SM-S928B,TFLite,efficientnet_lite0,face_powder.JPEG,face powder,63,96,19,2620,0,1
1743860958899,samsung SM-S928B,TFLite,efficientnet_lite0_int8,face_powder.JPEG,toaster,63,53,8,349,0,0
1743860958899,samsung SM-S928B,PyTorch,mobilenet_v2,face_powder.JPEG,face powder,62,04,90,2504,0,1
1743860959258,samsung SM-S928B,TFLite,efficientnet_lite0,feather_boa.JPEG,feather boa,92,61,18,2630,0,1
1743860959259,samsung SM-S928B,TFLite,efficientnet_lite0_int8,feather_boa.JPEG,wine bottle,50,98,9,365,0,0
1743860959259,samsung SM-S928B,PyTorch,mobilenet_v2,feather_boa.JPEG,feather boa,99,44,118,2716,0,1
1743860959945,samsung SM-S928B,TFLite,efficientnet_lite0,fiddler_crab.JPEG,fiddler crab,97,37,32,0,0,1
1743860959946,samsung SM-S928B,TFLite,efficientnet_lite0_int8,fiddler_crab.JPEG,spiny lobster,50,59,13,381,0,0
1743860959946,samsung SM-S928B,PyTorch,mobilenet_v2,fiddler_crab.JPEG,fiddler crab,80,02,372,2632,0,1
1743860960556,samsung SM-S928B,TFLite,efficientnet_lite0,fig.JPEG,fig,87,96,28,0,0,1
1743860960557,samsung SM-S928B,TFLite,efficientnet_lite0_int8,fig.JPEG,banana,50,98,18,365,0,0
1743860960557,samsung SM-S928B,PyTorch,mobilenet_v2,fig.JPEG,fig,90,13,289,2816,0,1
1743860962876,samsung SM-S928B,TFLite,efficientnet_lite0,file.JPEG,file,69,69,29,0,0,1
1743860962876,samsung SM-S928B,TFLite,efficientnet_lite0_int8,file.JPEG,Christmas stocking,65,10,13,349,0,0
1743860962876,samsung SM-S928B,PyTorch,mobilenet_v2,file.JPEG,switch,2,07,1689,28295,0,3
1743860963737,samsung SM-S928B,TFLite,efficientnet_lite0,fire_engine.JPEG,fire engine,37,48,29,2588,0,1
1743860963737,samsung SM-S928B,TFLite,efficientnet_lite0_int8,fire_engine.JPEG,folding chair,75,29,13,349,0,0
1743860963737,samsung SM-S928B,PyTorch,mobilenet_v2,fire_engine.JPEG,fire engine,12,78,501,7472,0,1
1743860964148,samsung SM-S928B,TFLite,efficientnet_lite0,fire_screen.JPEG,fire screen,73,51,27,2604,0,1
1743860964149,samsung SM-S928B,TFLite,efficientnet_lite0_int8,fire_screen.JPEG,studio couch,58,82,12,349,0,0
1743860964149,samsung SM-S928B,PyTorch,mobilenet_v2,fire_screen.JPEG,fire screen,86,79,131,424,0,1
1743860964741,samsung SM-S928B,TFLite,efficientnet_lite0,fireboat.JPEG,fireboat,94,24,27,2588,0,1
1743860964741,samsung SM-S928B,TFLite,efficientnet_lite0_int8,fireboat.JPEG,spotlight,50,98,13,354,0,0
1743860964741,samsung SM-S928B,PyTorch,mobilenet_v2,fireboat.JPEG,fireboat,97,29,259,0,0,1
1743860965296,samsung SM-S928B,TFLite,efficientnet_lite0,flagpole.JPEG,flagpole,95,51,29,0,0,1
1743860965297,samsung SM-S928B,TFLite,efficientnet_lite0_int8,flagpole.JPEG,clog,50,98,13,365,0,0
1743860965297,samsung SM-S928B,PyTorch,mobilenet_v2,flagpole.JPEG,flagpole,20,94,237,2840,0,1
1743860965947,samsung SM-S928B,TFLite,efficientnet_lite0,flamingo.JPEG,flamingo,98,28,29,0,0,1
1743860965948,samsung SM-S928B,TFLite,efficientnet_lite0_int8,flamingo.JPEG,tench,50,20,13,365,0,0
1743860965948,samsung SM-S928B,PyTorch,mobilenet_v2,flamingo.JPEG,flamingo,91,83,322,3740,0,1
1743860966745,samsung SM-S928B,TFLite,efficientnet_lite0,flat-coated_retriever.JPEG,flat-coated retriever,18,24,30,0,0,0
1743860966746,samsung SM-S928B,TFLite,efficientnet_lite0_int8,flat-coated_retriever.JPEG,Chesapeake Bay retriever,74,51,13,381,0,0
1743860966747,samsung SM-S928B,PyTorch,mobilenet_v2,flat-coated_retriever.JPEG,flat-coated retriever,7,60,382,3136,0,0
1743860969396,samsung SM-S928B,TFLite,efficientnet_lite0,flatworm.JPEG,flatworm,79,09,58,2588,0,1
1743860969398,samsung SM-S928B,TFLite,efficientnet_lite0_int8,flatworm.JPEG,hare,52,16,26,349,0,0
1743860969398,samsung SM-S928B,PyTorch,mobilenet_v2,flatworm.JPEG,flatworm,49,03,1637,12461,0,1
1743860970483,samsung SM-S928B,TFLite,efficientnet_lite0,flute.JPEG,flute,94,77,79,2588,0,1
1743860970484,samsung SM-S928B,TFLite,efficientnet_lite0_int8,flute.JPEG,holster,52,94,32,349,0,0
1743860970485,samsung SM-S928B,PyTorch,mobilenet_v2,flute.JPEG,flute,55,58,384,2936,0,1
1743860971572,samsung SM-S928B,TFLite,efficientnet_lite0,fly.JPEG,fly,83,88,74,2604,0,1
1743860971574,samsung SM-S928B,TFLite,efficientnet_lite0_int8,fly.JPEG,monarch,57,65,31,349,0,0
1743860971574,samsung SM-S928B,PyTorch,mobilenet_v2,fly.JPEG,fly,50,60,332,2936,0,1
1743860972858,samsung SM-S928B,TFLite,efficientnet_lite0,folding_chair.JPEG,folding chair,87,09,74,0,0,1
1743860972859,samsung SM-S928B,TFLite,efficientnet_lite0_int8,folding_chair.JPEG,fountain pen,78,43,31,365,0,0
1743860972860,samsung SM-S928B,PyTorch,mobilenet_v2,folding_chair.JPEG,folding chair,43,59,376,2600,0,1
1743860973843,samsung SM-S928B,TFLite,efficientnet_lite0,football_helmet.JPEG,football helmet,88,36,58,0,0,1
1743860973844,samsung SM-S928B,TFLite,efficientnet_lite0_int8,football_helmet.JPEG,safety pin,51,76,25,349,0,0
1743860973845,samsung SM-S928B,PyTorch,mobilenet_v2,football_helmet.JPEG,football helmet,94,69,359,2936,0,1
1743860975131,samsung SM-S928B,TFLite,efficientnet_lite0,forklift.JPEG,forklift,98,73,74,0,0,1
1743860975132,samsung SM-S928B,TFLite,efficientnet_lite0_int8,forklift.JPEG,tench,50,20,35,349,0,0
1743860975133,samsung SM-S928B,PyTorch,mobilenet_v2,forklift.JPEG,forklift,76,83,368,2936,0,1
1743860976100,samsung SM-S928B,TFLite,efficientnet_lite0,fountain.JPEG,fountain,47,82,72,0,0,1
1743860976101,samsung SM-S928B,TFLite,efficientnet_lite0_int8,fountain.JPEG,vase,83,14,26,349,0,0
1743860976102,samsung SM-S928B,PyTorch,mobilenet_v2,fountain.JPEG,fountain,54,65,329,2904,0,1
1743860977260,samsung SM-S928B,TFLite,efficientnet_lite0,fountain_pen.JPEG,iron,7,90,76,0,0,0
1743860977261,samsung SM-S928B,TFLite,efficientnet_lite0_int8,fountain_pen.JPEG,totem pole,62,75,33,365,0,0
1743860977261,samsung SM-S928B,PyTorch,mobilenet_v2,fountain_pen.JPEG,scabbard,13,99,336,1888,0,0
1743860978288,samsung SM-S928B,TFLite,efficientnet_lite0,four-poster.JPEG,four-poster,67,43,58,2604,0,0
1743860978289,samsung SM-S928B,TFLite,efficientnet_lite0_int8,four-poster.JPEG,mouse,81,57,26,349,0,0
1743860978290,samsung SM-S928B,PyTorch,mobilenet_v2,four-poster.JPEG,four-poster,58,49,334,0,0,0
1743860979239,samsung SM-S928B,TFLite,efficientnet_lite0,fox_squirrel.JPEG,barn spider,6,58,79,2588,0,0
1743860979240,samsung SM-S928B,TFLite,efficientnet_lite0_int8,fox_squirrel.JPEG,sea slug,54,12,32,349,0,0
1743860979241,samsung SM-S928B,PyTorch,mobilenet_v2,fox_squirrel.JPEG,stone wall,51,40,177,152,0,0
1743860980340,samsung SM-S928B,TFLite,efficientnet_lite0,freight_car.JPEG,freight car,78,86,71,0,0,1
1743860980341,samsung SM-S928B,TFLite,efficientnet_lite0_int8,freight_car.JPEG,bassoon,50,59,32,349,0,2
1743860980342,samsung SM-S928B,PyTorch,mobilenet_v2,freight_car.JPEG,freight car,99,52,331,2604,0,1
1743860982251,samsung SM-S928B,TFLite,efficientnet_lite0,frilled_lizard.JPEG,frilled lizard,84,15,58,0,0,1
1743860982252,samsung SM-S928B,TFLite,efficientnet_lite0_int8,frilled_lizard.JPEG,triceratops,60,00,25,349,0,2
1743860982252,samsung SM-S928B,PyTorch,mobilenet_v2,frilled_lizard.JPEG,frilled lizard,5,27,918,7104,0,1
1743860983449,samsung SM-S928B,TFLite,efficientnet_lite0,frying_pan.JPEG,frying pan,69,50,83,2604,0,1
1743860983450,samsung SM-S928B,TFLite,efficientnet_lite0_int8,frying_pan.JPEG,espresso,60,78,35,349,0,0
1743860983451,samsung SM-S928B,PyTorch,mobilenet_v2,frying_pan.JPEG,frying pan,54,79,404,2936,0,1
1743860984531,samsung SM-S928B,TFLite,efficientnet_lite0,fur_coat.JPEG,fur coat,10,14,74,2604,0,1
1743860984532,samsung SM-S928B,TFLite,efficientnet_lite0_int8,fur_coat.JPEG,school bus,60,00,26,365,0,0
1743860984533,samsung SM-S928B,PyTorch,mobilenet_v2,fur_coat.JPEG,padlock,4,46,415,2920,0,0
1743860985589,samsung SM-S928B,TFLite,efficientnet_lite0,gar.JPEG,gar,36,14,58,2588,0,0
1743860985590,samsung SM-S928B,TFLite,efficientnet_lite0_int8,gar.JPEG,abaya,94,51,25,349,0,0
1743860985591,samsung SM-S928B,PyTorch,mobilenet_v2,gar.JPEG,lakeside,7,55,404,2956,0,0
1743860986922,samsung SM-S928B,TFLite,efficientnet_lite0,garbage_truck.JPEG,garbage truck,99,34,73,2604,0,0
1743860986923,samsung SM-S928B,TFLite,efficientnet_lite0_int8,garbage_truck.JPEG,crutch,53,33,26,349,0,0
1743860986924,samsung SM-S928B,PyTorch,mobilenet_v2,garbage_truck.JPEG,garbage truck,4,79,519,0,0,0
1743860988187,samsung SM-S928B,TFLite,efficientnet_lite0,garden_spider.JPEG,garden spider,55,70,79,2588,0,2
1743860988188,samsung SM-S928B,TFLite,efficientnet_lite0_int8,garden_spider.JPEG,tarantula,70,20,26,365,0,0
1743860988189,samsung SM-S928B,PyTorch,mobilenet_v2,garden_spider.JPEG,garden spider,41,11,567,3912,0,2
1743860989154,samsung SM-S928B,TFLite,efficientnet_lite0,garter_snake.JPEG,garter snake,83,02,82,0,0,1
1743860989154,samsung SM-S928B,TFLite,efficientnet_lite0_int8,garter_snake.JPEG,king snake,51,76,32,365,0,0
1743860989155,samsung SM-S928B,PyTorch,mobilenet_v2,garter_snake.JPEG,garter snake,94,50,211,1208,0,1
1743860992899,samsung SM-S928B,TFLite,efficientnet_lite0,gas_pump.JPEG,gas pump,56,83,64,2588,0,1
1743860992901,samsung SM-S928B,TFLite,efficientnet_lite0_int8,gas_pump.JPEG,golfcart,88,63,25,349,0,0
1743860992901,samsung SM-S928B,PyTorch,mobilenet_v2,gas_pump.JPEG,cash machine,5,44,878,0,0,0
1743860995696,samsung SM-S928B,TFLite,efficientnet_lite0,gasmask.JPEG,gasmask,80,90,81,2588,0,1
1743860995696,samsung SM-S928B,TFLite,efficientnet_lite0_int8,gasmask.JPEG,stupa,53,33,26,349,0,0
1743860995696,samsung SM-S928B,PyTorch,mobilenet_v2,gasmask.JPEG,gasmask,24,55,287,2028,0,1
1743861002414,samsung SM-S928B,TFLite,efficientnet_lite0,gazelle.JPEG,gazelle,48,68,28,0,0,1
1743861002416,samsung SM-S928B,TFLite,efficientnet_lite0_int8,gazelle.JPEG,weasel,92,16,13,365,0,0
1743861002417,samsung SM-S928B,PyTorch,mobilenet_v2,gazelle.JPEG,gazelle,65,77,632,2864,0,1
1743861008076,samsung SM-S928B,TFLite,efficientnet_lite0,geyser.JPEG,geyser,79,92,80,2588,0,1
1743861008077,samsung SM-S928B,TFLite,efficientnet_lite0_int8,geyser.JPEG,seashore,77,65,32,381,0,0
1743861008078,samsung SM-S928B,PyTorch,mobilenet_v2,geyser.JPEG,geyser,38,38,882,0,0,1
1743861009192,samsung SM-S928B,TFLite,efficientnet_lite0,giant_panda.JPEG,giant panda,94,55,72,0,0,0
1743861009193,samsung SM-S928B,TFLite,efficientnet_lite0_int8,giant_panda.JPEG,tench,50,20,26,365,0,0
1743861009194,samsung SM-S928B,PyTorch,mobilenet_v2,giant_panda.JPEG,giant panda,98,91,452,2936,0,0
1743861025790,samsung SM-S928B,TFLite,efficientnet_lite0,giant_schnauzer.JPEG,giant schnauzer,68,95,414,0,0,1
1743861025790,samsung SM-S928B,TFLite,efficientnet_lite0_int8,giant_schnauzer.JPEG,soft-coated wheaten terrier,66,27,13,349,0,0
1743861025790,samsung SM-S928B,PyTorch,mobilenet_v2,giant_schnauzer.JPEG,giant schnauzer,76,75,161,1272,0,1
1743861026346,samsung SM-S928B,TFLite,efficientnet_lite0,gibbon.JPEG,gibbon,55,00,27,2588,0,1
1743861026347,samsung SM-S928B,TFLite,efficientnet_lite0_int8,gibbon.JPEG,baboon,83,14,13,349,0,0
1743861026347,samsung SM-S928B,PyTorch,mobilenet_v2,gibbon.JPEG,gibbon,12,05,247,0,0,1
1743861026879,samsung SM-S928B,TFLite,efficientnet_lite0,go-kart.JPEG,go-kart,83,54,31,2588,0,0
1743861026880,samsung SM-S928B,TFLite,efficientnet_lite0_int8,go-kart.JPEG,croquet ball,64,71,14,365,0,0
1743861026880,samsung SM-S928B,PyTorch,mobilenet_v2,go-kart.JPEG,go-kart,82,34,212,2616,0,0
1743861027211,samsung SM-S928B,TFLite,efficientnet_lite0,goblet.JPEG,goblet,46,00,37,0,0,1
1743861027212,samsung SM-S928B,TFLite,efficientnet_lite0_int8,goblet.JPEG,lens cap,52,16,9,509,0,0
1743861027212,samsung SM-S928B,PyTorch,mobilenet_v2,goblet.JPEG,goblet,16,52,80,2652,0,1
1743861027521,samsung SM-S928B,TFLite,efficientnet_lite0,golden_retriever.JPEG,golden retriever,61,69,18,2620,0,1
1743861027521,samsung SM-S928B,TFLite,efficientnet_lite0_int8,golden_retriever.JPEG,Irish setter,54,90,7,349,0,0
1743861027521,samsung SM-S928B,PyTorch,mobilenet_v2,golden_retriever.JPEG,golden retriever,8,69,83,0,0,1
1743861027870,samsung SM-S928B,TFLite,efficientnet_lite0,goldfinch.JPEG,goldfinch,94,41,18,2604,0,1
1743861027871,samsung SM-S928B,TFLite,efficientnet_lite0_int8,goldfinch.JPEG,tench,50,20,7,365,0,0
1743861027871,samsung SM-S928B,PyTorch,mobilenet_v2,goldfinch.JPEG,goldfinch,58,92,130,2936,0,1
1743861028170,samsung SM-S928B,TFLite,efficientnet_lite0,goldfish.JPEG,goldfish,89,07,19,0,0,1
1743861028171,samsung SM-S928B,TFLite,efficientnet_lite0_int8,goldfish.JPEG,hammerhead,51,76,7,349,0,5
1743861028171,samsung SM-S928B,PyTorch,mobilenet_v2,goldfish.JPEG,goldfish,90,77,73,1564,0,1
1743861028433,samsung SM-S928B,TFLite,efficientnet_lite0,golf_ball.JPEG,golf ball,85,32,17,0,0,1
1743861028433,samsung SM-S928B,TFLite,efficientnet_lite0_int8,golf_ball.JPEG,tench,50,20,8,365,0,0
1743861028433,samsung SM-S928B,PyTorch,mobilenet_v2,golf_ball.JPEG,golf ball,99,98,50,636,0,1
1743861028777,samsung SM-S928B,TFLite,efficientnet_lite0,golfcart.JPEG,golfcart,98,76,19,2588,0,1
1743861028777,samsung SM-S928B,TFLite,efficientnet_lite0_int8,golfcart.JPEG,tench,50,20,7,365,0,0
1743861028777,samsung SM-S928B,PyTorch,mobilenet_v2,golfcart.JPEG,golfcart,99,75,108,0,0,1
1743861029110,samsung SM-S928B,TFLite,efficientnet_lite0,gondola.JPEG,gondola,98,40,20,2604,0,1
1743861029111,samsung SM-S928B,TFLite,efficientnet_lite0_int8,gondola.JPEG,tench,50,20,13,0,0,0
1743861029111,samsung SM-S928B,PyTorch,mobilenet_v2,gondola.JPEG,gondola,98,61,91,2936,0,1
1743861029440,samsung SM-S928B,TFLite,efficientnet_lite0,gong.JPEG,gong,75,64,18,0,0,0
1743861029441,samsung SM-S928B,TFLite,efficientnet_lite0_int8,gong.JPEG,cinema,68,63,8,349,0,0
1743861029441,samsung SM-S928B,PyTorch,mobilenet_v2,gong.JPEG,gong,60,68,93,2316,0,0
1743861029786,samsung SM-S928B,TFLite,efficientnet_lite0,goose.JPEG,goose,77,83,17,2636,0,1
1743861029786,samsung SM-S928B,TFLite,efficientnet_lite0_int8,goose.JPEG,tusker,64,71,7,0,0,0
1743861029787,samsung SM-S928B,PyTorch,mobilenet_v2,goose.JPEG,goose,22,66,113,2808,0,1
1743861030129,samsung SM-S928B,TFLite,efficientnet_lite0,gorilla.JPEG,spider monkey,19,79,19,0,0,0
1743861030129,samsung SM-S928B,TFLite,efficientnet_lite0_int8,gorilla.JPEG,Indian elephant,76,08,7,349,0,0
1743861030129,samsung SM-S928B,PyTorch,mobilenet_v2,gorilla.JPEG,gorilla,10,36,107,2936,0,1
1743861030494,samsung SM-S928B,TFLite,efficientnet_lite0,gown.JPEG,gown,92,71,18,2620,0,0
1743861030495,samsung SM-S928B,TFLite,efficientnet_lite0_int8,gown.JPEG,yellow lady's slipper,53,33,13,0,0,0
1743861030495,samsung SM-S928B,PyTorch,mobilenet_v2,gown.JPEG,groom,49,90,110,2604,0,0
1743861030851,samsung SM-S928B,TFLite,efficientnet_lite0,grand_piano.JPEG,grand piano,97,13,19,0,0,1
1743861030852,samsung SM-S928B,TFLite,efficientnet_lite0_int8,grand_piano.JPEG,velvet,50,59,7,365,0,0
1743861030852,samsung SM-S928B,PyTorch,mobilenet_v2,grand_piano.JPEG,grand piano,88,13,111,794,0,1
1743861031167,samsung SM-S928B,TFLite,efficientnet_lite0,grasshopper.JPEG,cricket,59,09,19,2572,0,2
1743861031167,samsung SM-S928B,TFLite,efficientnet_lite0_int8,grasshopper.JPEG,mantis,60,78,7,365,0,0
1743861031167,samsung SM-S928B,PyTorch,mobilenet_v2,grasshopper.JPEG,cricket,57,01,84,2604,0,2
1743861031685,samsung SM-S928B,TFLite,efficientnet_lite0,great_grey_owl.JPEG,great grey owl,93,95,18,0,0,1
1743861031685,samsung SM-S928B,TFLite,efficientnet_lite0_int8,great_grey_owl.JPEG,tench,50,20,8,381,0,0
1743861031685,samsung SM-S928B,PyTorch,mobilenet_v2,great_grey_owl.JPEG,great grey owl,20,44,212,1375,0,1
1743861032003,samsung SM-S928B,TFLite,efficientnet_lite0,great_white_shark.JPEG,great white shark,88,84,19,2588,0,1
1743861032004,samsung SM-S928B,TFLite,efficientnet_lite0_int8,great_white_shark.JPEG,cock,51,76,7,365,0,0
1743861032004,samsung SM-S928B,PyTorch,mobilenet_v2,great_white_shark.JPEG,great white shark,74,92,87,2604,0,1
1743861032384,samsung SM-S928B,TFLite,efficientnet_lite0,green_lizard.JPEG,green lizard,32,51,17,2604,0,1
1743861032384,samsung SM-S928B,TFLite,efficientnet_lite0_int8,green_lizard.JPEG,American alligator,87,84,8,0,0,0
1743861032384,samsung SM-S928B,PyTorch,mobilenet_v2,green_lizard.JPEG,green lizard,15,20,123,3324,0,1
1743861032696,samsung SM-S928B,TFLite,efficientnet_lite0,green_mamba.JPEG,green mamba,51,67,19,0,0,1
1743861032697,samsung SM-S928B,TFLite,efficientnet_lite0_int8,green_mamba.JPEG,sidewinder,94,90,8,381,0,0
1743861032697,samsung SM-S928B,PyTorch,mobilenet_v2,green_mamba.JPEG,vine snake,6,86,87,2128,0,2
1743861033061,samsung SM-S928B,TFLite,efficientnet_lite0,green_snake.JPEG,green mamba,76,00,17,2620,0,2
1743861033061,samsung SM-S928B,TFLite,efficientnet_lite0_int8,green_snake.JPEG,vine snake,62,75,8,381,0,0
1743861033061,samsung SM-S928B,PyTorch,mobilenet_v2,green_snake.JPEG,green mamba,70,71,110,2952,0,2
1743861033392,samsung SM-S928B,TFLite,efficientnet_lite0,greenhouse.JPEG,greenhouse,56,40,19,0,0,1
1743861033393,samsung SM-S928B,TFLite,efficientnet_lite0_int8,greenhouse.JPEG,pencil sharpener,55,69,8,381,0,0
1743861033393,samsung SM-S928B,PyTorch,mobilenet_v2,greenhouse.JPEG,greenhouse,80,69,97,2616,0,1
1743861033773,samsung SM-S928B,TFLite,efficientnet_lite0,grey_fox.JPEG,grey fox,80,77,17,2620,0,1
1743861033773,samsung SM-S928B,TFLite,efficientnet_lite0_int8,grey_fox.JPEG,sorrel,56,08,19,0,0,0
1743861033773,samsung SM-S928B,PyTorch,mobilenet_v2,grey_fox.JPEG,grey fox,16,94,107,2936,0,1
1743861034118,samsung SM-S928B,TFLite,efficientnet_lite0,grey_whale.JPEG,grey whale,93,80,19,0,0,1
1743861034118,samsung SM-S928B,TFLite,efficientnet_lite0_int8,grey_whale.JPEG,buckle,50,98,7,381,0,0
1743861034119,samsung SM-S928B,PyTorch,mobilenet_v2,grey_whale.JPEG,grey whale,78,27,109,3040,0,1
1743861034460,samsung SM-S928B,TFLite,efficientnet_lite0,grille.JPEG,beach wagon,20,19,20,2636,0,2
1743861034460,samsung SM-S928B,TFLite,efficientnet_lite0_int8,grille.JPEG,beer bottle,81,96,8,365,0,0
1743861034460,samsung SM-S928B,PyTorch,mobilenet_v2,grille.JPEG,grille,11,26,99,2936,0,1
1743861035192,samsung SM-S928B,TFLite,efficientnet_lite0,grocery_store.JPEG,grocery store,61,60,18,0,0,1
1743861035192,samsung SM-S928B,TFLite,efficientnet_lite0_int8,grocery_store.JPEG,pomegranate,60,00,8,365,0,0
1743861035192,samsung SM-S928B,PyTorch,mobilenet_v2,grocery_store.JPEG,grocery store,3,76,399,10430,0,1
1743861035517,samsung SM-S928B,TFLite,efficientnet_lite0,groenendael.JPEG,groenendael,85,29,19,2588,0,1
1743861035517,samsung SM-S928B,TFLite,efficientnet_lite0_int8,groenendael.JPEG,chow,50,98,7,365,0,0
1743861035517,samsung SM-S928B,PyTorch,mobilenet_v2,groenendael.JPEG,groenendael,12,79,91,2600,0,1
1743861035845,samsung SM-S928B,TFLite,efficientnet_lite0,groom.JPEG,groom,99,60,18,2588,0,1
1743861035845,samsung SM-S928B,TFLite,efficientnet_lite0_int8,groom.JPEG,ladle,50,59,7,365,0,0
1743861035845,samsung SM-S928B,PyTorch,mobilenet_v2,groom.JPEG,groom,90,89,93,0,0,1
1743861036179,samsung SM-S928B,TFLite,efficientnet_lite0,ground_beetle.JPEG,ground beetle,89,79,19,0,0,1
1743861036179,samsung SM-S928B,TFLite,efficientnet_lite0_int8,ground_beetle.JPEG,bee,53,33,8,365,0,0
1743861036179,samsung SM-S928B,PyTorch,mobilenet_v2,ground_beetle.JPEG,ground beetle,47,05,91,2780,0,1
1743861036531,samsung SM-S928B,TFLite,efficientnet_lite0,guacamole.JPEG,guacamole,77,39,19,2604,0,1
1743861036532,samsung SM-S928B,TFLite,efficientnet_lite0_int8,guacamole.JPEG,ice cream,76,47,12,0,0,0
1743861036532,samsung SM-S928B,PyTorch,mobilenet_v2,guacamole.JPEG,guacamole,15,04,96,2620,0,1
1743861036869,samsung SM-S928B,TFLite,efficientnet_lite0,guenon.JPEG,guenon,90,72,19,0,0,1
1743861036869,samsung SM-S928B,TFLite,efficientnet_lite0_int8,guenon.JPEG,colobus,51,37,7,381,0,0
1743861036869,samsung SM-S928B,PyTorch,mobilenet_v2,guenon.JPEG,guenon,74,89,105,2544,0,1
1743861037209,samsung SM-S928B,TFLite,efficientnet_lite0,guillotine.JPEG,guillotine,88,77,20,2620,0,1
1743861037209,samsung SM-S928B,TFLite,efficientnet_lite0_int8,guillotine.JPEG,rule,53,33,8,365,0,0
1743861037209,samsung SM-S928B,PyTorch,mobilenet_v2,guillotine.JPEG,guillotine,63,22,97,2936,0,1
1743861037663,samsung SM-S928B,TFLite,efficientnet_lite0,guinea_pig.JPEG,guinea pig,64,34,18,0,0,1
1743861037664,samsung SM-S928B,TFLite,efficientnet_lite0_int8,guinea_pig.JPEG,wild boar,97,25,8,365,0,0
1743861037664,samsung SM-S928B,PyTorch,mobilenet_v2,guinea_pig.JPEG,guinea pig,6,45,194,3221,0,1
1743861037948,samsung SM-S928B,TFLite,efficientnet_lite0,gyromitra.JPEG,gyromitra,94,38,19,2604,0,1
1743861037948,samsung SM-S928B,TFLite,efficientnet_lite0_int8,gyromitra.JPEG,tench,50,20,7,349,0,0
1743861037948,samsung SM-S928B,PyTorch,mobilenet_v2,gyromitra.JPEG,gyromitra,97,59,61,1340,0,1
1743861038290,samsung SM-S928B,TFLite,efficientnet_lite0,hair_slide.JPEG,pencil sharpener,22,69,18,2588,0,2
1743861038290,samsung SM-S928B,TFLite,efficientnet_lite0_int8,hair_slide.JPEG,hamper,62,75,7,349,0,0
1743861038291,samsung SM-S928B,PyTorch,mobilenet_v2,hair_slide.JPEG,hair slide,11,84,111,0,0,1
1743861038648,samsung SM-S928B,TFLite,efficientnet_lite0,hair_spray.JPEG,hair spray,83,79,19,2588,0,1
1743861038649,samsung SM-S928B,TFLite,efficientnet_lite0_int8,hair_spray.JPEG,loupe,61,18,7,349,0,0
1743861038649,samsung SM-S928B,PyTorch,mobilenet_v2,hair_spray.JPEG,hair spray,9,30,115,3496,0,1
1743861039020,samsung SM-S928B,TFLite,efficientnet_lite0,half_track.JPEG,half track,37,89,17,2620,0,1
1743861039020,samsung SM-S928B,TFLite,efficientnet_lite0_int8,half_track.JPEG,lifeboat,74,90,8,0,0,0
1743861039020,samsung SM-S928B,PyTorch,mobilenet_v2,half_track.JPEG,half track,15,44,111,2940,0,1
1743861039378,samsung SM-S928B,TFLite,efficientnet_lite0,hammer.JPEG,spindle,27,45,20,0,0,0
1743861039378,samsung SM-S928B,TFLite,efficientnet_lite0_int8,hammer.JPEG,steam locomotive,66,67,7,349,0,0
1743861039378,samsung SM-S928B,PyTorch,mobilenet_v2,hammer.JPEG,plunger,1,66,115,847,0,0
1743861039723,samsung SM-S928B,TFLite,efficientnet_lite0,hammerhead.JPEG,swimming trunks,49,52,19,2588,0,0
1743861039723,samsung SM-S928B,TFLite,efficientnet_lite0_int8,hammerhead.JPEG,table lamp,87,06,7,365,0,0
1743861039723,samsung SM-S928B,PyTorch,mobilenet_v2,hammerhead.JPEG,shovel,14,54,112,2620,0,0
1743861040000,samsung SM-S928B,TFLite,efficientnet_lite0,hamper.JPEG,hamper,99,52,20,0,0,1
1743861040001,samsung SM-S928B,TFLite,efficientnet_lite0_int8,hamper.JPEG,tench,50,20,8,381,0,0
1743861040001,samsung SM-S928B,PyTorch,mobilenet_v2,hamper.JPEG,hamper,99,91,59,1160,0,1
1743861040352,samsung SM-S928B,TFLite,efficientnet_lite0,hamster.JPEG,hamster,95,93,17,2588,0,1
1743861040352,samsung SM-S928B,TFLite,efficientnet_lite0_int8,hamster.JPEG,otter,51,76,7,365,0,0
1743861040352,samsung SM-S928B,PyTorch,mobilenet_v2,hamster.JPEG,hamster,45,83,115,0,0,1
1743861040653,samsung SM-S928B,TFLite,efficientnet_lite0,hand-held_computer.JPEG,hand-held computer,66,84,19,2572,0,0
1743861040653,samsung SM-S928B,TFLite,efficientnet_lite0_int8,hand-held_computer.JPEG,packet,58,04,7,365,0,0
1743861040653,samsung SM-S928B,PyTorch,mobilenet_v2,hand-held_computer.JPEG,hand-held computer,97,86,87,624,0,0
1743861041016,samsung SM-S928B,TFLite,efficientnet_lite0,hand_blower.JPEG,hand blower,88,84,19,2588,0,1
1743861041016,samsung SM-S928B,TFLite,efficientnet_lite0_int8,hand_blower.JPEG,loupe,51,76,7,365,0,0
1743861041016,samsung SM-S928B,PyTorch,mobilenet_v2,hand_blower.JPEG,hand blower,88,95,122,0,0,1
1743861041383,samsung SM-S928B,TFLite,efficientnet_lite0,handkerchief.JPEG,handkerchief,72,32,19,2588,0,1
1743861041384,samsung SM-S928B,TFLite,efficientnet_lite0_int8,handkerchief.JPEG,file,53,73,7,381,0,0
1743861041384,samsung SM-S928B,PyTorch,mobilenet_v2,handkerchief.JPEG,handkerchief,47,13,134,0,0,1
1743861041764,samsung SM-S928B,TFLite,efficientnet_lite0,hard_disc.JPEG,hard disc,98,25,19,2588,0,1
1743861041764,samsung SM-S928B,TFLite,efficientnet_lite0_int8,hard_disc.JPEG,CD player,50,59,8,381,0,0
1743861041764,samsung SM-S928B,PyTorch,mobilenet_v2,hard_disc.JPEG,hard disc,72,30,130,573,0,1
1743861042117,samsung SM-S928B,TFLite,efficientnet_lite0,hare.JPEG,hare,43,00,20,2604,0,1
1743861042117,samsung SM-S928B,TFLite,efficientnet_lite0_int8,hare.JPEG,bald eagle,88,24,8,365,0,0
1743861042118,samsung SM-S928B,PyTorch,mobilenet_v2,hare.JPEG,hare,22,82,110,0,0,1
1743861042386,samsung SM-S928B,TFLite,efficientnet_lite0,harmonica.JPEG,harmonica,99,84,19,0,0,1
1743861042386,samsung SM-S928B,TFLite,efficientnet_lite0_int8,harmonica.JPEG,tench,50,20,7,349,0,0
1743861042386,samsung SM-S928B,PyTorch,mobilenet_v2,harmonica.JPEG,harmonica,99,99,52,744,0,1
1743861042727,samsung SM-S928B,TFLite,efficientnet_lite0,harp.JPEG,harp,23,18,18,2588,0,1
1743861042728,samsung SM-S928B,TFLite,efficientnet_lite0_int8,harp.JPEG,chiton,58,04,7,365,0,0
1743861042728,samsung SM-S928B,PyTorch,mobilenet_v2,harp.JPEG,harp,23,55,109,0,0,1
1743861043066,samsung SM-S928B,TFLite,efficientnet_lite0,hartebeest.JPEG,hartebeest,92,28,19,2588,0,0
1743861043066,samsung SM-S928B,TFLite,efficientnet_lite0_int8,hartebeest.JPEG,llama,97,25,8,349,0,0
1743861043066,samsung SM-S928B,PyTorch,mobilenet_v2,hartebeest.JPEG,hartebeest,38,09,106,2284,0,0
1743861043367,samsung SM-S928B,TFLite,efficientnet_lite0,harvester.JPEG,harvester,64,01,19,0,0,1
1743861043367,samsung SM-S928B,TFLite,efficientnet_lite0_int8,harvester.JPEG,Crock Pot,58,04,7,365,0,0
1743861043367,samsung SM-S928B,PyTorch,mobilenet_v2,harvester.JPEG,harvester,28,31,72,1992,0,1
1743861043693,samsung SM-S928B,TFLite,efficientnet_lite0,harvestman.JPEG,harvestman,85,88,17,2604,0,1
1743861043693,samsung SM-S928B,TFLite,efficientnet_lite0_int8,harvestman.JPEG,leafhopper,51,76,8,365,0,0
1743861043693,samsung SM-S928B,PyTorch,mobilenet_v2,harvestman.JPEG,harvestman,76,61,89,2664,0,1
1743861043991,samsung SM-S928B,TFLite,efficientnet_lite0,hatchet.JPEG,hatchet,34,28,20,0,0,1
1743861043991,samsung SM-S928B,TFLite,efficientnet_lite0_int8,hatchet.JPEG,hook,81,18,8,349,0,0
1743861043991,samsung SM-S928B,PyTorch,mobilenet_v2,hatchet.JPEG,hatchet,45,16,63,1512,0,1
1743861044323,samsung SM-S928B,TFLite,efficientnet_lite0,hay.JPEG,hay,67,39,17,2620,0,1
1743861044324,samsung SM-S928B,TFLite,efficientnet_lite0_int8,hay.JPEG,hartebeest,52,94,8,349,0,0
1743861044324,samsung SM-S928B,PyTorch,mobilenet_v2,hay.JPEG,hay,99,86,92,0,0,1
1743861044656,samsung SM-S928B,TFLite,efficientnet_lite0,head_cabbage.JPEG,head cabbage,98,04,19,0,0,0
1743861044656,samsung SM-S928B,TFLite,efficientnet_lite0_int8,head_cabbage.JPEG,butternut squash,50,59,7,349,0,0
1743861044656,samsung SM-S928B,PyTorch,mobilenet_v2,head_cabbage.JPEG,head cabbage,90,06,89,2972,0,0
1743861044979,samsung SM-S928B,TFLite,efficientnet_lite0,hen-of-the-woods.JPEG,hen-of-the-woods,97,44,18,2620,0,0
1743861044979,samsung SM-S928B,TFLite,efficientnet_lite0_int8,hen-of-the-woods.JPEG,lemon,50,59,8,0,0,0
1743861044980,samsung SM-S928B,PyTorch,mobilenet_v2,hen-of-the-woods.JPEG,hen-of-the-woods,98,79,76,1904,0,0
1743861045313,samsung SM-S928B,TFLite,efficientnet_lite0,hen.JPEG,hen,44,11,20,2604,0,1
1743861045314,samsung SM-S928B,TFLite,efficientnet_lite0_int8,hen.JPEG,house finch,81,57,7,0,0,0
1743861045314,samsung SM-S928B,PyTorch,mobilenet_v2,hen.JPEG,cock,36,00,93,2620,0,2
1743861045689,samsung SM-S928B,TFLite,efficientnet_lite0,hermit_crab.JPEG,hermit crab,60,75,19,2636,0,1
1743861045690,samsung SM-S928B,TFLite,efficientnet_lite0_int8,hermit_crab.JPEG,chambered nautilus,59,61,11,0,0,0
1743861045690,samsung SM-S928B,PyTorch,mobilenet_v2,hermit_crab.JPEG,hermit crab,29,84,115,2936,0,1
1743861046026,samsung SM-S928B,TFLite,efficientnet_lite0,hip.JPEG,hip,88,81,19,0,0,0
1743861046026,samsung SM-S928B,TFLite,efficientnet_lite0_int8,hip.JPEG,dough,84,31,7,365,0,0
1743861046026,samsung SM-S928B,PyTorch,mobilenet_v2,hip.JPEG,hip,92,17,102,2936,0,0
1743861046367,samsung SM-S928B,TFLite,efficientnet_lite0,hippopotamus.JPEG,hippopotamus,96,83,32,0,0,1
1743861046368,samsung SM-S928B,TFLite,efficientnet_lite0_int8,hippopotamus.JPEG,ox,51,37,7,349,0,0
1743861046368,samsung SM-S928B,PyTorch,mobilenet_v2,hippopotamus.JPEG,hippopotamus,85,79,97,2936,0,1
1743861046677,samsung SM-S928B,TFLite,efficientnet_lite0,hog.JPEG,hog,93,91,17,2588,0,0
1743861046677,samsung SM-S928B,TFLite,efficientnet_lite0_int8,hog.JPEG,cannon,56,86,7,381,0,0
1743861046677,samsung SM-S928B,PyTorch,mobilenet_v2,hog.JPEG,hog,77,38,86,0,0,0
1743861047032,samsung SM-S928B,TFLite,efficientnet_lite0,hognose_snake.JPEG,hognose snake,71,02,20,2604,0,1
1743861047032,samsung SM-S928B,TFLite,efficientnet_lite0_int8,hognose_snake.JPEG,scorpion,64,31,7,349,0,0
1743861047032,samsung SM-S928B,PyTorch,mobilenet_v2,hognose_snake.JPEG,hognose snake,29,23,117,3040,0,1
1743861047360,samsung SM-S928B,TFLite,efficientnet_lite0,holster.JPEG,holster,72,37,24,0,0,1
1743861047360,samsung SM-S928B,TFLite,efficientnet_lite0_int8,holster.JPEG,bathing cap,50,59,7,365,0,0
1743861047360,samsung SM-S928B,PyTorch,mobilenet_v2,holster.JPEG,holster,81,45,94,2620,0,1
1743861047682,samsung SM-S928B,TFLite,efficientnet_lite0,home_theater.JPEG,home theater,37,91,17,0,0,1
1743861047682,samsung SM-S928B,TFLite,efficientnet_lite0_int8,home_theater.JPEG,horizontal bar,97,25,8,349,0,0
1743861047682,samsung SM-S928B,PyTorch,mobilenet_v2,home_theater.JPEG,home theater,42,97,85,2604,0,1
1743861048039,samsung SM-S928B,TFLite,efficientnet_lite0,honeycomb.JPEG,sea cucumber,44,91,18,2604,0,2
1743861048039,samsung SM-S928B,TFLite,efficientnet_lite0_int8,honeycomb.JPEG,horse cart,61,57,7,349,0,0
1743861048039,samsung SM-S928B,PyTorch,mobilenet_v2,honeycomb.JPEG,honeycomb,42,61,129,0,0,1
1743861048365,samsung SM-S928B,TFLite,efficientnet_lite0,hook.JPEG,hook,79,54,20,2588,0,1
1743861048365,samsung SM-S928B,TFLite,efficientnet_lite0_int8,hook.JPEG,hourglass,99,61,8,381,0,0
1743861048365,samsung SM-S928B,PyTorch,mobilenet_v2,hook.JPEG,nail,37,38,89,2604,0,2
1743861048705,samsung SM-S928B,TFLite,efficientnet_lite0,hoopskirt.JPEG,hoopskirt,83,85,18,0,0,1
1743861048705,samsung SM-S928B,TFLite,efficientnet_lite0_int8,hoopskirt.JPEG,paddle,68,24,8,397,0,0
1743861048706,samsung SM-S928B,PyTorch,mobilenet_v2,hoopskirt.JPEG,hoopskirt,50,45,95,2936,0,1
1743861049054,samsung SM-S928B,TFLite,efficientnet_lite0,horizontal_bar.JPEG,parallel bars,52,51,18,2604,0,2
1743861049054,samsung SM-S928B,TFLite,efficientnet_lite0_int8,horizontal_bar.JPEG,iron,85,49,10,0,0,0
1743861049055,samsung SM-S928B,PyTorch,mobilenet_v2,horizontal_bar.JPEG,horizontal bar,36,88,87,2616,0,1
1743861049375,samsung SM-S928B,TFLite,efficientnet_lite0,hornbill.JPEG,hornbill,82,70,20,0,0,1
1743861049375,samsung SM-S928B,TFLite,efficientnet_lite0_int8,hornbill.JPEG,black swan,52,16,8,381,0,0
1743861049376,samsung SM-S928B,PyTorch,mobilenet_v2,hornbill.JPEG,hornbill,72,32,85,2604,0,1
1743861049637,samsung SM-S928B,TFLite,efficientnet_lite0,horned_viper.JPEG,night snake,6,09,18,2588,0,3
1743861049637,samsung SM-S928B,TFLite,efficientnet_lite0_int8,horned_viper.JPEG,sea snake,59,61,7,0,0,4
1743861049637,samsung SM-S928B,PyTorch,mobilenet_v2,horned_viper.JPEG,night snake,51,17,49,504,0,0
1743861050418,samsung SM-S928B,TFLite,efficientnet_lite0,horse_cart.JPEG,horse cart,95,69,20,2604,0,1
1743861050418,samsung SM-S928B,TFLite,efficientnet_lite0_int8,horse_cart.JPEG,paddlewheel,53,33,7,349,0,0
1743861050418,samsung SM-S928B,PyTorch,mobilenet_v2,horse_cart.JPEG,horse cart,10,15,455,6916,0,1
1743861050696,samsung SM-S928B,TFLite,efficientnet_lite0,hot_pot.JPEG,hot pot,57,95,19,2588,0,0
1743861050696,samsung SM-S928B,TFLite,efficientnet_lite0_int8,hot_pot.JPEG,can opener,65,10,7,365,0,0
1743861050696,samsung SM-S928B,PyTorch,mobilenet_v2,hot_pot.JPEG,hot pot,61,92,59,1208,0,0
1743861051066,samsung SM-S928B,TFLite,efficientnet_lite0,hotdog.JPEG,mushroom,7,49,17,2588,0,4
1743861051066,samsung SM-S928B,TFLite,efficientnet_lite0_int8,hotdog.JPEG,lemon,64,31,7,349,0,0
1743861051066,samsung SM-S928B,PyTorch,mobilenet_v2,hotdog.JPEG,hotdog,13,23,126,4636,0,1
1743861051396,samsung SM-S928B,TFLite,efficientnet_lite0,hourglass.JPEG,hourglass,96,36,17,0,0,1
1743861051396,samsung SM-S928B,TFLite,efficientnet_lite0_int8,hourglass.JPEG,tench,50,20,13,365,0,0
1743861051397,samsung SM-S928B,PyTorch,mobilenet_v2,hourglass.JPEG,hourglass,99,64,81,2504,0,1
1743861051759,samsung SM-S928B,TFLite,efficientnet_lite0,house_finch.JPEG,house finch,97,59,19,2604,0,1
1743861051759,samsung SM-S928B,TFLite,efficientnet_lite0_int8,house_finch.JPEG,tench,50,20,8,349,0,0
1743861051759,samsung SM-S928B,PyTorch,mobilenet_v2,house_finch.JPEG,house finch,65,95,120,0,0,1
1743861052235,samsung SM-S928B,TFLite,efficientnet_lite0,howler_monkey.JPEG,howler monkey,73,02,19,2604,0,1
1743861052235,samsung SM-S928B,TFLite,efficientnet_lite0_int8,howler_monkey.JPEG,Madagascar cat,92,16,7,365,0,2
1743861052235,samsung SM-S928B,PyTorch,mobilenet_v2,howler_monkey.JPEG,howler monkey,14,88,208,0,0,1
1743861052551,samsung SM-S928B,TFLite,efficientnet_lite0,hummingbird.JPEG,hummingbird,99,78,19,2572,0,1
1743861052551,samsung SM-S928B,TFLite,efficientnet_lite0_int8,hummingbird.JPEG,tench,50,20,7,349,0,0
1743861052551,samsung SM-S928B,PyTorch,mobilenet_v2,hummingbird.JPEG,hummingbird,91,38,85,2620,0,1
1743861052919,samsung SM-S928B,TFLite,efficientnet_lite0,hyena.JPEG,hyena,90,78,17,2588,0,1
1743861052919,samsung SM-S928B,TFLite,efficientnet_lite0_int8,hyena.JPEG,Arctic fox,54,51,7,349,0,0
1743861052920,samsung SM-S928B,PyTorch,mobilenet_v2,hyena.JPEG,hyena,56,30,134,0,0,1
1743861053258,samsung SM-S928B,TFLite,efficientnet_lite0,iPod.JPEG,iPod,98,71,20,2604,0,1
1743861053259,samsung SM-S928B,TFLite,efficientnet_lite0_int8,iPod.JPEG,tench,50,20,7,349,0,0
1743861053259,samsung SM-S928B,PyTorch,mobilenet_v2,iPod.JPEG,iPod,97,95,94,2936,0,1
1743861053604,samsung SM-S928B,TFLite,efficientnet_lite0,ibex.JPEG,ibex,94,36,18,2620,0,1
1743861053604,samsung SM-S928B,TFLite,efficientnet_lite0_int8,ibex.JPEG,gazelle,53,73,7,0,0,0
1743861053604,samsung SM-S928B,PyTorch,mobilenet_v2,ibex.JPEG,ibex,83,06,94,2952,0,1
1743861053943,samsung SM-S928B,TFLite,efficientnet_lite0,ice_bear.JPEG,ice bear,85,66,19,0,0,1
1743861053944,samsung SM-S928B,TFLite,efficientnet_lite0_int8,ice_bear.JPEG,dhole,52,55,8,365,0,0
1743861053944,samsung SM-S928B,PyTorch,mobilenet_v2,ice_bear.JPEG,ice bear,17,01,98,2936,0,1
1743861054320,samsung SM-S928B,TFLite,efficientnet_lite0,ice_cream.JPEG,ice cream,67,83,18,2604,0,1
1743861054320,samsung SM-S928B,TFLite,efficientnet_lite0_int8,ice_cream.JPEG,potpie,59,22,10,0,0,0
1743861054320,samsung SM-S928B,PyTorch,mobilenet_v2,ice_cream.JPEG,ice cream,3,57,112,3272,0,1
1743861054643,samsung SM-S928B,TFLite,efficientnet_lite0,ice_lolly.JPEG,ice lolly,92,00,19,0,0,1
1743861054644,samsung SM-S928B,TFLite,efficientnet_lite0_int8,ice_lolly.JPEG,pretzel,58,43,7,397,0,0
1743861054644,samsung SM-S928B,PyTorch,mobilenet_v2,ice_lolly.JPEG,ice lolly,46,35,96,2604,0,1
1743861054975,samsung SM-S928B,TFLite,efficientnet_lite0,impala.JPEG,impala,69,44,17,2620,0,1
1743861054975,samsung SM-S928B,TFLite,efficientnet_lite0_int8,impala.JPEG,weasel,87,06,8,365,0,0
1743861054976,samsung SM-S928B,PyTorch,mobilenet_v2,impala.JPEG,impala,60,73,92,2604,0,1
1743861055328,samsung SM-S928B,TFLite,efficientnet_lite0,indigo_bunting.JPEG,indigo bunting,98,00,19,0,0,1
1743861055328,samsung SM-S928B,TFLite,efficientnet_lite0_int8,indigo_bunting.JPEG,jay,50,59,7,381,0,0
1743861055328,samsung SM-S928B,PyTorch,mobilenet_v2,indigo_bunting.JPEG,indigo bunting,82,31,117,459,0,1
1743861055653,samsung SM-S928B,TFLite,efficientnet_lite0,indri.JPEG,three-toed sloth,84,32,19,2588,1,2
1743861055653,samsung SM-S928B,TFLite,efficientnet_lite0_int8,indri.JPEG,pill bottle,55,69,7,365,1,0
1743861055653,samsung SM-S928B,PyTorch,mobilenet_v2,indri.JPEG,howler monkey,12,47,90,2936,1,5
1743861055890,samsung SM-S928B,TFLite,efficientnet_lite0,iron.JPEG,iron,70,33,17,0,0,1
1743861055890,samsung SM-S928B,TFLite,efficientnet_lite0_int8,iron.JPEG,toyshop,56,47,7,397,0,0
1743861055890,samsung SM-S928B,PyTorch,mobilenet_v2,iron.JPEG,iron,99,49,38,160,0,1
1743861056167,samsung SM-S928B,TFLite,efficientnet_lite0,isopod.JPEG,isopod,89,48,18,2604,0,1
1743861056167,samsung SM-S928B,TFLite,efficientnet_lite0_int8,isopod.JPEG,fiddler crab,50,98,8,349,0,0
1743861056167,samsung SM-S928B,PyTorch,mobilenet_v2,isopod.JPEG,isopod,99,37,58,940,0,1
1743861056498,samsung SM-S928B,TFLite,efficientnet_lite0,jacamar.JPEG,jacamar,82,27,19,0,0,1
1743861056499,samsung SM-S928B,TFLite,efficientnet_lite0_int8,jacamar.JPEG,toucan,53,33,8,349,0,0
1743861056499,samsung SM-S928B,PyTorch,mobilenet_v2,jacamar.JPEG,jacamar,65,74,96,2896,0,1
1743861056828,samsung SM-S928B,TFLite,efficientnet_lite0,jack-o'-lantern.JPEG,jack-o'-lantern,83,80,18,2604,0,0
1743861056829,samsung SM-S928B,TFLite,efficientnet_lite0_int8,jack-o'-lantern.JPEG,artichoke,50,59,7,381,0,0
1743861056829,samsung SM-S928B,PyTorch,mobilenet_v2,jack-o'-lantern.JPEG,jack-o'-lantern,99,48,97,0,0,0
1743861057147,samsung SM-S928B,TFLite,efficientnet_lite0,jackfruit.JPEG,jackfruit,89,97,18,2588,0,1
1743861057147,samsung SM-S928B,TFLite,efficientnet_lite0_int8,jackfruit.JPEG,carbonara,85,10,8,365,0,0
1743861057147,samsung SM-S928B,PyTorch,mobilenet_v2,jackfruit.JPEG,jackfruit,20,58,76,2936,0,1
1743861057480,samsung SM-S928B,TFLite,efficientnet_lite0,jaguar.JPEG,cougar,71,33,31,0,0,3
1743861057480,samsung SM-S928B,TFLite,efficientnet_lite0_int8,jaguar.JPEG,American black bear,52,16,7,365,0,0
1743861057480,samsung SM-S928B,PyTorch,mobilenet_v2,jaguar.JPEG,cougar,33,32,95,0,0,0
1743861057811,samsung SM-S928B,TFLite,efficientnet_lite0,jay.JPEG,jay,99,36,19,2588,0,1
1743861057812,samsung SM-S928B,TFLite,efficientnet_lite0_int8,jay.JPEG,tench,50,20,7,365,0,0
1743861057812,samsung SM-S928B,PyTorch,mobilenet_v2,jay.JPEG,jay,83,53,96,0,0,1
1743861058135,samsung SM-S928B,TFLite,efficientnet_lite0,jean.JPEG,jean,41,77,19,0,0,1
1743861058135,samsung SM-S928B,TFLite,efficientnet_lite0_int8,jean.JPEG,cab,65,88,7,365,0,0
1743861058135,samsung SM-S928B,PyTorch,mobilenet_v2,jean.JPEG,jean,30,14,89,2952,0,1
1743861059242,samsung SM-S928B,TFLite,efficientnet_lite0,jeep.JPEG,moving van,27,62,17,2620,0,2
1743861059242,samsung SM-S928B,TFLite,efficientnet_lite0_int8,jeep.JPEG,joystick,77,25,8,365,0,0
1743861059242,samsung SM-S928B,PyTorch,mobilenet_v2,jeep.JPEG,jeep,5,12,704,18115,0,1
1743861059521,samsung SM-S928B,TFLite,efficientnet_lite0,jellyfish.JPEG,monitor,8,40,19,2588,0,0
1743861059522,samsung SM-S928B,TFLite,efficientnet_lite0_int8,jellyfish.JPEG,jean,60,39,7,381,0,0
1743861059522,samsung SM-S928B,PyTorch,mobilenet_v2,jellyfish.JPEG,television,8,34,60,1468,0,0
1743861059883,samsung SM-S928B,TFLite,efficientnet_lite0,jersey.JPEG,jersey,95,83,17,2572,0,1
1743861059883,samsung SM-S928B,TFLite,efficientnet_lite0_int8,jersey.JPEG,syringe,52,94,7,349,0,0
1743861059883,samsung SM-S928B,PyTorch,mobilenet_v2,jersey.JPEG,jersey,38,66,132,2936,0,1
1743861060208,samsung SM-S928B,TFLite,efficientnet_lite0,jigsaw_puzzle.JPEG,jigsaw puzzle,97,25,19,2588,0,1
1743861060208,samsung SM-S928B,TFLite,efficientnet_lite0_int8,jigsaw_puzzle.JPEG,tench,50,20,7,349,0,0
1743861060208,samsung SM-S928B,PyTorch,mobilenet_v2,jigsaw_puzzle.JPEG,jigsaw puzzle,100,00,86,2664,0,1
1743861060546,samsung SM-S928B,TFLite,efficientnet_lite0,jinrikisha.JPEG,jinrikisha,51,22,17,0,0,1
1743861060546,samsung SM-S928B,TFLite,efficientnet_lite0_int8,jinrikisha.JPEG,knot,97,25,8,365,0,0
1743861060546,samsung SM-S928B,PyTorch,mobilenet_v2,jinrikisha.JPEG,bicycle-built-for-two,19,93,101,2604,0,2
1743861060882,samsung SM-S928B,TFLite,efficientnet_lite0,joystick.JPEG,joystick,38,81,19,0,0,0
1743861060882,samsung SM-S928B,TFLite,efficientnet_lite0_int8,joystick.JPEG,harmonica,65,10,7,349,0,0
1743861060882,samsung SM-S928B,PyTorch,mobilenet_v2,joystick.JPEG,microphone,9,80,102,2936,0,0
1743861061238,samsung SM-S928B,TFLite,efficientnet_lite0,junco.JPEG,coucal,33,42,41,0,0,2
1743861061238,samsung SM-S928B,TFLite,efficientnet_lite0_int8,junco.JPEG,chickadee,70,98,8,349,0,0
1743861061238,samsung SM-S928B,PyTorch,mobilenet_v2,junco.JPEG,coucal,11,65,98,0,0,4
1743861061575,samsung SM-S928B,TFLite,efficientnet_lite0,keeshond.JPEG,keeshond,95,22,18,2620,0,1
1743861061575,samsung SM-S928B,TFLite,efficientnet_lite0_int8,keeshond.JPEG,komondor,50,59,10,0,0,0
1743861061575,samsung SM-S928B,PyTorch,mobilenet_v2,keeshond.JPEG,keeshond,64,42,86,2504,0,1
1743861061894,samsung SM-S928B,TFLite,efficientnet_lite0,kelpie.JPEG,kelpie,89,76,20,0,0,1
1743861061894,samsung SM-S928B,TFLite,efficientnet_lite0_int8,kelpie.JPEG,EntleBucher,54,12,8,349,0,0
1743861061894,samsung SM-S928B,PyTorch,mobilenet_v2,kelpie.JPEG,kelpie,32,87,86,2620,0,1
1743861062244,samsung SM-S928B,TFLite,efficientnet_lite0,killer_whale.JPEG,killer whale,88,76,17,2620,0,1
1743861062244,samsung SM-S928B,TFLite,efficientnet_lite0_int8,killer_whale.JPEG,bald eagle,51,76,7,0,0,0
1743861062244,samsung SM-S928B,PyTorch,mobilenet_v2,killer_whale.JPEG,killer whale,61,53,95,3116,0,1
1743861063737,samsung SM-S928B,TFLite,efficientnet_lite0,kimono.JPEG,cloak,26,12,19,0,0,0
1743861063738,samsung SM-S928B,TFLite,efficientnet_lite0_int8,kimono.JPEG,coffeepot,65,49,10,365,0,0
1743861063738,samsung SM-S928B,PyTorch,mobilenet_v2,kimono.JPEG,bow tie,1,07,980,25738,0,0
1743861064031,samsung SM-S928B,TFLite,efficientnet_lite0,king_crab.JPEG,king crab,94,94,19,2588,0,1
1743861064031,samsung SM-S928B,TFLite,efficientnet_lite0_int8,king_crab.JPEG,white stork,52,55,7,365,0,0
1743861064032,samsung SM-S928B,PyTorch,mobilenet_v2,king_crab.JPEG,king crab,85,64,69,1880,0,1
1743861064391,samsung SM-S928B,TFLite,efficientnet_lite0,king_penguin.JPEG,king penguin,98,74,17,2588,0,1
1743861064391,samsung SM-S928B,TFLite,efficientnet_lite0_int8,king_penguin.JPEG,tench,50,20,7,349,0,0
1743861064391,samsung SM-S928B,PyTorch,mobilenet_v2,king_penguin.JPEG,king penguin,99,46,125,2936,0,1
1743861064710,samsung SM-S928B,TFLite,efficientnet_lite0,king_snake.JPEG,water snake,9,98,19,2588,0,0
1743861064710,samsung SM-S928B,TFLite,efficientnet_lite0_int8,king_snake.JPEG,scuba diver,61,18,7,349,0,0
1743861064710,samsung SM-S928B,PyTorch,mobilenet_v2,king_snake.JPEG,cliff,7,67,90,2936,0,5
1743861065055,samsung SM-S928B,TFLite,efficientnet_lite0,kit_fox.JPEG,grey fox,27,41,18,2620,0,2
1743861065055,samsung SM-S928B,TFLite,efficientnet_lite0_int8,kit_fox.JPEG,Siamese cat,74,12,9,365,0,5
1743861065055,samsung SM-S928B,PyTorch,mobilenet_v2,kit_fox.JPEG,kit fox,11,41,92,2936,0,1
1743861065416,samsung SM-S928B,TFLite,efficientnet_lite0,kite.JPEG,spoonbill,41,90,18,0,0,0
1743861065416,samsung SM-S928B,TFLite,efficientnet_lite0_int8,kite.JPEG,bittern,60,00,8,381,0,0
1743861065416,samsung SM-S928B,PyTorch,mobilenet_v2,kite.JPEG,lorikeet,4,89,115,3128,0,0
1743861065732,samsung SM-S928B,TFLite,efficientnet_lite0,knee_pad.JPEG,knee pad,86,54,19,0,0,1
1743861065732,samsung SM-S928B,TFLite,efficientnet_lite0_int8,knee_pad.JPEG,ladle,56,86,7,349,0,0
1743861065732,samsung SM-S928B,PyTorch,mobilenet_v2,knee_pad.JPEG,knee pad,39,67,83,0,0,1
1743861066060,samsung SM-S928B,TFLite,efficientnet_lite0,knot.JPEG,knot,97,07,19,2588,0,1
1743861066060,samsung SM-S928B,TFLite,efficientnet_lite0_int8,knot.JPEG,hare,50,59,7,0,0,0
1743861066061,samsung SM-S928B,PyTorch,mobilenet_v2,knot.JPEG,knot,23,18,91,2620,0,1
1743861066363,samsung SM-S928B,TFLite,efficientnet_lite0,koala.JPEG,koala,47,61,19,0,0,1
1743861066364,samsung SM-S928B,TFLite,efficientnet_lite0_int8,koala.JPEG,brain coral,84,71,7,365,0,0
1743861066364,samsung SM-S928B,PyTorch,mobilenet_v2,koala.JPEG,koala,93,89,85,1660,0,1
1743861066646,samsung SM-S928B,TFLite,efficientnet_lite0,komondor.JPEG,komondor,97,53,19,2604,0,1
1743861066646,samsung SM-S928B,TFLite,efficientnet_lite0_int8,komondor.JPEG,tench,50,20,7,349,0,0
1743861066646,samsung SM-S928B,PyTorch,mobilenet_v2,komondor.JPEG,komondor,99,90,65,0,0,1
1743861067395,samsung SM-S928B,TFLite,efficientnet_lite0,kuvasz.JPEG,kuvasz,97,09,20,2572,0,1
1743861067395,samsung SM-S928B,TFLite,efficientnet_lite0_int8,kuvasz.JPEG,Ibizan hound,50,59,7,349,0,0
1743861067395,samsung SM-S928B,PyTorch,mobilenet_v2,kuvasz.JPEG,kuvasz,26,95,429,7170,0,1
1743861067760,samsung SM-S928B,TFLite,efficientnet_lite0,lab_coat.JPEG,lab coat,37,17,20,2588,0,1
1743861067760,samsung SM-S928B,TFLite,efficientnet_lite0_int8,lab_coat.JPEG,lawn mower,67,06,7,381,0,0
1743861067760,samsung SM-S928B,PyTorch,mobilenet_v2,lab_coat.JPEG,lab coat,15,10,130,2936,0,1
1743861068087,samsung SM-S928B,TFLite,efficientnet_lite0,lacewing.JPEG,lacewing,97,98,19,2588,0,1
1743861068087,samsung SM-S928B,TFLite,efficientnet_lite0_int8,lacewing.JPEG,tench,50,20,8,349,0,0
1743861068087,samsung SM-S928B,PyTorch,mobilenet_v2,lacewing.JPEG,lacewing,89,82,90,2616,0,1
1743861068469,samsung SM-S928B,TFLite,efficientnet_lite0,ladle.JPEG,ladle,99,67,17,0,0,1
1743861068470,samsung SM-S928B,TFLite,efficientnet_lite0_int8,ladle.JPEG,tench,50,20,8,381,0,0
1743861068470,samsung SM-S928B,PyTorch,mobilenet_v2,ladle.JPEG,ladle,54,77,137,4224,0,1
1743861068813,samsung SM-S928B,TFLite,efficientnet_lite0,ladybug.JPEG,ladybug,78,57,19,0,0,1
1743861068814,samsung SM-S928B,TFLite,efficientnet_lite0_int8,ladybug.JPEG,fly,69,80,8,381,0,0
1743861068814,samsung SM-S928B,PyTorch,mobilenet_v2,ladybug.JPEG,ladybug,61,81,100,3084,0,1
1743861069186,samsung SM-S928B,TFLite,efficientnet_lite0,lakeside.JPEG,lakeside,54,30,18,2636,0,1
1743861069187,samsung SM-S928B,TFLite,efficientnet_lite0_int8,lakeside.JPEG,ballplayer,54,90,7,365,0,0
1743861069187,samsung SM-S928B,PyTorch,mobilenet_v2,lakeside.JPEG,lakeside,27,34,136,0,0,1
1743861069485,samsung SM-S928B,TFLite,efficientnet_lite0,lampshade.JPEG,table lamp,54,99,19,2636,0,2
1743861069486,samsung SM-S928B,TFLite,efficientnet_lite0_int8,lampshade.JPEG,letter opener,67,84,7,365,0,0
1743861069486,samsung SM-S928B,PyTorch,mobilenet_v2,lampshade.JPEG,table lamp,52,68,70,1660,0,2
1743861069821,samsung SM-S928B,TFLite,efficientnet_lite0,langur.JPEG,warthog,10,62,17,0,0,4
1743861069821,samsung SM-S928B,TFLite,efficientnet_lite0_int8,langur.JPEG,gazelle,62,35,8,365,0,0
1743861069821,samsung SM-S928B,PyTorch,mobilenet_v2,langur.JPEG,hyena,11,15,98,2616,0,3
1743861070157,samsung SM-S928B,TFLite,efficientnet_lite0,laptop.JPEG,laptop,75,36,19,2636,0,1
1743861070157,samsung SM-S928B,TFLite,efficientnet_lite0_int8,laptop.JPEG,odometer,70,98,7,0,0,0
1743861070157,samsung SM-S928B,PyTorch,mobilenet_v2,laptop.JPEG,laptop,5,40,102,2768,0,1
1743861070503,samsung SM-S928B,TFLite,efficientnet_lite0,lawn_mower.JPEG,harvester,22,92,19,0,0,2
1743861070503,samsung SM-S928B,TFLite,efficientnet_lite0_int8,lawn_mower.JPEG,tricycle,64,31,11,349,0,0
1743861070503,samsung SM-S928B,PyTorch,mobilenet_v2,lawn_mower.JPEG,tractor,25,19,89,2604,0,2
1743861070861,samsung SM-S928B,TFLite,efficientnet_lite0,leaf_beetle.JPEG,leaf beetle,51,63,17,2588,0,1
1743861070861,samsung SM-S928B,TFLite,efficientnet_lite0_int8,leaf_beetle.JPEG,cricket,61,57,15,0,0,5
1743861070861,samsung SM-S928B,PyTorch,mobilenet_v2,leaf_beetle.JPEG,leaf beetle,41,60,90,2936,0,1
1743861071198,samsung SM-S928B,TFLite,efficientnet_lite0,leafhopper.JPEG,leafhopper,98,94,18,0,0,1
1743861071198,samsung SM-S928B,TFLite,efficientnet_lite0_int8,leafhopper.JPEG,damselfly,50,59,7,365,0,0
1743861071198,samsung SM-S928B,PyTorch,mobilenet_v2,leafhopper.JPEG,leafhopper,52,72,104,3176,0,1
1743861071542,samsung SM-S928B,TFLite,efficientnet_lite0,leatherback_turtle.JPEG,leatherback turtle,96,03,34,0,0,1
1743861071542,samsung SM-S928B,TFLite,efficientnet_lite0_int8,leatherback_turtle.JPEG,box turtle,50,98,8,349,0,0
1743861071543,samsung SM-S928B,PyTorch,mobilenet_v2,leatherback_turtle.JPEG,leatherback turtle,12,51,93,0,0,1
1743861071879,samsung SM-S928B,TFLite,efficientnet_lite0,lemon.JPEG,lemon,77,60,19,2620,0,1
1743861071879,samsung SM-S928B,TFLite,efficientnet_lite0_int8,lemon.JPEG,banana,81,57,8,0,0,0
1743861071880,samsung SM-S928B,PyTorch,mobilenet_v2,lemon.JPEG,lemon,60,27,87,2604,0,1
1743861072205,samsung SM-S928B,TFLite,efficientnet_lite0,lens_cap.JPEG,lens cap,93,70,20,0,0,1
1743861072205,samsung SM-S928B,TFLite,efficientnet_lite0_int8,lens_cap.JPEG,brassiere,50,59,8,365,0,0
1743861072206,samsung SM-S928B,PyTorch,mobilenet_v2,lens_cap.JPEG,lens cap,98,81,84,2616,0,1
1743861072543,samsung SM-S928B,TFLite,efficientnet_lite0,leopard.JPEG,leopard,97,13,17,2604,0,1
1743861072543,samsung SM-S928B,TFLite,efficientnet_lite0_int8,leopard.JPEG,brown bear,52,16,13,0,0,0
1743861072544,samsung SM-S928B,PyTorch,mobilenet_v2,leopard.JPEG,leopard,87,34,86,2604,0,1
1743861072894,samsung SM-S928B,TFLite,efficientnet_lite0,lesser_panda.JPEG,lesser panda,84,75,19,0,0,1
1743861072894,samsung SM-S928B,TFLite,efficientnet_lite0_int8,lesser_panda.JPEG,long-horned beetle,51,76,8,365,0,5
1743861072894,samsung SM-S928B,PyTorch,mobilenet_v2,lesser_panda.JPEG,lesser panda,79,03,105,3136,0,1
1743861073238,samsung SM-S928B,TFLite,efficientnet_lite0,letter_opener.JPEG,letter opener,12,78,19,0,0,1
1743861073238,samsung SM-S928B,TFLite,efficientnet_lite0_int8,letter_opener.JPEG,barbell,61,57,7,349,0,0
1743861073238,samsung SM-S928B,PyTorch,mobilenet_v2,letter_opener.JPEG,wooden spoon,31,81,97,0,0,4
1743861073583,samsung SM-S928B,TFLite,efficientnet_lite0,library.JPEG,library,61,09,18,2620,0,1
1743861073583,samsung SM-S928B,TFLite,efficientnet_lite0_int8,library.JPEG,brass,58,82,8,365,0,0
1743861073583,samsung SM-S928B,PyTorch,mobilenet_v2,library.JPEG,library,60,54,95,2936,0,1
1743861073920,samsung SM-S928B,TFLite,efficientnet_lite0,lifeboat.JPEG,lifeboat,97,39,18,0,0,1
1743861073920,samsung SM-S928B,TFLite,efficientnet_lite0_int8,lifeboat.JPEG,tench,50,20,8,365,0,0
1743861073920,samsung SM-S928B,PyTorch,mobilenet_v2,lifeboat.JPEG,lifeboat,97,16,96,2620,0,1
1743861074247,samsung SM-S928B,TFLite,efficientnet_lite0,lighter.JPEG,lighter,76,81,20,2620,0,1
1743861074247,samsung SM-S928B,TFLite,efficientnet_lite0_int8,lighter.JPEG,safe,57,25,8,381,0,0
1743861074247,samsung SM-S928B,PyTorch,mobilenet_v2,lighter.JPEG,computer keyboard,5,19,87,2604,0,2
1743861074580,samsung SM-S928B,TFLite,efficientnet_lite0,limousine.JPEG,limousine,95,90,19,0,0,1
1743861074580,samsung SM-S928B,TFLite,efficientnet_lite0_int8,limousine.JPEG,pillow,50,59,8,365,0,0
1743861074580,samsung SM-S928B,PyTorch,mobilenet_v2,limousine.JPEG,limousine,94,07,94,2936,0,1
1743861075128,samsung SM-S928B,TFLite,efficientnet_lite0,limpkin.JPEG,limpkin,93,11,18,2604,0,1
1743861075128,samsung SM-S928B,TFLite,efficientnet_lite0_int8,limpkin.JPEG,African grey,50,98,8,0,0,0
1743861075128,samsung SM-S928B,PyTorch,mobilenet_v2,limpkin.JPEG,limpkin,17,74,253,7127,0,1
1743861075584,samsung SM-S928B,TFLite,efficientnet_lite0,liner.JPEG,liner,98,04,19,2588,0,0
1743861075584,samsung SM-S928B,TFLite,efficientnet_lite0_int8,liner.JPEG,drilling platform,50,98,7,365,0,0
1743861075584,samsung SM-S928B,PyTorch,mobilenet_v2,liner.JPEG,liner,59,80,189,6652,0,0
1743861075974,samsung SM-S928B,TFLite,efficientnet_lite0,lion.JPEG,lion,22,02,18,0,0,0
1743861075974,samsung SM-S928B,TFLite,efficientnet_lite0_int8,lion.JPEG,grey fox,63,53,13,365,0,0
1743861075974,samsung SM-S928B,PyTorch,mobilenet_v2,lion.JPEG,ostrich,6,54,92,2768,0,0
1743861076307,samsung SM-S928B,TFLite,efficientnet_lite0,lionfish.JPEG,lionfish,14,59,19,2604,0,0
1743861076307,samsung SM-S928B,TFLite,efficientnet_lite0_int8,lionfish.JPEG,sturgeon,68,63,7,365,0,0
1743861076307,samsung SM-S928B,PyTorch,mobilenet_v2,lionfish.JPEG,lionfish,30,08,93,2936,0,0
1743861076648,samsung SM-S928B,TFLite,efficientnet_lite0,lipstick.JPEG,lipstick,96,01,18,2652,0,0
1743861076649,samsung SM-S928B,TFLite,efficientnet_lite0_int8,lipstick.JPEG,pickelhaube,50,98,8,0,0,0
1743861076649,samsung SM-S928B,PyTorch,mobilenet_v2,lipstick.JPEG,lipstick,61,46,72,1880,0,0
1743861076961,samsung SM-S928B,TFLite,efficientnet_lite0,little_blue_heron.JPEG,little blue heron,86,73,20,2588,0,1
1743861076961,samsung SM-S928B,TFLite,efficientnet_lite0_int8,little_blue_heron.JPEG,drake,85,49,7,365,0,0
1743861076961,samsung SM-S928B,PyTorch,mobilenet_v2,little_blue_heron.JPEG,little blue heron,67,99,82,0,0,1
1743861077320,samsung SM-S928B,TFLite,efficientnet_lite0,llama.JPEG,llama,65,17,19,2572,0,1
1743861077320,samsung SM-S928B,TFLite,efficientnet_lite0_int8,llama.JPEG,black-footed ferret,98,82,7,0,0,0
1743861077320,samsung SM-S928B,PyTorch,mobilenet_v2,llama.JPEG,llama,81,77,117,3144,0,1
1743861077627,samsung SM-S928B,TFLite,efficientnet_lite0,loggerhead.JPEG,loggerhead,18,75,19,0,0,1
1743861077628,samsung SM-S928B,TFLite,efficientnet_lite0_int8,loggerhead.JPEG,box turtle,64,71,7,381,0,0
1743861077628,samsung SM-S928B,PyTorch,mobilenet_v2,loggerhead.JPEG,hammerhead,9,71,80,2316,0,2
1743861077956,samsung SM-S928B,TFLite,efficientnet_lite0,long-horned_beetle.JPEG,long-horned beetle,87,33,17,2636,0,0
1743861077956,samsung SM-S928B,TFLite,efficientnet_lite0_int8,long-horned_beetle.JPEG,fly,50,59,9,0,0,0
1743861077956,samsung SM-S928B,PyTorch,mobilenet_v2,long-horned_beetle.JPEG,long-horned beetle,79,40,87,2616,0,0
1743861078307,samsung SM-S928B,TFLite,efficientnet_lite0,lorikeet.JPEG,lorikeet,92,85,19,0,0,1
1743861078308,samsung SM-S928B,TFLite,efficientnet_lite0_int8,lorikeet.JPEG,partridge,50,59,8,365,0,0
1743861078308,samsung SM-S928B,PyTorch,mobilenet_v2,lorikeet.JPEG,lorikeet,91,39,100,2904,0,1
1743861078655,samsung SM-S928B,TFLite,efficientnet_lite0,lotion.JPEG,bottlecap,22,53,34,0,0,5
1743861078655,samsung SM-S928B,TFLite,efficientnet_lite0_int8,lotion.JPEG,lighter,71,76,7,365,0,0
1743861078655,samsung SM-S928B,PyTorch,mobilenet_v2,lotion.JPEG,bottlecap,5,53,101,2816,0,0
1743861079000,samsung SM-S928B,TFLite,efficientnet_lite0,loudspeaker.JPEG,loudspeaker,86,33,17,2588,0,1
1743861079001,samsung SM-S928B,TFLite,efficientnet_lite0_int8,loudspeaker.JPEG,reel,56,08,7,365,0,0
1743861079001,samsung SM-S928B,PyTorch,mobilenet_v2,loudspeaker.JPEG,loudspeaker,57,70,113,0,0,1
1743861079328,samsung SM-S928B,TFLite,efficientnet_lite0,loupe.JPEG,loupe,99,09,19,2588,0,1
1743861079328,samsung SM-S928B,TFLite,efficientnet_lite0_int8,loupe.JPEG,cradle,50,59,7,349,0,0
1743861079328,samsung SM-S928B,PyTorch,mobilenet_v2,loupe.JPEG,loupe,18,81,92,2616,0,1
1743861079683,samsung SM-S928B,TFLite,efficientnet_lite0,lumbermill.JPEG,lumbermill,55,77,17,2604,0,1
1743861079684,samsung SM-S928B,TFLite,efficientnet_lite0_int8,lumbermill.JPEG,baseball,93,73,7,0,0,0
1743861079684,samsung SM-S928B,PyTorch,mobilenet_v2,lumbermill.JPEG,dock,7,08,106,2780,0,3
1743861080013,samsung SM-S928B,TFLite,efficientnet_lite0,lycaenid.JPEG,lycaenid,80,04,20,0,0,1
1743861080013,samsung SM-S928B,TFLite,efficientnet_lite0_int8,lycaenid.JPEG,sea urchin,57,25,8,349,0,2
1743861080014,samsung SM-S928B,PyTorch,mobilenet_v2,lycaenid.JPEG,lycaenid,32,99,91,2604,0,1
1743861080411,samsung SM-S928B,TFLite,efficientnet_lite0,lynx.JPEG,lynx,97,60,17,2620,0,1
1743861080411,samsung SM-S928B,TFLite,efficientnet_lite0_int8,lynx.JPEG,Egyptian cat,52,94,8,0,0,0
1743861080411,samsung SM-S928B,PyTorch,mobilenet_v2,lynx.JPEG,lynx,18,89,142,4588,0,1
1743861080758,samsung SM-S928B,TFLite,efficientnet_lite0,macaque.JPEG,macaque,83,76,19,0,0,1
1743861080758,samsung SM-S928B,TFLite,efficientnet_lite0_int8,macaque.JPEG,proboscis monkey,55,29,7,381,0,0
1743861080758,samsung SM-S928B,PyTorch,mobilenet_v2,macaque.JPEG,macaque,25,02,109,756,0,1
1743861081075,samsung SM-S928B,TFLite,efficientnet_lite0,macaw.JPEG,macaw,98,17,19,2604,0,1
1743861081075,samsung SM-S928B,TFLite,efficientnet_lite0_int8,macaw.JPEG,macaw,50,59,7,365,0,1
1743861081076,samsung SM-S928B,PyTorch,mobilenet_v2,macaw.JPEG,macaw,97,18,85,2620,0,1
1743861081520,samsung SM-S928B,TFLite,efficientnet_lite0,magnetic_compass.JPEG,magnetic compass,79,85,17,0,0,1
1743861081520,samsung SM-S928B,TFLite,efficientnet_lite0_int8,magnetic_compass.JPEG,stretcher,62,35,13,397,0,0
1743861081520,samsung SM-S928B,PyTorch,mobilenet_v2,magnetic_compass.JPEG,magnetic compass,25,52,143,5112,0,1
1743861081904,samsung SM-S928B,TFLite,efficientnet_lite0,magpie.JPEG,magpie,99,11,19,0,0,1
1743861081904,samsung SM-S928B,TFLite,efficientnet_lite0_int8,magpie.JPEG,goldfinch,53,33,13,365,0,0
1743861081904,samsung SM-S928B,PyTorch,mobilenet_v2,magpie.JPEG,magpie,73,61,114,2936,0,1
1743861082251,samsung SM-S928B,TFLite,efficientnet_lite0,mailbag.JPEG,mailbag,56,44,20,0,0,1
1743861082251,samsung SM-S928B,TFLite,efficientnet_lite0_int8,mailbag.JPEG,manhole cover,99,61,7,349,0,0
1743861082252,samsung SM-S928B,PyTorch,mobilenet_v2,mailbag.JPEG,mailbag,11,60,106,2936,0,1
1743861082595,samsung SM-S928B,TFLite,efficientnet_lite0,mailbox.JPEG,mailbox,96,87,39,0,0,0
1743861082595,samsung SM-S928B,TFLite,efficientnet_lite0_int8,mailbox.JPEG,catamaran,50,59,8,349,0,0
1743861082596,samsung SM-S928B,PyTorch,mobilenet_v2,mailbox.JPEG,mailbox,79,90,90,2936,0,0
1743861082899,samsung SM-S928B,TFLite,efficientnet_lite0,maillot.JPEG,backpack,15,95,18,0,0,5
1743861082899,samsung SM-S928B,TFLite,efficientnet_lite0_int8,maillot.JPEG,slot,68,24,8,381,0,0
1743861082899,samsung SM-S928B,PyTorch,mobilenet_v2,maillot.JPEG,swimming trunks,7,46,80,2204,0,4
1743861083240,samsung SM-S928B,TFLite,efficientnet_lite0,malamute.JPEG,malamute,24,31,19,2604,0,1
1743861083240,samsung SM-S928B,TFLite,efficientnet_lite0_int8,malamute.JPEG,Bernese mountain dog,63,92,8,0,0,0
1743861083240,samsung SM-S928B,PyTorch,mobilenet_v2,malamute.JPEG,malamute,9,91,96,2936,0,1
1743861083607,samsung SM-S928B,TFLite,efficientnet_lite0,malinois.JPEG,malinois,90,84,18,0,0,1
1743861083608,samsung SM-S928B,TFLite,efficientnet_lite0_int8,malinois.JPEG,Bernese mountain dog,52,94,12,349,0,0
1743861083608,samsung SM-S928B,PyTorch,mobilenet_v2,malinois.JPEG,malinois,42,26,111,3128,0,1
1743861083958,samsung SM-S928B,TFLite,efficientnet_lite0,manhole_cover.JPEG,manhole cover,83,03,20,2604,0,1
1743861083958,samsung SM-S928B,TFLite,efficientnet_lite0_int8,manhole_cover.JPEG,broom,50,98,9,0,0,0
1743861083958,samsung SM-S928B,PyTorch,mobilenet_v2,manhole_cover.JPEG,manhole cover,82,73,96,2936,0,1
1743861084285,samsung SM-S928B,TFLite,efficientnet_lite0,mantis.JPEG,garden spider,30,39,17,0,0,0
1743861084285,samsung SM-S928B,TFLite,efficientnet_lite0_int8,mantis.JPEG,tick,97,25,7,397,0,0
1743861084285,samsung SM-S928B,PyTorch,mobilenet_v2,mantis.JPEG,grasshopper,14,33,100,2604,0,0
1743861084614,samsung SM-S928B,TFLite,efficientnet_lite0,maraca.JPEG,pinwheel,31,29,19,2620,0,0
1743861084614,samsung SM-S928B,TFLite,efficientnet_lite0_int8,maraca.JPEG,planetarium,93,33,13,0,0,0
1743861084615,samsung SM-S928B,PyTorch,mobilenet_v2,maraca.JPEG,pinwheel,10,34,96,2604,0,0
1743861084936,samsung SM-S928B,TFLite,efficientnet_lite0,marimba.JPEG,marimba,99,22,19,0,0,1
1743861084937,samsung SM-S928B,TFLite,efficientnet_lite0_int8,marimba.JPEG,tench,50,20,8,381,0,0
1743861084937,samsung SM-S928B,PyTorch,mobilenet_v2,marimba.JPEG,marimba,33,57,87,2604,0,1
1743861085279,samsung SM-S928B,TFLite,efficientnet_lite0,marmoset.JPEG,marmoset,89,80,18,2588,0,1
1743861085279,samsung SM-S928B,TFLite,efficientnet_lite0_int8,marmoset.JPEG,indri,50,98,11,397,0,0
1743861085279,samsung SM-S928B,PyTorch,mobilenet_v2,marmoset.JPEG,marmoset,30,05,91,2936,0,1
1743861085627,samsung SM-S928B,TFLite,efficientnet_lite0,marmot.JPEG,marmot,99,26,17,0,0,1
1743861085627,samsung SM-S928B,TFLite,efficientnet_lite0_int8,marmot.JPEG,tench,50,20,8,381,0,0
1743861085627,samsung SM-S928B,PyTorch,mobilenet_v2,marmot.JPEG,marmot,49,58,108,2936,0,1
1743861085966,samsung SM-S928B,TFLite,efficientnet_lite0,mashed_potato.JPEG,mashed potato,95,18,33,0,0,0
1743861085966,samsung SM-S928B,TFLite,efficientnet_lite0_int8,mashed_potato.JPEG,potpie,95,29,7,349,0,0
1743861085966,samsung SM-S928B,PyTorch,mobilenet_v2,mashed_potato.JPEG,mashed potato,34,89,92,2936,0,0
1743861086330,samsung SM-S928B,TFLite,efficientnet_lite0,mask.JPEG,mask,61,84,18,0,0,0
1743861086330,samsung SM-S928B,TFLite,efficientnet_lite0_int8,mask.JPEG,measuring cup,90,59,10,349,0,0
1743861086330,samsung SM-S928B,PyTorch,mobilenet_v2,mask.JPEG,mask,20,59,115,3120,0,0
1743861086649,samsung SM-S928B,TFLite,efficientnet_lite0,matchstick.JPEG,lipstick,67,29,19,2636,0,0
1743861086650,samsung SM-S928B,TFLite,efficientnet_lite0_int8,matchstick.JPEG,loupe,72,94,7,0,0,0
1743861086650,samsung SM-S928B,PyTorch,mobilenet_v2,matchstick.JPEG,bubble,3,26,88,2748,0,0
1743861087011,samsung SM-S928B,TFLite,efficientnet_lite0,maypole.JPEG,maypole,71,20,19,0,0,1
1743861087011,samsung SM-S928B,TFLite,efficientnet_lite0_int8,maypole.JPEG,megalith,61,57,9,381,0,0
1743861087012,samsung SM-S928B,PyTorch,mobilenet_v2,maypole.JPEG,maypole,48,67,107,2936,0,1
1743861087370,samsung SM-S928B,TFLite,efficientnet_lite0,maze.JPEG,television,25,80,19,2604,0,0
1743861087370,samsung SM-S928B,TFLite,efficientnet_lite0_int8,maze.JPEG,wing,58,82,8,365,0,0
1743861087370,samsung SM-S928B,PyTorch,mobilenet_v2,maze.JPEG,window screen,32,69,109,3840,0,0
1743861088325,samsung SM-S928B,TFLite,efficientnet_lite0,measuring_cup.JPEG,beaker,14,18,19,0,0,2
1743861088325,samsung SM-S928B,TFLite,efficientnet_lite0_int8,measuring_cup.JPEG,bell cote,79,61,10,349,0,0
1743861088326,samsung SM-S928B,PyTorch,mobilenet_v2,measuring_cup.JPEG,measuring cup,13,95,583,13956,0,1
1743861088661,samsung SM-S928B,TFLite,efficientnet_lite0,meat_loaf.JPEG,meat loaf,43,05,19,2604,0,1
1743861088662,samsung SM-S928B,TFLite,efficientnet_lite0_int8,meat_loaf.JPEG,zucchini,87,84,7,365,0,0
1743861088662,samsung SM-S928B,PyTorch,mobilenet_v2,meat_loaf.JPEG,mashed potato,32,95,98,2936,0,2
1743861088969,samsung SM-S928B,TFLite,efficientnet_lite0,medicine_chest.JPEG,medicine chest,46,45,18,2588,0,0
1743861088970,samsung SM-S928B,TFLite,efficientnet_lite0_int8,medicine_chest.JPEG,military uniform,75,29,7,349,0,0
1743861088970,samsung SM-S928B,PyTorch,mobilenet_v2,medicine_chest.JPEG,medicine chest,40,89,78,2936,0,0
1743861089283,samsung SM-S928B,TFLite,efficientnet_lite0,meerkat.JPEG,meerkat,90,17,18,2588,0,1
1743861089284,samsung SM-S928B,TFLite,efficientnet_lite0_int8,meerkat.JPEG,ground beetle,55,29,7,365,0,0
1743861089284,samsung SM-S928B,PyTorch,mobilenet_v2,meerkat.JPEG,meerkat,31,49,89,2616,0,1
1743861089627,samsung SM-S928B,TFLite,efficientnet_lite0,megalith.JPEG,megalith,94,46,17,0,0,1
1743861089627,samsung SM-S928B,TFLite,efficientnet_lite0_int8,megalith.JPEG,tench,50,20,8,349,0,0
1743861089628,samsung SM-S928B,PyTorch,mobilenet_v2,megalith.JPEG,megalith,99,79,92,2604,0,1
1743861089989,samsung SM-S928B,TFLite,efficientnet_lite0,menu.JPEG,menu,73,65,17,0,0,1
1743861089989,samsung SM-S928B,TFLite,efficientnet_lite0_int8,menu.JPEG,book jacket,59,22,11,349,0,0
1743861089989,samsung SM-S928B,PyTorch,mobilenet_v2,menu.JPEG,menu,99,29,105,2936,0,1
1743861090646,samsung SM-S928B,TFLite,efficientnet_lite0,microphone.JPEG,microphone,38,01,19,0,0,1
1743861090646,samsung SM-S928B,TFLite,efficientnet_lite0_int8,microphone.JPEG,minibus,89,02,7,349,0,0
1743861090646,samsung SM-S928B,PyTorch,mobilenet_v2,microphone.JPEG,microphone,2,70,340,8884,0,1
1743861090973,samsung SM-S928B,TFLite,efficientnet_lite0,microwave.JPEG,microwave,79,77,19,2588,0,1
1743861090973,samsung SM-S928B,TFLite,efficientnet_lite0_int8,microwave.JPEG,studio couch,56,08,8,381,0,0
1743861090974,samsung SM-S928B,PyTorch,mobilenet_v2,microwave.JPEG,microwave,25,62,91,2936,0,1
1743861091509,samsung SM-S928B,TFLite,efficientnet_lite0,military_uniform.JPEG,military uniform,98,37,17,2572,0,1
1743861091510,samsung SM-S928B,TFLite,efficientnet_lite0_int8,military_uniform.JPEG,caldron,50,98,7,349,0,0
1743861091510,samsung SM-S928B,PyTorch,mobilenet_v2,military_uniform.JPEG,bath towel,3,83,246,0,0,2
1743861091819,samsung SM-S928B,TFLite,efficientnet_lite0,milk_can.JPEG,milk can,38,79,19,2572,0,1
1743861091819,samsung SM-S928B,TFLite,efficientnet_lite0_int8,milk_can.JPEG,butcher shop,67,84,7,349,0,3
1743861091819,samsung SM-S928B,PyTorch,mobilenet_v2,milk_can.JPEG,milk can,18,36,81,2620,0,1
1743861092161,samsung SM-S928B,TFLite,efficientnet_lite0,miniature_pinscher.JPEG,miniature pinscher,93,53,18,2620,0,1
1743861092162,samsung SM-S928B,TFLite,efficientnet_lite0_int8,miniature_pinscher.JPEG,Greater Swiss Mountain dog,52,55,7,0,0,0
1743861092162,samsung SM-S928B,PyTorch,mobilenet_v2,miniature_pinscher.JPEG,miniature pinscher,42,15,86,2620,0,1
1743861092506,samsung SM-S928B,TFLite,efficientnet_lite0,miniature_poodle.JPEG,Irish water spaniel,39,94,19,0,0,2
1743861092506,samsung SM-S928B,TFLite,efficientnet_lite0_int8,miniature_poodle.JPEG,white wolf,84,31,8,365,0,0
1743861092506,samsung SM-S928B,PyTorch,mobilenet_v2,miniature_poodle.JPEG,miniature poodle,3,32,103,2792,0,1
1743861092864,samsung SM-S928B,TFLite,efficientnet_lite0,miniature_schnauzer.JPEG,miniature schnauzer,55,47,17,2604,0,1
1743861092864,samsung SM-S928B,TFLite,efficientnet_lite0_int8,miniature_schnauzer.JPEG,Tibetan terrier,93,33,9,365,0,0
1743861092865,samsung SM-S928B,PyTorch,mobilenet_v2,miniature_schnauzer.JPEG,miniature schnauzer,18,81,109,2936,0,1
1743861093179,samsung SM-S928B,TFLite,efficientnet_lite0,minibus.JPEG,minibus,39,08,20,0,0,1
1743861093179,samsung SM-S928B,TFLite,efficientnet_lite0_int8,minibus.JPEG,mitten,88,24,8,349,0,0
1743861093179,samsung SM-S928B,PyTorch,mobilenet_v2,minibus.JPEG,minibus,28,14,81,2200,0,1
1743861093525,samsung SM-S928B,TFLite,efficientnet_lite0,miniskirt.JPEG,miniskirt,14,11,18,2588,0,1
1743861093525,samsung SM-S928B,TFLite,efficientnet_lite0_int8,miniskirt.JPEG,mixing bowl,78,43,8,0,0,0
1743861093525,samsung SM-S928B,PyTorch,mobilenet_v2,miniskirt.JPEG,table lamp,4,52,96,2936,0,5
1743861093959,samsung SM-S928B,TFLite,efficientnet_lite0,minivan.JPEG,minivan,98,33,18,0,0,1
1743861093959,samsung SM-S928B,TFLite,efficientnet_lite0_int8,minivan.JPEG,beer bottle,54,12,8,365,0,0
1743861093959,samsung SM-S928B,PyTorch,mobilenet_v2,minivan.JPEG,minivan,33,07,178,1878,0,1
1743861094454,samsung SM-S928B,TFLite,efficientnet_lite0,mink.JPEG,mink,64,10,19,2604,0,1
1743861094455,samsung SM-S928B,TFLite,efficientnet_lite0_int8,mink.JPEG,skunk,83,14,7,365,0,0
1743861094455,samsung SM-S928B,PyTorch,mobilenet_v2,mink.JPEG,water ouzel,4,06,217,3729,0,2
1743861094856,samsung SM-S928B,TFLite,efficientnet_lite0,missile.JPEG,missile,53,30,19,2619,0,1
1743861094856,samsung SM-S928B,TFLite,efficientnet_lite0_int8,missile.JPEG,purse,92,16,8,349,0,0
1743861094856,samsung SM-S928B,PyTorch,mobilenet_v2,missile.JPEG,missile,50,41,133,3756,0,1
1743861095205,samsung SM-S928B,TFLite,efficientnet_lite0,mitten.JPEG,mitten,91,60,20,0,0,1
1743861095205,samsung SM-S928B,TFLite,efficientnet_lite0_int8,mitten.JPEG,space bar,53,33,7,365,0,0
1743861095205,samsung SM-S928B,PyTorch,mobilenet_v2,mitten.JPEG,mitten,41,50,115,0,0,1
1743861095529,samsung SM-S928B,TFLite,efficientnet_lite0,mixing_bowl.JPEG,Granny Smith,40,50,21,2604,0,0
1743861095530,samsung SM-S928B,TFLite,efficientnet_lite0_int8,mixing_bowl.JPEG,monastery,84,31,7,365,0,0
1743861095530,samsung SM-S928B,PyTorch,mobilenet_v2,mixing_bowl.JPEG,mixing bowl,11,30,85,2936,0,0
1743861095847,samsung SM-S928B,TFLite,efficientnet_lite0,mobile_home.JPEG,mobile home,69,45,19,0,0,1
1743861095848,samsung SM-S928B,TFLite,efficientnet_lite0_int8,mobile_home.JPEG,baseball,54,51,8,397,0,0
1743861095848,samsung SM-S928B,PyTorch,mobilenet_v2,mobile_home.JPEG,mobile home,49,89,93,2304,0,1
1743861096143,samsung SM-S928B,TFLite,efficientnet_lite0,modem.JPEG,notebook,64,55,21,2620,0,0
1743861096143,samsung SM-S928B,TFLite,efficientnet_lite0_int8,modem.JPEG,library,67,84,8,0,0,0
1743861096144,samsung SM-S928B,PyTorch,mobilenet_v2,modem.JPEG,notebook,30,29,69,1660,0,0
1743861096474,samsung SM-S928B,TFLite,efficientnet_lite0,monarch.JPEG,monarch,94,37,19,2604,0,1
1743861096474,samsung SM-S928B,TFLite,efficientnet_lite0_int8,monarch.JPEG,lycaenid,50,59,7,365,0,0
1743861096474,samsung SM-S928B,PyTorch,mobilenet_v2,monarch.JPEG,monarch,75,59,99,0,0,1
1743861097042,samsung SM-S928B,TFLite,efficientnet_lite0,monastery.JPEG,castle,37,26,21,2620,0,3
1743861097042,samsung SM-S928B,TFLite,efficientnet_lite0_int8,monastery.JPEG,cellular telephone,99,61,8,0,0,0
1743861097042,samsung SM-S928B,PyTorch,mobilenet_v2,monastery.JPEG,castle,8,02,247,7823,0,2
1743861097359,samsung SM-S928B,TFLite,efficientnet_lite0,mongoose.JPEG,mongoose,85,71,19,2604,0,0
1743861097359,samsung SM-S928B,TFLite,efficientnet_lite0_int8,mongoose.JPEG,long-horned beetle,54,51,7,365,0,0
1743861097360,samsung SM-S928B,PyTorch,mobilenet_v2,mongoose.JPEG,mongoose,68,35,85,2604,0,0
1743861097707,samsung SM-S928B,TFLite,efficientnet_lite0,monitor.JPEG,screen,28,61,17,2588,0,2
1743861097707,samsung SM-S928B,TFLite,efficientnet_lite0_int8,monitor.JPEG,sewing machine,82,35,7,349,0,0
1743861097707,samsung SM-S928B,PyTorch,mobilenet_v2,monitor.JPEG,screen,6,25,122,2528,0,0
1743861098040,samsung SM-S928B,TFLite,efficientnet_lite0,moped.JPEG,moped,92,50,19,0,0,1
1743861098040,samsung SM-S928B,TFLite,efficientnet_lite0_int8,moped.JPEG,mosquito net,80,78,7,349,0,0
1743861098040,samsung SM-S928B,PyTorch,mobilenet_v2,moped.JPEG,moped,43,67,102,2936,0,1
1743861098397,samsung SM-S928B,TFLite,efficientnet_lite0,mortar.JPEG,mortar,93,33,17,2604,0,1
1743861098397,samsung SM-S928B,TFLite,efficientnet_lite0_int8,mortar.JPEG,prison,50,98,7,365,0,0
1743861098397,samsung SM-S928B,PyTorch,mobilenet_v2,mortar.JPEG,mortar,12,61,122,0,0,1
1743861098731,samsung SM-S928B,TFLite,efficientnet_lite0,mortarboard.JPEG,mortarboard,75,27,19,2604,0,0
1743861098731,samsung SM-S928B,TFLite,efficientnet_lite0_int8,mortarboard.JPEG,mountain bike,67,45,8,365,0,0
1743861098731,samsung SM-S928B,PyTorch,mobilenet_v2,mortarboard.JPEG,mortarboard,66,63,91,2604,0,0
1743861099121,samsung SM-S928B,TFLite,efficientnet_lite0,mosque.JPEG,mosque,89,41,43,0,0,1
1743861099121,samsung SM-S928B,TFLite,efficientnet_lite0_int8,mosque.JPEG,mortarboard,50,59,8,349,0,0
1743861099121,samsung SM-S928B,PyTorch,mobilenet_v2,mosque.JPEG,mosque,84,68,123,488,0,1
1743861099469,samsung SM-S928B,TFLite,efficientnet_lite0,mosquito_net.JPEG,mosquito net,99,73,20,2620,0,1
1743861099469,samsung SM-S928B,TFLite,efficientnet_lite0_int8,mosquito_net.JPEG,tench,50,20,8,0,0,0
1743861099470,samsung SM-S928B,PyTorch,mobilenet_v2,mosquito_net.JPEG,mosquito net,90,74,105,2936,0,1
1743861099799,samsung SM-S928B,TFLite,efficientnet_lite0,motor_scooter.JPEG,motor scooter,46,17,17,0,0,1
1743861099799,samsung SM-S928B,TFLite,efficientnet_lite0_int8,motor_scooter.JPEG,mousetrap,94,12,8,381,0,0
1743861099799,samsung SM-S928B,PyTorch,mobilenet_v2,motor_scooter.JPEG,moped,16,48,92,2936,0,2
1743861100119,samsung SM-S928B,TFLite,efficientnet_lite0,mountain_bike.JPEG,mountain bike,25,86,17,0,0,1
1743861100120,samsung SM-S928B,TFLite,efficientnet_lite0_int8,mountain_bike.JPEG,vault,84,31,7,397,0,0
1743861100120,samsung SM-S928B,PyTorch,mobilenet_v2,mountain_bike.JPEG,unicycle,21,75,95,2936,0,2
1743861100469,samsung SM-S928B,TFLite,efficientnet_lite0,mountain_tent.JPEG,mountain tent,62,12,17,2604,0,1
1743861100469,samsung SM-S928B,TFLite,efficientnet_lite0_int8,mountain_tent.JPEG,muzzle,94,90,7,0,0,0
1743861100469,samsung SM-S928B,PyTorch,mobilenet_v2,mountain_tent.JPEG,ram,6,36,90,2952,0,3
1743861100810,samsung SM-S928B,TFLite,efficientnet_lite0,mouse.JPEG,desktop computer,26,17,18,2572,0,2
1743861100810,samsung SM-S928B,TFLite,efficientnet_lite0_int8,mouse.JPEG,digital watch,61,96,7,365,0,0
1743861100810,samsung SM-S928B,PyTorch,mobilenet_v2,mouse.JPEG,desktop computer,6,17,111,2604,0,3
1743861101168,samsung SM-S928B,TFLite,efficientnet_lite0,mousetrap.JPEG,mousetrap,99,08,19,0,0,0
1743861101168,samsung SM-S928B,TFLite,efficientnet_lite0_int8,mousetrap.JPEG,tench,50,20,7,349,0,0
1743861101168,samsung SM-S928B,PyTorch,mobilenet_v2,mousetrap.JPEG,mousetrap,28,08,116,808,0,0
1743861101456,samsung SM-S928B,TFLite,efficientnet_lite0,moving_van.JPEG,moving van,88,64,19,2604,0,1
1743861101456,samsung SM-S928B,TFLite,efficientnet_lite0_int8,moving_van.JPEG,trimaran,56,47,14,0,0,0
1743861101456,samsung SM-S928B,PyTorch,mobilenet_v2,moving_van.JPEG,moving van,82,60,45,384,0,1
1743861101804,samsung SM-S928B,TFLite,efficientnet_lite0,mud_turtle.JPEG,mud turtle,64,18,19,2588,0,1
1743861101804,samsung SM-S928B,TFLite,efficientnet_lite0_int8,mud_turtle.JPEG,American chameleon,77,25,7,381,0,0
1743861101805,samsung SM-S928B,PyTorch,mobilenet_v2,mud_turtle.JPEG,mud turtle,25,43,115,0,0,1
1743861102165,samsung SM-S928B,TFLite,efficientnet_lite0,mushroom.JPEG,mushroom,71,70,19,2604,0,1
1743861102165,samsung SM-S928B,TFLite,efficientnet_lite0_int8,mushroom.JPEG,toilet tissue,53,73,7,0,0,0
1743861102165,samsung SM-S928B,PyTorch,mobilenet_v2,mushroom.JPEG,mushroom,23,87,120,3756,0,1
1743861102457,samsung SM-S928B,TFLite,efficientnet_lite0,muzzle.JPEG,muzzle,99,15,19,0,0,1
1743861102458,samsung SM-S928B,TFLite,efficientnet_lite0_int8,muzzle.JPEG,tench,50,20,8,397,0,0
1743861102458,samsung SM-S928B,PyTorch,mobilenet_v2,muzzle.JPEG,muzzle,90,43,62,1408,0,1
1743861102800,samsung SM-S928B,TFLite,efficientnet_lite0,n02963159_cardigan.JPEG,cardigan,90,34,17,2604,0,1
1743861102800,samsung SM-S928B,TFLite,efficientnet_lite0_int8,n02963159_cardigan.JPEG,modem,52,55,8,0,0,0
1743861102800,samsung SM-S928B,PyTorch,mobilenet_v2,n02963159_cardigan.JPEG,cardigan,38,42,96,2936,0,1
1743861103127,samsung SM-S928B,TFLite,efficientnet_lite0,n03126707_crane.JPEG,crane,32,16,19,0,0,1
1743861103127,samsung SM-S928B,TFLite,efficientnet_lite0_int8,n03126707_crane.JPEG,window screen,80,39,8,397,0,0
1743861103127,samsung SM-S928B,PyTorch,mobilenet_v2,n03126707_crane.JPEG,crane,27,40,87,2588,0,1
1743861103509,samsung SM-S928B,TFLite,efficientnet_lite0,n03710721_maillot.JPEG,maillot,38,21,17,2604,0,1
1743861103510,samsung SM-S928B,TFLite,efficientnet_lite0_int8,n03710721_maillot.JPEG,marimba,93,73,8,0,0,0
1743861103510,samsung SM-S928B,PyTorch,mobilenet_v2,n03710721_maillot.JPEG,maillot,30,25,127,3792,0,1
1743861103778,samsung SM-S928B,TFLite,efficientnet_lite0,nail.JPEG,hammer,26,52,19,0,0,0
1743861103779,samsung SM-S928B,TFLite,efficientnet_lite0_int8,nail.JPEG,schooner,68,24,8,365,0,0
1743861103779,samsung SM-S928B,PyTorch,mobilenet_v2,nail.JPEG,hammer,21,05,52,808,0,0
1743861104060,samsung SM-S928B,TFLite,efficientnet_lite0,neck_brace.JPEG,neck brace,29,87,17,2636,0,1
1743861104060,samsung SM-S928B,TFLite,efficientnet_lite0_int8,neck_brace.JPEG,jersey,69,80,8,0,0,0
1743861104060,samsung SM-S928B,PyTorch,mobilenet_v2,neck_brace.JPEG,neck brace,13,02,63,1408,0,1
1743861104391,samsung SM-S928B,TFLite,efficientnet_lite0,necklace.JPEG,candle,19,04,19,2588,0,0
1743861104392,samsung SM-S928B,TFLite,efficientnet_lite0_int8,necklace.JPEG,cardigan,68,63,7,349,0,0
1743861104392,samsung SM-S928B,PyTorch,mobilenet_v2,necklace.JPEG,switch,4,38,97,0,0,0
1743861104686,samsung SM-S928B,TFLite,efficientnet_lite0,nematode.JPEG,nematode,78,58,19,2636,0,1
1743861104686,samsung SM-S928B,TFLite,efficientnet_lite0_int8,nematode.JPEG,hourglass,51,37,8,0,0,0
1743861104686,samsung SM-S928B,PyTorch,mobilenet_v2,nematode.JPEG,nematode,99,78,57,748,0,1
1743861104992,samsung SM-S928B,TFLite,efficientnet_lite0,night_snake.JPEG,thunder snake,56,07,19,2588,0,3
1743861104992,samsung SM-S928B,TFLite,efficientnet_lite0_int8,night_snake.JPEG,king snake,90,59,7,349,0,5
1743861104992,samsung SM-S928B,PyTorch,mobilenet_v2,night_snake.JPEG,whiptail,13,83,84,0,0,2
1743861105247,samsung SM-S928B,TFLite,efficientnet_lite0,nipple.JPEG,plunger,54,28,19,2604,0,2
1743861105247,samsung SM-S928B,TFLite,efficientnet_lite0_int8,nipple.JPEG,ocarina,57,25,7,349,0,0
1743861105247,samsung SM-S928B,PyTorch,mobilenet_v2,nipple.JPEG,nipple,94,94,42,252,0,1
1743861105579,samsung SM-S928B,TFLite,efficientnet_lite0,notebook.JPEG,notebook,29,08,17,0,0,1
1743861105580,samsung SM-S928B,TFLite,efficientnet_lite0_int8,notebook.JPEG,library,81,57,8,381,0,0
1743861105580,samsung SM-S928B,PyTorch,mobilenet_v2,notebook.JPEG,notebook,24,61,98,0,0,1
1743861105931,samsung SM-S928B,TFLite,efficientnet_lite0,obelisk.JPEG,obelisk,95,10,18,2604,0,1
1743861105931,samsung SM-S928B,TFLite,efficientnet_lite0_int8,obelisk.JPEG,binder,51,76,8,0,0,0
1743861105931,samsung SM-S928B,PyTorch,mobilenet_v2,obelisk.JPEG,obelisk,57,00,103,2616,0,1
1743861106353,samsung SM-S928B,TFLite,efficientnet_lite0,oboe.JPEG,oboe,97,03,19,0,0,1
1743861106353,samsung SM-S928B,TFLite,efficientnet_lite0_int8,oboe.JPEG,fountain,52,55,7,349,0,0
1743861106353,samsung SM-S928B,PyTorch,mobilenet_v2,oboe.JPEG,oboe,81,30,165,4016,0,1
1743861106721,samsung SM-S928B,TFLite,efficientnet_lite0,ocarina.JPEG,ocarina,83,86,19,2604,0,1
1743861106721,samsung SM-S928B,TFLite,efficientnet_lite0_int8,ocarina.JPEG,hamper,56,08,7,365,0,0
1743861106721,samsung SM-S928B,PyTorch,mobilenet_v2,ocarina.JPEG,ocarina,73,08,121,4224,0,1
1743861107129,samsung SM-S928B,TFLite,efficientnet_lite0,odometer.JPEG,odometer,98,01,18,0,0,0
1743861107129,samsung SM-S928B,TFLite,efficientnet_lite0_int8,odometer.JPEG,tench,50,20,8,349,0,0
1743861107129,samsung SM-S928B,PyTorch,mobilenet_v2,odometer.JPEG,odometer,81,54,121,4272,0,0
1743861109059,samsung SM-S928B,TFLite,efficientnet_lite0,oil_filter.JPEG,oil filter,97,15,17,2604,0,1
1743861109059,samsung SM-S928B,TFLite,efficientnet_lite0_int8,oil_filter.JPEG,maillot,50,98,7,365,0,0
1743861109060,samsung SM-S928B,PyTorch,mobilenet_v2,oil_filter.JPEG,syringe,2,36,1362,24572,0,0
1743861109391,samsung SM-S928B,TFLite,efficientnet_lite0,orange.JPEG,orange,36,02,20,2604,0,1
1743861109392,samsung SM-S928B,TFLite,efficientnet_lite0_int8,orange.JPEG,spatula,88,24,8,349,0,0
1743861109392,samsung SM-S928B,PyTorch,mobilenet_v2,orange.JPEG,soup bowl,17,54,95,2600,0,3
1743861109723,samsung SM-S928B,TFLite,efficientnet_lite0,orangutan.JPEG,orangutan,94,72,17,2588,0,1
1743861109723,samsung SM-S928B,TFLite,efficientnet_lite0_int8,orangutan.JPEG,Madagascar cat,57,25,7,349,0,0
1743861109724,samsung SM-S928B,PyTorch,mobilenet_v2,orangutan.JPEG,orangutan,96,53,102,2940,0,1
1743861110075,samsung SM-S928B,TFLite,efficientnet_lite0,organ.JPEG,organ,73,65,18,2588,0,1
1743861110076,samsung SM-S928B,TFLite,efficientnet_lite0_int8,organ.JPEG,apiary,59,61,7,349,0,0
1743861110076,samsung SM-S928B,PyTorch,mobilenet_v2,organ.JPEG,organ,62,99,123,2984,0,1
1743861110352,samsung SM-S928B,TFLite,efficientnet_lite0,oscilloscope.JPEG,oscilloscope,97,19,20,0,0,1
1743861110352,samsung SM-S928B,TFLite,efficientnet_lite0_int8,oscilloscope.JPEG,sewing machine,50,59,7,365,0,0
1743861110352,samsung SM-S928B,PyTorch,mobilenet_v2,oscilloscope.JPEG,oscilloscope,98,92,62,1244,0,1
1743861110699,samsung SM-S928B,TFLite,efficientnet_lite0,ostrich.JPEG,ostrich,89,89,17,2604,0,1
1743861110700,samsung SM-S928B,TFLite,efficientnet_lite0_int8,ostrich.JPEG,macaw,50,98,7,349,0,0
1743861110700,samsung SM-S928B,PyTorch,mobilenet_v2,ostrich.JPEG,ostrich,27,15,122,0,0,1
1743861111019,samsung SM-S928B,TFLite,efficientnet_lite0,otter.JPEG,otter,86,92,19,2588,0,0
1743861111019,samsung SM-S928B,TFLite,efficientnet_lite0_int8,otter.JPEG,hog,58,04,7,365,0,0
1743861111019,samsung SM-S928B,PyTorch,mobilenet_v2,otter.JPEG,otter,34,96,90,2632,0,0
1743861111365,samsung SM-S928B,TFLite,efficientnet_lite0,otterhound.JPEG,Norfolk terrier,68,58,18,2684,0,0
1743861111366,samsung SM-S928B,TFLite,efficientnet_lite0_int8,otterhound.JPEG,flat-coated retriever,54,90,9,381,0,0
1743861111366,samsung SM-S928B,PyTorch,mobilenet_v2,otterhound.JPEG,soft-coated wheaten terrier,18,63,97,2812,0,0
1743861111612,samsung SM-S928B,TFLite,efficientnet_lite0,overskirt.JPEG,hoopskirt,41,58,20,0,0,2
1743861111612,samsung SM-S928B,TFLite,efficientnet_lite0_int8,overskirt.JPEG,iPod,76,47,8,381,0,0
1743861111612,samsung SM-S928B,PyTorch,mobilenet_v2,overskirt.JPEG,lampshade,83,31,36,184,0,0
1743861112096,samsung SM-S928B,TFLite,efficientnet_lite0,ox.JPEG,ox,71,17,18,2620,0,0
1743861112096,samsung SM-S928B,TFLite,efficientnet_lite0_int8,ox.JPEG,hartebeest,54,90,10,0,0,0
1743861112096,samsung SM-S928B,PyTorch,mobilenet_v2,ox.JPEG,ox,3,16,214,6399,0,0
1743861112421,samsung SM-S928B,TFLite,efficientnet_lite0,oxcart.JPEG,oxcart,61,17,19,2620,0,3
1743861112421,samsung SM-S928B,TFLite,efficientnet_lite0_int8,oxcart.JPEG,jack-o'-lantern,88,63,8,365,0,0
1743861112421,samsung SM-S928B,PyTorch,mobilenet_v2,oxcart.JPEG,oxcart,49,79,87,2616,0,2
1743861112752,samsung SM-S928B,TFLite,efficientnet_lite0,oxygen_mask.JPEG,oxygen mask,76,84,18,2604,0,0
1743861112752,samsung SM-S928B,TFLite,efficientnet_lite0_int8,oxygen_mask.JPEG,padlock,88,63,14,365,0,0
1743861112752,samsung SM-S928B,PyTorch,mobilenet_v2,oxygen_mask.JPEG,lab coat,44,28,53,904,0,0
1743861113074,samsung SM-S928B,TFLite,efficientnet_lite0,oystercatcher.JPEG,oystercatcher,50,20,19,2588,0,1
1743861113074,samsung SM-S928B,TFLite,efficientnet_lite0_int8,oystercatcher.JPEG,grey whale,95,69,7,365,0,5
1743861113074,samsung SM-S928B,PyTorch,mobilenet_v2,oystercatcher.JPEG,oystercatcher,21,87,91,0,0,1
1743861113388,samsung SM-S928B,TFLite,efficientnet_lite0,packet.JPEG,umbrella,17,97,19,2604,0,3
1743861113389,samsung SM-S928B,TFLite,efficientnet_lite0_int8,packet.JPEG,vase,77,25,7,365,0,0
1743861113389,samsung SM-S928B,PyTorch,mobilenet_v2,packet.JPEG,packet,10,60,84,0,0,1
1743861113715,samsung SM-S928B,TFLite,efficientnet_lite0,paddle.JPEG,paddle,56,14,20,2588,0,1
1743861113715,samsung SM-S928B,TFLite,efficientnet_lite0_int8,paddle.JPEG,carousel,93,73,7,381,0,0
1743861113715,samsung SM-S928B,PyTorch,mobilenet_v2,paddle.JPEG,paddle,32,15,93,0,0,1
1743861114058,samsung SM-S928B,TFLite,efficientnet_lite0,paddlewheel.JPEG,paddlewheel,94,92,20,2620,0,0
1743861114059,samsung SM-S928B,TFLite,efficientnet_lite0_int8,paddlewheel.JPEG,balance beam,50,59,8,381,0,0
1743861114059,samsung SM-S928B,PyTorch,mobilenet_v2,paddlewheel.JPEG,paddlewheel,98,82,95,2936,0,0
1743861114395,samsung SM-S928B,TFLite,efficientnet_lite0,padlock.JPEG,padlock,94,88,18,0,0,1
1743861114396,samsung SM-S928B,TFLite,efficientnet_lite0_int8,padlock.JPEG,chest,54,90,8,365,0,0
1743861114396,samsung SM-S928B,PyTorch,mobilenet_v2,padlock.JPEG,padlock,78,53,94,2936,0,1
1743861114767,samsung SM-S928B,TFLite,efficientnet_lite0,paintbrush.JPEG,teddy,43,34,33,0,0,3
1743861114768,samsung SM-S928B,TFLite,efficientnet_lite0_int8,paintbrush.JPEG,theater curtain,72,55,8,349,0,0
1743861114768,samsung SM-S928B,PyTorch,mobilenet_v2,paintbrush.JPEG,crossword puzzle,10,20,117,3200,0,3
1743861115203,samsung SM-S928B,TFLite,efficientnet_lite0,pajama.JPEG,pajama,53,01,19,0,0,1
1743861115203,samsung SM-S928B,TFLite,efficientnet_lite0_int8,pajama.JPEG,parachute,81,57,7,349,0,0
1743861115203,samsung SM-S928B,PyTorch,mobilenet_v2,pajama.JPEG,pajama,3,27,178,5864,0,1
1743861115579,samsung SM-S928B,TFLite,efficientnet_lite0,palace.JPEG,palace,74,34,53,0,0,1
1743861115579,samsung SM-S928B,TFLite,efficientnet_lite0_int8,palace.JPEG,cellular telephone,58,04,8,349,0,0
1743861115579,samsung SM-S928B,PyTorch,mobilenet_v2,palace.JPEG,palace,13,30,105,3292,0,1
1743861115848,samsung SM-S928B,TFLite,efficientnet_lite0,panpipe.JPEG,panpipe,95,90,18,2588,0,1
1743861115849,samsung SM-S928B,TFLite,efficientnet_lite0_int8,panpipe.JPEG,home theater,50,98,28,0,0,0
1743861115849,samsung SM-S928B,PyTorch,mobilenet_v2,panpipe.JPEG,panpipe,99,98,40,412,0,1
1743861116188,samsung SM-S928B,TFLite,efficientnet_lite0,paper_towel.JPEG,paper towel,69,75,19,2588,0,1
1743861116188,samsung SM-S928B,TFLite,efficientnet_lite0_int8,paper_towel.JPEG,parking meter,69,02,7,349,0,0
1743861116188,samsung SM-S928B,PyTorch,mobilenet_v2,paper_towel.JPEG,paper towel,2,46,102,2936,0,1
1743861116526,samsung SM-S928B,TFLite,efficientnet_lite0,papillon.JPEG,papillon,94,45,17,0,0,1
1743861116526,samsung SM-S928B,TFLite,efficientnet_lite0_int8,papillon.JPEG,Rottweiler,50,59,8,365,0,0
1743861116526,samsung SM-S928B,PyTorch,mobilenet_v2,papillon.JPEG,papillon,41,31,101,2604,0,1
1743861116910,samsung SM-S928B,TFLite,efficientnet_lite0,parachute.JPEG,parachute,83,99,19,0,0,1
1743861116910,samsung SM-S928B,TFLite,efficientnet_lite0_int8,parachute.JPEG,bannister,55,29,7,365,0,0
1743861116910,samsung SM-S928B,PyTorch,mobilenet_v2,parachute.JPEG,parachute,24,59,128,1333,0,1
1743861117252,samsung SM-S928B,TFLite,efficientnet_lite0,parallel_bars.JPEG,parallel bars,57,88,19,2572,0,1
1743861117252,samsung SM-S928B,TFLite,efficientnet_lite0_int8,parallel_bars.JPEG,patio,99,61,7,349,0,0
1743861117252,samsung SM-S928B,PyTorch,mobilenet_v2,parallel_bars.JPEG,parallel bars,52,49,98,3000,0,1
1743861117616,samsung SM-S928B,TFLite,efficientnet_lite0,park_bench.JPEG,lakeside,44,59,18,0,0,2
1743861117617,samsung SM-S928B,TFLite,efficientnet_lite0_int8,park_bench.JPEG,pay-phone,95,69,13,397,0,0
1743861117617,samsung SM-S928B,PyTorch,mobilenet_v2,park_bench.JPEG,lakeside,21,69,85,2616,0,2
1743861117989,samsung SM-S928B,TFLite,efficientnet_lite0,parking_meter.JPEG,parking meter,48,43,21,2588,0,1
1743861117989,samsung SM-S928B,TFLite,efficientnet_lite0_int8,parking_meter.JPEG,pedestal,60,39,8,365,0,0
1743861117989,samsung SM-S928B,PyTorch,mobilenet_v2,parking_meter.JPEG,parking meter,14,03,125,0,0,1
1743861118318,samsung SM-S928B,TFLite,efficientnet_lite0,partridge.JPEG,partridge,69,35,18,2620,0,1
1743861118318,samsung SM-S928B,TFLite,efficientnet_lite0_int8,partridge.JPEG,partridge,78,04,8,349,0,1
1743861118318,samsung SM-S928B,PyTorch,mobilenet_v2,partridge.JPEG,partridge,50,90,88,2620,0,1
1743861118661,samsung SM-S928B,TFLite,efficientnet_lite0,passenger_car.JPEG,passenger car,90,47,19,0,0,1
1743861118661,samsung SM-S928B,TFLite,efficientnet_lite0_int8,passenger_car.JPEG,submarine,54,12,10,381,0,0
1743861118661,samsung SM-S928B,PyTorch,mobilenet_v2,passenger_car.JPEG,passenger car,95,40,91,2652,0,1
1743861119002,samsung SM-S928B,TFLite,efficientnet_lite0,patas.JPEG,patas,79,22,19,2604,0,1
1743861119002,samsung SM-S928B,TFLite,efficientnet_lite0_int8,patas.JPEG,long-horned beetle,73,73,10,0,0,0
1743861119002,samsung SM-S928B,PyTorch,mobilenet_v2,patas.JPEG,patas,57,45,90,2604,0,1
1743861119361,samsung SM-S928B,TFLite,efficientnet_lite0,patio.JPEG,patio,50,52,20,0,0,1
1743861119361,samsung SM-S928B,TFLite,efficientnet_lite0_int8,patio.JPEG,mortarboard,61,18,9,349,0,0
1743861119361,samsung SM-S928B,PyTorch,mobilenet_v2,patio.JPEG,patio,20,38,111,2704,0,1
1743861119710,samsung SM-S928B,TFLite,efficientnet_lite0,pay-phone.JPEG,pay-phone,87,32,20,2620,0,0
1743861119711,samsung SM-S928B,TFLite,efficientnet_lite0_int8,pay-phone.JPEG,golfcart,52,55,8,0,0,0
1743861119711,samsung SM-S928B,PyTorch,mobilenet_v2,pay-phone.JPEG,pay-phone,70,51,105,2936,0,0
1743861120056,samsung SM-S928B,TFLite,efficientnet_lite0,peacock.JPEG,peacock,97,53,18,0,0,0
1743861120057,samsung SM-S928B,TFLite,efficientnet_lite0_int8,peacock.JPEG,tench,50,20,9,381,0,0
1743861120057,samsung SM-S928B,PyTorch,mobilenet_v2,peacock.JPEG,peacock,98,22,101,2604,0,0
1743861120409,samsung SM-S928B,TFLite,efficientnet_lite0,pedestal.JPEG,pedestal,94,68,17,2636,0,1
1743861120409,samsung SM-S928B,TFLite,efficientnet_lite0_int8,pedestal.JPEG,beer glass,53,33,15,0,0,0
1743861120409,samsung SM-S928B,PyTorch,mobilenet_v2,pedestal.JPEG,water tower,25,85,88,2604,0,2
1743861120736,samsung SM-S928B,TFLite,efficientnet_lite0,pelican.JPEG,pelican,91,64,20,0,0,1
1743861120736,samsung SM-S928B,TFLite,efficientnet_lite0_int8,pelican.JPEG,little blue heron,50,98,8,365,0,0
1743861120736,samsung SM-S928B,PyTorch,mobilenet_v2,pelican.JPEG,pelican,64,33,85,2616,0,1
1743861121117,samsung SM-S928B,TFLite,efficientnet_lite0,pencil_box.JPEG,pencil box,99,07,17,2620,0,0
1743861121117,samsung SM-S928B,TFLite,efficientnet_lite0_int8,pencil_box.JPEG,washer,51,76,13,365,0,0
1743861121117,samsung SM-S928B,PyTorch,mobilenet_v2,pencil_box.JPEG,pencil box,64,18,114,3912,0,0
1743861121458,samsung SM-S928B,TFLite,efficientnet_lite0,pencil_sharpener.JPEG,pencil sharpener,40,25,19,0,0,0
1743861121458,samsung SM-S928B,TFLite,efficientnet_lite0_int8,pencil_sharpener.JPEG,wool,58,43,8,365,0,0
1743861121459,samsung SM-S928B,PyTorch,mobilenet_v2,pencil_sharpener.JPEG,pencil sharpener,6,37,92,2604,0,0
1743861121800,samsung SM-S928B,TFLite,efficientnet_lite0,perfume.JPEG,perfume,65,69,18,2620,0,1
1743861121800,samsung SM-S928B,TFLite,efficientnet_lite0_int8,perfume.JPEG,wool,70,98,9,0,0,0
1743861121800,samsung SM-S928B,PyTorch,mobilenet_v2,perfume.JPEG,perfume,45,72,87,2604,0,1
1743861122147,samsung SM-S928B,TFLite,efficientnet_lite0,photocopier.JPEG,photocopier,21,74,19,0,0,1
1743861122147,samsung SM-S928B,TFLite,efficientnet_lite0_int8,photocopier.JPEG,velvet,78,43,8,365,0,0
1743861122147,samsung SM-S928B,PyTorch,mobilenet_v2,photocopier.JPEG,printer,13,42,104,2936,0,2
1743861122421,samsung SM-S928B,TFLite,efficientnet_lite0,pick.JPEG,rock beauty,7,43,27,0,0,4
1743861122422,samsung SM-S928B,TFLite,efficientnet_lite0_int8,pick.JPEG,harvester,63,14,7,365,0,0
1743861122422,samsung SM-S928B,PyTorch,mobilenet_v2,pick.JPEG,envelope,32,63,52,680,0,5
1743861122714,samsung SM-S928B,TFLite,efficientnet_lite0,pickelhaube.JPEG,pickelhaube,97,42,18,2604,0,0
1743861122714,samsung SM-S928B,TFLite,efficientnet_lite0_int8,pickelhaube.JPEG,minivan,53,73,7,349,0,0
1743861122714,samsung SM-S928B,PyTorch,mobilenet_v2,pickelhaube.JPEG,pickelhaube,99,89,79,0,0,0
1743861123043,samsung SM-S928B,TFLite,efficientnet_lite0,picket_fence.JPEG,picket fence,84,50,20,2588,0,0
1743861123043,samsung SM-S928B,TFLite,efficientnet_lite0_int8,picket_fence.JPEG,web site,50,59,7,349,0,0
1743861123044,samsung SM-S928B,PyTorch,mobilenet_v2,picket_fence.JPEG,picket fence,19,67,91,2604,0,0
1743861123551,samsung SM-S928B,TFLite,efficientnet_lite0,pickup.JPEG,pickup,33,58,19,2620,0,0
1743861123552,samsung SM-S928B,TFLite,efficientnet_lite0_int8,pickup.JPEG,pillow,89,80,15,0,0,0
1743861123552,samsung SM-S928B,PyTorch,mobilenet_v2,pickup.JPEG,beach wagon,13,13,197,5556,0,0
1743861123904,samsung SM-S928B,TFLite,efficientnet_lite0,pier.JPEG,pier,82,22,19,2604,0,0
1743861123904,samsung SM-S928B,TFLite,efficientnet_lite0_int8,pier.JPEG,stone wall,54,90,7,365,0,0
1743861123904,samsung SM-S928B,PyTorch,mobilenet_v2,pier.JPEG,pier,43,88,118,2936,0,0
1743861124240,samsung SM-S928B,TFLite,efficientnet_lite0,piggy_bank.JPEG,piggy bank,99,09,19,2572,0,1
1743861124240,samsung SM-S928B,TFLite,efficientnet_lite0_int8,piggy_bank.JPEG,tench,50,20,7,349,0,0
1743861124240,samsung SM-S928B,PyTorch,mobilenet_v2,piggy_bank.JPEG,piggy bank,96,12,99,0,0,1
1743861124626,samsung SM-S928B,TFLite,efficientnet_lite0,pill_bottle.JPEG,pill bottle,36,72,19,2588,0,1
1743861124626,samsung SM-S928B,TFLite,efficientnet_lite0_int8,pill_bottle.JPEG,pirate,76,08,7,349,0,0
1743861124626,samsung SM-S928B,PyTorch,mobilenet_v2,pill_bottle.JPEG,paper towel,1,71,145,4224,0,4
1743861124972,samsung SM-S928B,TFLite,efficientnet_lite0,pillow.JPEG,pillow,99,46,20,2620,0,1
1743861124972,samsung SM-S928B,TFLite,efficientnet_lite0_int8,pillow.JPEG,tench,50,20,8,0,0,0
1743861124972,samsung SM-S928B,PyTorch,mobilenet_v2,pillow.JPEG,pillow,96,96,101,2936,0,1
1743861125315,samsung SM-S928B,TFLite,efficientnet_lite0,pineapple.JPEG,pineapple,96,68,18,0,0,1
1743861125315,samsung SM-S928B,TFLite,efficientnet_lite0_int8,pineapple.JPEG,tench,50,20,11,365,0,0
1743861125315,samsung SM-S928B,PyTorch,mobilenet_v2,pineapple.JPEG,pineapple,70,22,92,2936,0,1
1743861125580,samsung SM-S928B,TFLite,efficientnet_lite0,ping-pong_ball.JPEG,measuring cup,16,33,18,0,0,0
1743861125580,samsung SM-S928B,TFLite,efficientnet_lite0_int8,ping-pong_ball.JPEG,gas pump,56,47,8,349,0,0
1743861125581,samsung SM-S928B,PyTorch,mobilenet_v2,ping-pong_ball.JPEG,medicine chest,21,33,53,608,0,0
1743861125884,samsung SM-S928B,TFLite,efficientnet_lite0,pinwheel.JPEG,pinwheel,94,36,20,2588,0,0
1743861125884,samsung SM-S928B,TFLite,efficientnet_lite0_int8,pinwheel.JPEG,hamper,50,59,7,365,0,0
1743861125884,samsung SM-S928B,PyTorch,mobilenet_v2,pinwheel.JPEG,pinwheel,99,97,76,1916,0,0
1743861126221,samsung SM-S928B,TFLite,efficientnet_lite0,pirate.JPEG,pirate,79,87,19,2588,0,1
1743861126221,samsung SM-S928B,TFLite,efficientnet_lite0_int8,pirate.JPEG,comic book,55,29,7,349,0,0
1743861126221,samsung SM-S928B,PyTorch,mobilenet_v2,pirate.JPEG,pirate,36,89,91,2800,0,1
1743861126569,samsung SM-S928B,TFLite,efficientnet_lite0,pitcher.JPEG,pitcher,41,18,18,2588,0,1
1743861126569,samsung SM-S928B,TFLite,efficientnet_lite0_int8,pitcher.JPEG,wig,76,47,7,349,0,0
1743861126569,samsung SM-S928B,PyTorch,mobilenet_v2,pitcher.JPEG,water jug,17,59,116,0,0,3
1743861126914,samsung SM-S928B,TFLite,efficientnet_lite0,pizza.JPEG,pizza,93,05,20,0,0,1
1743861126914,samsung SM-S928B,TFLite,efficientnet_lite0_int8,pizza.JPEG,bagel,50,98,8,381,0,0
1743861126914,samsung SM-S928B,PyTorch,mobilenet_v2,pizza.JPEG,pizza,86,42,97,2936,0,1
1743861127231,samsung SM-S928B,TFLite,efficientnet_lite0,plane.JPEG,plane,48,49,45,0,0,1
1743861127231,samsung SM-S928B,TFLite,efficientnet_lite0_int8,plane.JPEG,jersey,72,16,7,365,0,0
1743861127231,samsung SM-S928B,PyTorch,mobilenet_v2,plane.JPEG,shoe shop,22,04,73,1200,0,2
1743861127642,samsung SM-S928B,TFLite,efficientnet_lite0,planetarium.JPEG,planetarium,65,61,19,0,0,0
1743861127642,samsung SM-S928B,TFLite,efficientnet_lite0_int8,planetarium.JPEG,steel drum,65,10,7,365,0,0
1743861127642,samsung SM-S928B,PyTorch,mobilenet_v2,planetarium.JPEG,planetarium,5,68,163,2506,0,0
1743861127968,samsung SM-S928B,TFLite,efficientnet_lite0,plastic_bag.JPEG,plastic bag,68,41,19,2604,0,1
1743861127968,samsung SM-S928B,TFLite,efficientnet_lite0_int8,plastic_bag.JPEG,paintbrush,62,75,7,349,0,0
1743861127968,samsung SM-S928B,PyTorch,mobilenet_v2,plastic_bag.JPEG,plastic bag,69,42,92,2984,0,1
1743861128338,samsung SM-S928B,TFLite,efficientnet_lite0,plate.JPEG,plate,66,52,17,2620,0,0
1743861128339,samsung SM-S928B,TFLite,efficientnet_lite0_int8,plate.JPEG,red wine,61,96,9,0,0,0
1743861128339,samsung SM-S928B,PyTorch,mobilenet_v2,plate.JPEG,plate,27,10,98,2972,0,0
1743861128722,samsung SM-S928B,TFLite,efficientnet_lite0,plate_rack.JPEG,plate rack,97,88,19,0,0,1
1743861128722,samsung SM-S928B,TFLite,efficientnet_lite0_int8,plate_rack.JPEG,military uniform,51,37,8,349,0,0
1743861128722,samsung SM-S928B,PyTorch,mobilenet_v2,plate_rack.JPEG,washbasin,11,53,126,3912,0,5
1743861129011,samsung SM-S928B,TFLite,efficientnet_lite0,platypus.JPEG,platypus,99,74,17,2636,0,1
1743861129011,samsung SM-S928B,TFLite,efficientnet_lite0_int8,platypus.JPEG,tench,50,20,13,365,0,0
1743861129011,samsung SM-S928B,PyTorch,mobilenet_v2,platypus.JPEG,platypus,93,35,44,352,0,1
1743861129357,samsung SM-S928B,TFLite,efficientnet_lite0,plow.JPEG,harvester,36,65,19,2588,0,3
1743861129357,samsung SM-S928B,TFLite,efficientnet_lite0_int8,plow.JPEG,police van,61,57,7,365,0,0
1743861129357,samsung SM-S928B,PyTorch,mobilenet_v2,plow.JPEG,thresher,29,33,107,0,0,3
1743861129806,samsung SM-S928B,TFLite,efficientnet_lite0,plunger.JPEG,plunger,98,30,19,2604,0,1
1743861129807,samsung SM-S928B,TFLite,efficientnet_lite0_int8,plunger.JPEG,lens cap,50,59,8,0,0,0
1743861129807,samsung SM-S928B,PyTorch,mobilenet_v2,plunger.JPEG,plunger,18,79,180,5440,0,1
1743861130134,samsung SM-S928B,TFLite,efficientnet_lite0,pole.JPEG,pole,91,92,19,2604,0,0
1743861130134,samsung SM-S928B,TFLite,efficientnet_lite0_int8,pole.JPEG,ping-pong ball,58,43,7,349,0,0
1743861130134,samsung SM-S928B,PyTorch,mobilenet_v2,pole.JPEG,pole,63,32,96,0,0,0
1743861130455,samsung SM-S928B,TFLite,efficientnet_lite0,polecat.JPEG,weasel,59,52,18,2604,0,2
1743861130455,samsung SM-S928B,TFLite,efficientnet_lite0_int8,polecat.JPEG,badger,61,18,8,365,0,0
1743861130455,samsung SM-S928B,PyTorch,mobilenet_v2,polecat.JPEG,polecat,31,43,87,2600,0,1
1743861130819,samsung SM-S928B,TFLite,efficientnet_lite0,police_van.JPEG,police van,21,07,18,0,0,1
1743861130819,samsung SM-S928B,TFLite,efficientnet_lite0_int8,police_van.JPEG,mobile home,86,27,8,381,0,0
1743861130819,samsung SM-S928B,PyTorch,mobilenet_v2,police_van.JPEG,minivan,15,95,96,2936,0,2
1743861131190,samsung SM-S928B,TFLite,efficientnet_lite0,pomegranate.JPEG,pomegranate,96,95,19,2604,0,1
1743861131191,samsung SM-S928B,TFLite,efficientnet_lite0_int8,pomegranate.JPEG,tench,50,20,14,0,0,0
1743861131191,samsung SM-S928B,PyTorch,mobilenet_v2,pomegranate.JPEG,pomegranate,95,70,95,2936,0,1
1743861131543,samsung SM-S928B,TFLite,efficientnet_lite0,poncho.JPEG,poncho,68,93,19,0,0,1
1743861131543,samsung SM-S928B,TFLite,efficientnet_lite0_int8,poncho.JPEG,strainer,56,08,12,381,0,0
1743861131543,samsung SM-S928B,PyTorch,mobilenet_v2,poncho.JPEG,poncho,54,53,93,2956,0,1
1743861131857,samsung SM-S928B,TFLite,efficientnet_lite0,pool_table.JPEG,spotlight,44,03,17,0,0,0
1743861131857,samsung SM-S928B,TFLite,efficientnet_lite0_int8,pool_table.JPEG,steel drum,84,71,7,365,0,0
1743861131857,samsung SM-S928B,PyTorch,mobilenet_v2,pool_table.JPEG,spotlight,53,50,91,2936,0,5
1743861132199,samsung SM-S928B,TFLite,efficientnet_lite0,pop_bottle.JPEG,pop bottle,42,82,17,2588,0,1
1743861132199,samsung SM-S928B,TFLite,efficientnet_lite0_int8,pop_bottle.JPEG,prayer rug,78,43,7,0,0,0
1743861132200,samsung SM-S928B,PyTorch,mobilenet_v2,pop_bottle.JPEG,pop bottle,48,81,102,2620,0,1
1743861132525,samsung SM-S928B,TFLite,efficientnet_lite0,porcupine.JPEG,porcupine,89,72,20,2604,0,1
1743861132526,samsung SM-S928B,TFLite,efficientnet_lite0_int8,porcupine.JPEG,hog,52,55,8,349,0,0
1743861132526,samsung SM-S928B,PyTorch,mobilenet_v2,porcupine.JPEG,porcupine,29,44,82,2604,0,1
1743861132864,samsung SM-S928B,TFLite,efficientnet_lite0,pot.JPEG,pot,87,67,17,2636,0,0
1743861132864,samsung SM-S928B,TFLite,efficientnet_lite0_int8,pot.JPEG,pencil sharpener,54,51,14,0,0,0
1743861132864,samsung SM-S928B,PyTorch,mobilenet_v2,pot.JPEG,picket fence,37,15,86,2604,0,0
1743861133180,samsung SM-S928B,TFLite,efficientnet_lite0,potpie.JPEG,potpie,84,81,19,0,0,0
1743861133180,samsung SM-S928B,TFLite,efficientnet_lite0_int8,potpie.JPEG,hotdog,51,37,7,365,0,0
1743861133180,samsung SM-S928B,PyTorch,mobilenet_v2,potpie.JPEG,potpie,55,85,92,2700,0,0
1743861133512,samsung SM-S928B,TFLite,efficientnet_lite0,potter's_wheel.JPEG,potter's wheel,49,57,18,0,0,0
1743861133512,samsung SM-S928B,TFLite,efficientnet_lite0_int8,potter's_wheel.JPEG,prison,76,08,8,365,0,0
1743861133512,samsung SM-S928B,PyTorch,mobilenet_v2,potter's_wheel.JPEG,barbershop,4,44,88,2604,0,0
1743861133852,samsung SM-S928B,TFLite,efficientnet_lite0,power_drill.JPEG,screwdriver,22,99,20,0,0,3
1743861133852,samsung SM-S928B,TFLite,efficientnet_lite0_int8,power_drill.JPEG,hatchet,63,14,7,365,0,0
1743861133852,samsung SM-S928B,PyTorch,mobilenet_v2,power_drill.JPEG,screwdriver,7,45,103,2936,0,0
1743861134143,samsung SM-S928B,TFLite,efficientnet_lite0,prairie_chicken.JPEG,prairie chicken,96,80,22,0,0,1
1743861134143,samsung SM-S928B,TFLite,efficientnet_lite0_int8,prairie_chicken.JPEG,fox squirrel,50,59,8,365,0,0
1743861134143,samsung SM-S928B,PyTorch,mobilenet_v2,prairie_chicken.JPEG,prairie chicken,99,97,62,1472,0,1
1743861134401,samsung SM-S928B,TFLite,efficientnet_lite0,prayer_rug.JPEG,prayer rug,87,48,17,0,0,1
1743861134401,samsung SM-S928B,TFLite,efficientnet_lite0_int8,prayer_rug.JPEG,knee pad,51,37,8,413,0,0
1743861134401,samsung SM-S928B,PyTorch,mobilenet_v2,prayer_rug.JPEG,prayer rug,98,90,50,632,0,1
1743861134736,samsung SM-S928B,TFLite,efficientnet_lite0,pretzel.JPEG,pretzel,80,25,19,2620,0,1
1743861134737,samsung SM-S928B,TFLite,efficientnet_lite0_int8,pretzel.JPEG,head cabbage,70,59,7,0,0,0
1743861134737,samsung SM-S928B,PyTorch,mobilenet_v2,pretzel.JPEG,pretzel,97,04,104,2936,0,1
1743861135102,samsung SM-S928B,TFLite,efficientnet_lite0,printer.JPEG,printer,57,04,18,0,0,1
1743861135102,samsung SM-S928B,TFLite,efficientnet_lite0_int8,printer.JPEG,puck,74,12,13,381,0,0
1743861135102,samsung SM-S928B,PyTorch,mobilenet_v2,printer.JPEG,printer,18,72,103,2936,0,1
1743861135428,samsung SM-S928B,TFLite,efficientnet_lite0,prison.JPEG,prison,8,82,19,2588,0,1
1743861135428,samsung SM-S928B,TFLite,efficientnet_lite0_int8,prison.JPEG,pickelhaube,60,39,7,0,0,0
1743861135428,samsung SM-S928B,PyTorch,mobilenet_v2,prison.JPEG,prison,15,43,85,2620,0,1
1743861135788,samsung SM-S928B,TFLite,efficientnet_lite0,proboscis_monkey.JPEG,proboscis monkey,89,36,20,0,0,1
1743861135788,samsung SM-S928B,TFLite,efficientnet_lite0_int8,proboscis_monkey.JPEG,marmoset,57,65,8,365,0,4
1743861135788,samsung SM-S928B,PyTorch,mobilenet_v2,proboscis_monkey.JPEG,proboscis monkey,77,23,112,3256,0,1
1743861136111,samsung SM-S928B,TFLite,efficientnet_lite0,projectile.JPEG,projectile,71,64,19,2620,0,1
1743861136111,samsung SM-S928B,TFLite,efficientnet_lite0_int8,projectile.JPEG,racer,66,67,8,0,0,0
1743861136111,samsung SM-S928B,PyTorch,mobilenet_v2,projectile.JPEG,projectile,19,10,90,2632,0,1
1743861136437,samsung SM-S928B,TFLite,efficientnet_lite0,projector.JPEG,sewing machine,16,46,19,0,0,0
1743861136437,samsung SM-S928B,TFLite,efficientnet_lite0_int8,projector.JPEG,steel drum,65,88,9,365,0,0
1743861136437,samsung SM-S928B,PyTorch,mobilenet_v2,projector.JPEG,projector,6,88,85,2616,0,1
1743861136965,samsung SM-S928B,TFLite,efficientnet_lite0,promontory.JPEG,seashore,29,89,17,2604,0,2
1743861136965,samsung SM-S928B,TFLite,efficientnet_lite0_int8,promontory.JPEG,valley,75,69,8,0,0,0
1743861136965,samsung SM-S928B,PyTorch,mobilenet_v2,promontory.JPEG,seashore,23,01,251,5027,0,3
1743861137298,samsung SM-S928B,TFLite,efficientnet_lite0,ptarmigan.JPEG,ptarmigan,95,42,19,2604,0,1
1743861137298,samsung SM-S928B,TFLite,efficientnet_lite0_int8,ptarmigan.JPEG,sea lion,53,33,8,365,0,0
1743861137298,samsung SM-S928B,PyTorch,mobilenet_v2,ptarmigan.JPEG,ptarmigan,60,52,96,2832,0,1
1743861137644,samsung SM-S928B,TFLite,efficientnet_lite0,puck.JPEG,puck,94,12,17,2604,0,1
1743861137644,samsung SM-S928B,TFLite,efficientnet_lite0_int8,puck.JPEG,sliding door,51,76,9,365,0,0
1743861137644,samsung SM-S928B,PyTorch,mobilenet_v2,puck.JPEG,puck,99,84,98,2296,0,1
1743861137965,samsung SM-S928B,TFLite,efficientnet_lite0,puffer.JPEG,puffer,91,25,19,0,0,1
1743861137965,samsung SM-S928B,TFLite,efficientnet_lite0_int8,puffer.JPEG,sturgeon,52,94,8,365,0,0
1743861137966,samsung SM-S928B,PyTorch,mobilenet_v2,puffer.JPEG,puffer,87,55,86,2604,0,1
1743861138303,samsung SM-S928B,TFLite,efficientnet_lite0,pug.JPEG,pug,66,02,17,0,0,1
1743861138304,samsung SM-S928B,TFLite,efficientnet_lite0_int8,pug.JPEG,Samoyed,91,37,8,365,0,0
1743861138304,samsung SM-S928B,PyTorch,mobilenet_v2,pug.JPEG,wig,3,07,95,2936,0,2
1743861138570,samsung SM-S928B,TFLite,efficientnet_lite0,punching_bag.JPEG,punching bag,99,06,18,0,0,1
1743861138570,samsung SM-S928B,TFLite,efficientnet_lite0_int8,punching_bag.JPEG,wool,50,59,9,365,0,0
1743861138570,samsung SM-S928B,PyTorch,mobilenet_v2,punching_bag.JPEG,punching bag,100,00,41,352,0,1
1743861138911,samsung SM-S928B,TFLite,efficientnet_lite0,purse.JPEG,purse,80,22,17,2604,0,1
1743861138912,samsung SM-S928B,TFLite,efficientnet_lite0_int8,purse.JPEG,manhole cover,67,06,7,349,0,0
1743861138912,samsung SM-S928B,PyTorch,mobilenet_v2,purse.JPEG,purse,36,65,107,0,0,1
1743861139261,samsung SM-S928B,TFLite,efficientnet_lite0,quail.JPEG,hen,40,24,19,2604,0,0
1743861139261,samsung SM-S928B,TFLite,efficientnet_lite0_int8,quail.JPEG,microphone,92,94,7,365,0,0
1743861139261,samsung SM-S928B,PyTorch,mobilenet_v2,quail.JPEG,quail,41,83,105,3244,0,1
1743861139766,samsung SM-S928B,TFLite,efficientnet_lite0,quill.JPEG,quill,65,80,18,0,0,1
1743861139766,samsung SM-S928B,TFLite,efficientnet_lite0_int8,quill.JPEG,radiator,95,29,8,365,0,0
1743861139766,samsung SM-S928B,PyTorch,mobilenet_v2,quill.JPEG,quill,22,90,212,591,0,1
1743861140106,samsung SM-S928B,TFLite,efficientnet_lite0,quilt.JPEG,quilt,90,10,20,2588,0,1
1743861140107,samsung SM-S928B,TFLite,efficientnet_lite0_int8,quilt.JPEG,sundial,53,33,8,365,0,0
1743861140107,samsung SM-S928B,PyTorch,mobilenet_v2,quilt.JPEG,cowboy boot,3,45,99,3304,0,0
1743861140473,samsung SM-S928B,TFLite,efficientnet_lite0,racer.JPEG,racer,38,78,17,2588,0,1
1743861140473,samsung SM-S928B,TFLite,efficientnet_lite0_int8,racer.JPEG,radio telescope,73,33,7,349,0,0
1743861140473,samsung SM-S928B,PyTorch,mobilenet_v2,racer.JPEG,sports car,24,67,137,0,0,2
1743861140824,samsung SM-S928B,TFLite,efficientnet_lite0,racket.JPEG,racket,40,67,20,2588,0,1
1743861140824,samsung SM-S928B,TFLite,efficientnet_lite0_int8,racket.JPEG,rain barrel,94,90,7,381,0,0
1743861140824,samsung SM-S928B,PyTorch,mobilenet_v2,racket.JPEG,racket,35,17,104,3608,0,1
1743861141199,samsung SM-S928B,TFLite,efficientnet_lite0,radiator.JPEG,radiator,62,43,17,2620,0,1
1743861141199,samsung SM-S928B,TFLite,efficientnet_lite0_int8,radiator.JPEG,water tower,56,47,9,0,0,0
1743861141200,samsung SM-S928B,PyTorch,mobilenet_v2,radiator.JPEG,radiator,22,59,91,2936,0,1
1743861141547,samsung SM-S928B,TFLite,efficientnet_lite0,radio.JPEG,oxygen mask,67,67,20,0,0,0
1743861141547,samsung SM-S928B,TFLite,efficientnet_lite0_int8,radio.JPEG,padlock,71,37,8,365,0,0
1743861141547,samsung SM-S928B,PyTorch,mobilenet_v2,radio.JPEG,military uniform,13,19,100,2972,0,0
1743861141870,samsung SM-S928B,TFLite,efficientnet_lite0,radio_telescope.JPEG,radio telescope,95,71,17,0,0,4
1743861141870,samsung SM-S928B,TFLite,efficientnet_lite0_int8,radio_telescope.JPEG,space heater,50,98,7,381,0,0
1743861141870,samsung SM-S928B,PyTorch,mobilenet_v2,radio_telescope.JPEG,radio telescope,93,11,99,2604,0,0
1743861142134,samsung SM-S928B,TFLite,efficientnet_lite0,rain_barrel.JPEG,rain barrel,98,86,19,2604,0,3
1743861142134,samsung SM-S928B,TFLite,efficientnet_lite0_int8,rain_barrel.JPEG,vending machine,50,98,7,349,0,0
1743861142134,samsung SM-S928B,PyTorch,mobilenet_v2,rain_barrel.JPEG,rain barrel,99,55,50,0,0,3
1743861142454,samsung SM-S928B,TFLite,efficientnet_lite0,ram.JPEG,ram,89,38,19,2588,0,0
1743861142455,samsung SM-S928B,TFLite,efficientnet_lite0_int8,ram.JPEG,gazelle,56,86,7,381,0,0
1743861142455,samsung SM-S928B,PyTorch,mobilenet_v2,ram.JPEG,ram,84,61,89,2600,0,0
1743861142822,samsung SM-S928B,TFLite,efficientnet_lite0,rapeseed.JPEG,rapeseed,94,25,18,2620,0,1
1743861142822,samsung SM-S928B,TFLite,efficientnet_lite0_int8,rapeseed.JPEG,baseball,50,59,10,365,0,0
1743861142823,samsung SM-S928B,PyTorch,mobilenet_v2,rapeseed.JPEG,rapeseed,96,39,109,2936,0,1
1743861143158,samsung SM-S928B,TFLite,efficientnet_lite0,recreational_vehicle.JPEG,recreational vehicle,65,20,20,0,0,1
1743861143158,samsung SM-S928B,TFLite,efficientnet_lite0_int8,recreational_vehicle.JPEG,monitor,89,02,7,365,0,0
1743861143158,samsung SM-S928B,PyTorch,mobilenet_v2,recreational_vehicle.JPEG,recreational vehicle,38,80,102,2936,0,1
1743861143467,samsung SM-S928B,TFLite,efficientnet_lite0,red-backed_sandpiper.JPEG,red-backed sandpiper,94,72,17,0,0,0
1743861143467,samsung SM-S928B,TFLite,efficientnet_lite0_int8,red-backed_sandpiper.JPEG,oystercatcher,51,37,7,349,0,0
1743861143467,samsung SM-S928B,PyTorch,mobilenet_v2,red-backed_sandpiper.JPEG,red-backed sandpiper,48,43,88,2544,0,0
1743861143787,samsung SM-S928B,TFLite,efficientnet_lite0,red-breasted_merganser.JPEG,ruddy turnstone,39,28,17,2588,0,0
1743861143788,samsung SM-S928B,TFLite,efficientnet_lite0_int8,red-breasted_merganser.JPEG,oystercatcher,74,12,7,365,0,0
1743861143788,samsung SM-S928B,PyTorch,mobilenet_v2,red-breasted_merganser.JPEG,red-breasted merganser,31,95,91,0,0,0
1743861144101,samsung SM-S928B,TFLite,efficientnet_lite0,red_fox.JPEG,grey fox,27,11,19,2604,0,0
1743861144101,samsung SM-S928B,TFLite,efficientnet_lite0_int8,red_fox.JPEG,tabby,79,22,7,349,0,0
1743861144101,samsung SM-S928B,PyTorch,mobilenet_v2,red_fox.JPEG,red fox,7,47,78,2604,0,0
1743861144442,samsung SM-S928B,TFLite,efficientnet_lite0,red_wine.JPEG,wine bottle,49,00,17,2620,0,2
1743861144442,samsung SM-S928B,TFLite,efficientnet_lite0_int8,red_wine.JPEG,minibus,78,43,14,381,0,0
1743861144442,samsung SM-S928B,PyTorch,mobilenet_v2,red_wine.JPEG,red wine,13,21,81,2604,0,1
1743861144776,samsung SM-S928B,TFLite,efficientnet_lite0,red_wolf.JPEG,red wolf,91,44,19,0,0,1
1743861144776,samsung SM-S928B,TFLite,efficientnet_lite0_int8,red_wolf.JPEG,tabby,66,27,11,365,0,0
1743861144777,samsung SM-S928B,PyTorch,mobilenet_v2,red_wolf.JPEG,red wolf,51,51,85,2604,0,1
1743861145074,samsung SM-S928B,TFLite,efficientnet_lite0,redbone.JPEG,redbone,32,29,17,2636,0,1
1743861145074,samsung SM-S928B,TFLite,efficientnet_lite0_int8,redbone.JPEG,bloodhound,79,61,10,381,0,0
1743861145075,samsung SM-S928B,PyTorch,mobilenet_v2,redbone.JPEG,Rhodesian ridgeback,22,14,61,1400,0,2
1743861145413,samsung SM-S928B,TFLite,efficientnet_lite0,redshank.JPEG,redshank,73,71,19,2588,0,1
1743861145414,samsung SM-S928B,TFLite,efficientnet_lite0_int8,redshank.JPEG,albatross,54,90,7,349,0,0
1743861145414,samsung SM-S928B,PyTorch,mobilenet_v2,redshank.JPEG,redshank,54,70,105,0,0,1
1743861145719,samsung SM-S928B,TFLite,efficientnet_lite0,reel.JPEG,reel,88,24,19,2620,0,0
1743861145719,samsung SM-S928B,TFLite,efficientnet_lite0_int8,reel.JPEG,revolver,51,76,8,365,0,0
1743861145719,samsung SM-S928B,PyTorch,mobilenet_v2,reel.JPEG,reel,35,38,74,1880,0,0
1743861146063,samsung SM-S928B,TFLite,efficientnet_lite0,reflex_camera.JPEG,reflex camera,92,92,19,2588,0,1
1743861146063,samsung SM-S928B,TFLite,efficientnet_lite0_int8,reflex_camera.JPEG,pool table,51,76,7,381,0,0
1743861146063,samsung SM-S928B,PyTorch,mobilenet_v2,reflex_camera.JPEG,reflex camera,76,68,115,0,0,1
1743861146405,samsung SM-S928B,TFLite,efficientnet_lite0,refrigerator.JPEG,refrigerator,49,03,20,2604,0,1
1743861146405,samsung SM-S928B,TFLite,efficientnet_lite0_int8,refrigerator.JPEG,dome,74,51,8,0,0,0
1743861146405,samsung SM-S928B,PyTorch,mobilenet_v2,refrigerator.JPEG,refrigerator,33,24,105,2936,0,1
1743861146723,samsung SM-S928B,TFLite,efficientnet_lite0,remote_control.JPEG,modem,22,06,19,0,0,4
1743861146724,samsung SM-S928B,TFLite,efficientnet_lite0_int8,remote_control.JPEG,dishwasher,75,29,9,365,0,0
1743861146724,samsung SM-S928B,PyTorch,mobilenet_v2,remote_control.JPEG,switch,18,50,81,2200,0,3
1743861147063,samsung SM-S928B,TFLite,efficientnet_lite0,restaurant.JPEG,restaurant,69,15,17,2620,0,0
1743861147064,samsung SM-S928B,TFLite,efficientnet_lite0_int8,restaurant.JPEG,Band Aid,50,98,8,381,0,0
1743861147064,samsung SM-S928B,PyTorch,mobilenet_v2,restaurant.JPEG,restaurant,36,03,101,2604,0,0
1743861147331,samsung SM-S928B,TFLite,efficientnet_lite0,revolver.JPEG,revolver,80,17,19,0,0,1
1743861147331,samsung SM-S928B,TFLite,efficientnet_lite0_int8,revolver.JPEG,hoopskirt,60,78,8,349,0,0
1743861147331,samsung SM-S928B,PyTorch,mobilenet_v2,revolver.JPEG,violin,28,99,51,696,0,3
1743861147654,samsung SM-S928B,TFLite,efficientnet_lite0,rhinoceros_beetle.JPEG,rhinoceros beetle,88,01,17,2588,0,1
1743861147654,samsung SM-S928B,TFLite,efficientnet_lite0_int8,rhinoceros_beetle.JPEG,bee,69,80,7,381,0,2
1743861147654,samsung SM-S928B,PyTorch,mobilenet_v2,rhinoceros_beetle.JPEG,rhinoceros beetle,84,90,96,0,0,1
1743861148017,samsung SM-S928B,TFLite,efficientnet_lite0,rifle.JPEG,revolver,43,84,20,2620,0,4
1743861148017,samsung SM-S928B,TFLite,efficientnet_lite0_int8,rifle.JPEG,rugby ball,82,35,8,349,0,0
1743861148017,samsung SM-S928B,PyTorch,mobilenet_v2,rifle.JPEG,lighter,3,83,117,3100,0,0
1743861148354,samsung SM-S928B,TFLite,efficientnet_lite0,ringlet.JPEG,ringlet,76,69,20,0,0,1
1743861148354,samsung SM-S928B,TFLite,efficientnet_lite0_int8,ringlet.JPEG,sulphur butterfly,56,47,7,349,0,0
1743861148354,samsung SM-S928B,PyTorch,mobilenet_v2,ringlet.JPEG,ringlet,80,51,103,2936,0,1
1743861148698,samsung SM-S928B,TFLite,efficientnet_lite0,ringneck_snake.JPEG,ringneck snake,93,03,18,2636,0,1
1743861148698,samsung SM-S928B,TFLite,efficientnet_lite0_int8,ringneck_snake.JPEG,king snake,50,59,8,0,0,0
1743861148698,samsung SM-S928B,PyTorch,mobilenet_v2,ringneck_snake.JPEG,ringneck snake,71,00,99,2600,0,1
1743861149034,samsung SM-S928B,TFLite,efficientnet_lite0,robin.JPEG,robin,97,57,20,0,0,1
1743861149034,samsung SM-S928B,TFLite,efficientnet_lite0_int8,robin.JPEG,tench,50,20,8,365,0,0
1743861149034,samsung SM-S928B,PyTorch,mobilenet_v2,robin.JPEG,robin,71,97,103,2936,0,1
1743861149300,samsung SM-S928B,TFLite,efficientnet_lite0,rock_beauty.JPEG,rock beauty,72,90,17,0,0,1
1743861149301,samsung SM-S928B,TFLite,efficientnet_lite0_int8,rock_beauty.JPEG,accordion,58,43,7,365,0,0
1743861149301,samsung SM-S928B,PyTorch,mobilenet_v2,rock_beauty.JPEG,rock beauty,87,82,57,1320,0,1
1743861149626,samsung SM-S928B,TFLite,efficientnet_lite0,rock_crab.JPEG,rock crab,62,34,19,2588,0,1
1743861149626,samsung SM-S928B,TFLite,efficientnet_lite0_int8,rock_crab.JPEG,spiny lobster,83,14,7,365,0,0
1743861149626,samsung SM-S928B,PyTorch,mobilenet_v2,rock_crab.JPEG,bullfrog,9,95,95,0,0,2
1743861149981,samsung SM-S928B,TFLite,efficientnet_lite0,rock_python.JPEG,rock python,22,47,18,2588,0,1
1743861149981,samsung SM-S928B,TFLite,efficientnet_lite0_int8,rock_python.JPEG,horned viper,62,75,7,381,0,0
1743861149981,samsung SM-S928B,PyTorch,mobilenet_v2,rock_python.JPEG,rock python,54,60,120,2604,0,1
1743861150340,samsung SM-S928B,TFLite,efficientnet_lite0,rocking_chair.JPEG,rocking chair,96,77,19,2604,0,1
1743861150340,samsung SM-S928B,TFLite,efficientnet_lite0_int8,rocking_chair.JPEG,tench,50,20,8,0,0,0
1743861150340,samsung SM-S928B,PyTorch,mobilenet_v2,rocking_chair.JPEG,rocking chair,73,55,117,3544,0,1
1743861150692,samsung SM-S928B,TFLite,efficientnet_lite0,rotisserie.JPEG,rotisserie,68,97,19,0,0,1
1743861150692,samsung SM-S928B,TFLite,efficientnet_lite0_int8,rotisserie.JPEG,miniskirt,70,59,8,365,0,0
1743861150692,samsung SM-S928B,PyTorch,mobilenet_v2,rotisserie.JPEG,rotisserie,27,20,106,2936,0,1
1743861151012,samsung SM-S928B,TFLite,efficientnet_lite0,rubber_eraser.JPEG,slide rule,45,56,20,0,0,5
1743861151013,samsung SM-S928B,TFLite,efficientnet_lite0_int8,rubber_eraser.JPEG,snowmobile,81,57,7,365,0,0
1743861151013,samsung SM-S928B,PyTorch,mobilenet_v2,rubber_eraser.JPEG,rubber eraser,15,86,88,2604,0,1
1743861151350,samsung SM-S928B,TFLite,efficientnet_lite0,ruddy_turnstone.JPEG,ruddy turnstone,96,95,19,2604,0,1
1743861151350,samsung SM-S928B,TFLite,efficientnet_lite0_int8,ruddy_turnstone.JPEG,tench,50,20,7,349,0,0
1743861151351,samsung SM-S928B,PyTorch,mobilenet_v2,ruddy_turnstone.JPEG,ruddy turnstone,47,92,92,0,0,1
1743861151667,samsung SM-S928B,TFLite,efficientnet_lite0,ruffed_grouse.JPEG,ruffed grouse,86,49,20,2604,0,1
1743861151667,samsung SM-S928B,TFLite,efficientnet_lite0_int8,ruffed_grouse.JPEG,African grey,56,86,8,349,0,0
1743861151668,samsung SM-S928B,PyTorch,mobilenet_v2,ruffed_grouse.JPEG,ruffed grouse,21,66,83,2600,0,1
1743861152174,samsung SM-S928B,TFLite,efficientnet_lite0,rugby_ball.JPEG,rugby ball,40,66,17,0,0,1
1743861152174,samsung SM-S928B,TFLite,efficientnet_lite0_int8,rugby_ball.JPEG,safety pin,95,69,8,397,0,0
1743861152174,samsung SM-S928B,PyTorch,mobilenet_v2,rugby_ball.JPEG,rugby ball,46,81,237,1213,0,1
1743861152497,samsung SM-S928B,TFLite,efficientnet_lite0,rule.JPEG,rule,94,65,20,2588,0,1
1743861152497,samsung SM-S928B,TFLite,efficientnet_lite0_int8,rule.JPEG,snowmobile,50,59,7,365,0,0
1743861152497,samsung SM-S928B,PyTorch,mobilenet_v2,rule.JPEG,rule,96,04,92,2604,0,1
1743861152883,samsung SM-S928B,TFLite,efficientnet_lite0,running_shoe.JPEG,running shoe,97,67,17,2588,0,1
1743861152883,samsung SM-S928B,TFLite,efficientnet_lite0_int8,running_shoe.JPEG,scale,52,16,7,349,0,0
1743861152883,samsung SM-S928B,PyTorch,mobilenet_v2,running_shoe.JPEG,running shoe,85,73,155,0,0,1
1743861153132,samsung SM-S928B,TFLite,efficientnet_lite0,safe.JPEG,safe,90,71,19,2604,0,1
1743861153132,samsung SM-S928B,TFLite,efficientnet_lite0_int8,safe.JPEG,bobsled,52,16,7,349,0,0
1743861153132,samsung SM-S928B,PyTorch,mobilenet_v2,safe.JPEG,gas pump,30,49,40,284,0,0
1743861153455,samsung SM-S928B,TFLite,efficientnet_lite0,safety_pin.JPEG,safety pin,99,82,19,2636,0,0
1743861153455,samsung SM-S928B,TFLite,efficientnet_lite0_int8,safety_pin.JPEG,lifeboat,50,59,7,349,0,0
1743861153455,samsung SM-S928B,PyTorch,mobilenet_v2,safety_pin.JPEG,safety pin,90,13,92,0,0,0
1743861153801,samsung SM-S928B,TFLite,efficientnet_lite0,saltshaker.JPEG,soap dispenser,8,08,18,0,0,2
1743861153801,samsung SM-S928B,TFLite,efficientnet_lite0_int8,saltshaker.JPEG,Unknown,57,65,8,365,0,0
1743861153801,samsung SM-S928B,PyTorch,mobilenet_v2,saltshaker.JPEG,saltshaker,11,66,110,2684,0,1
1743861154137,samsung SM-S928B,TFLite,efficientnet_lite0,sandal.JPEG,sandal,28,19,19,0,0,1
1743861154137,samsung SM-S928B,TFLite,efficientnet_lite0_int8,sandal.JPEG,scale,68,24,8,365,0,0
1743861154137,samsung SM-S928B,PyTorch,mobilenet_v2,sandal.JPEG,purse,2,86,100,2732,0,0
1743861154495,samsung SM-S928B,TFLite,efficientnet_lite0,sandbar.JPEG,sandbar,70,48,19,0,0,1
1743861154496,samsung SM-S928B,TFLite,efficientnet_lite0_int8,sandbar.JPEG,groom,76,47,7,365,0,0
1743861154496,samsung SM-S928B,PyTorch,mobilenet_v2,sandbar.JPEG,sandbar,59,17,113,2936,0,1
1743861154807,samsung SM-S928B,TFLite,efficientnet_lite0,sarong.JPEG,sarong,40,23,21,0,0,1
1743861154807,samsung SM-S928B,TFLite,efficientnet_lite0_int8,sarong.JPEG,school bus,72,55,7,381,0,0
1743861154807,samsung SM-S928B,PyTorch,mobilenet_v2,sarong.JPEG,gown,33,64,84,2028,0,2
1743861155152,samsung SM-S928B,TFLite,efficientnet_lite0,sax.JPEG,sax,88,96,17,0,0,1
1743861155152,samsung SM-S928B,TFLite,efficientnet_lite0_int8,sax.JPEG,grocery store,50,98,8,381,0,0
1743861155152,samsung SM-S928B,PyTorch,mobilenet_v2,sax.JPEG,sax,9,67,115,3128,0,1
1743861155501,samsung SM-S928B,TFLite,efficientnet_lite0,scabbard.JPEG,scabbard,97,16,20,2604,0,0
1743861155501,samsung SM-S928B,TFLite,efficientnet_lite0_int8,scabbard.JPEG,limousine,54,12,10,0,0,0
1743861155501,samsung SM-S928B,PyTorch,mobilenet_v2,scabbard.JPEG,scabbard,84,02,111,3608,0,0
1743861155838,samsung SM-S928B,TFLite,efficientnet_lite0,scale.JPEG,scale,94,00,19,0,0,1
1743861155838,samsung SM-S928B,TFLite,efficientnet_lite0_int8,scale.JPEG,stretcher,58,43,8,365,0,0
1743861155838,samsung SM-S928B,PyTorch,mobilenet_v2,scale.JPEG,scale,99,16,89,2604,0,1
1743861156188,samsung SM-S928B,TFLite,efficientnet_lite0,schipperke.JPEG,schipperke,93,88,17,2604,0,1
1743861156188,samsung SM-S928B,TFLite,efficientnet_lite0_int8,schipperke.JPEG,EntleBucher,52,94,7,0,0,0
1743861156188,samsung SM-S928B,PyTorch,mobilenet_v2,schipperke.JPEG,schipperke,40,95,111,2952,0,1
1743861156508,samsung SM-S928B,TFLite,efficientnet_lite0,school_bus.JPEG,school bus,51,57,20,0,0,1
1743861156509,samsung SM-S928B,TFLite,efficientnet_lite0_int8,school_bus.JPEG,screw,97,25,7,365,0,0
1743861156509,samsung SM-S928B,PyTorch,mobilenet_v2,school_bus.JPEG,school bus,74,16,88,2616,0,1
1743861156833,samsung SM-S928B,TFLite,efficientnet_lite0,schooner.JPEG,dock,58,33,17,2636,0,4
1743861156833,samsung SM-S928B,TFLite,efficientnet_lite0_int8,schooner.JPEG,drilling platform,78,82,8,0,0,0
1743861156833,samsung SM-S928B,PyTorch,mobilenet_v2,schooner.JPEG,dock,39,11,85,2620,0,3
1743861157311,samsung SM-S928B,TFLite,efficientnet_lite0,scoreboard.JPEG,scoreboard,95,62,20,0,0,1
1743861157311,samsung SM-S928B,TFLite,efficientnet_lite0_int8,scoreboard.JPEG,soap dispenser,50,59,8,349,0,0
1743861157311,samsung SM-S928B,PyTorch,mobilenet_v2,scoreboard.JPEG,scoreboard,83,19,204,4623,0,1
1743861157633,samsung SM-S928B,TFLite,efficientnet_lite0,scorpion.JPEG,scorpion,98,55,19,2620,0,1
1743861157633,samsung SM-S928B,TFLite,efficientnet_lite0_int8,scorpion.JPEG,isopod,50,59,8,349,0,0
1743861157634,samsung SM-S928B,PyTorch,mobilenet_v2,scorpion.JPEG,scorpion,66,71,84,2604,0,1
1743861157986,samsung SM-S928B,TFLite,efficientnet_lite0,screen.JPEG,television,50,16,17,2620,0,0
1743861157986,samsung SM-S928B,TFLite,efficientnet_lite0_int8,screen.JPEG,thimble,74,90,13,0,0,0
1743861157986,samsung SM-S928B,PyTorch,mobilenet_v2,screen.JPEG,television,38,80,91,2544,0,0
1743861158300,samsung SM-S928B,TFLite,efficientnet_lite0,screw.JPEG,screw,94,30,20,0,0,0
1743861158300,samsung SM-S928B,TFLite,efficientnet_lite0_int8,screw.JPEG,notebook,50,59,8,381,0,0
1743861158300,samsung SM-S928B,PyTorch,mobilenet_v2,screw.JPEG,screw,99,47,85,2288,0,0
1743861158642,samsung SM-S928B,TFLite,efficientnet_lite0,screwdriver.JPEG,screwdriver,90,78,20,2620,0,0
1743861158642,samsung SM-S928B,TFLite,efficientnet_lite0_int8,screwdriver.JPEG,projectile,52,55,21,0,0,0
1743861158642,samsung SM-S928B,PyTorch,mobilenet_v2,screwdriver.JPEG,screwdriver,61,18,94,2936,0,0
1743861159003,samsung SM-S928B,TFLite,efficientnet_lite0,scuba_diver.JPEG,scuba diver,69,15,18,0,0,1
1743861159003,samsung SM-S928B,TFLite,efficientnet_lite0_int8,scuba_diver.JPEG,golf ball,89,41,13,381,0,0
1743861159003,samsung SM-S928B,PyTorch,mobilenet_v2,scuba_diver.JPEG,scuba diver,74,48,100,2936,0,1
1743861159357,samsung SM-S928B,TFLite,efficientnet_lite0,sea_anemone.JPEG,sea anemone,96,26,32,0,0,1
1743861159357,samsung SM-S928B,TFLite,efficientnet_lite0_int8,sea_anemone.JPEG,Angora,53,33,8,349,0,0
1743861159357,samsung SM-S928B,PyTorch,mobilenet_v2,sea_anemone.JPEG,sea anemone,75,84,104,2880,0,1
1743861159698,samsung SM-S928B,TFLite,efficientnet_lite0,sea_cucumber.JPEG,sea cucumber,98,11,19,0,0,1
1743861159698,samsung SM-S928B,TFLite,efficientnet_lite0_int8,sea_cucumber.JPEG,slug,51,76,8,365,0,0
1743861159698,samsung SM-S928B,PyTorch,mobilenet_v2,sea_cucumber.JPEG,sea cucumber,83,02,102,2880,0,1
1743861160042,samsung SM-S928B,TFLite,efficientnet_lite0,sea_lion.JPEG,sea lion,98,37,18,2620,0,1
1743861160042,samsung SM-S928B,TFLite,efficientnet_lite0_int8,sea_lion.JPEG,tench,50,20,9,365,0,0
1743861160042,samsung SM-S928B,PyTorch,mobilenet_v2,sea_lion.JPEG,sea lion,49,00,95,2936,0,1
1743861160371,samsung SM-S928B,TFLite,efficientnet_lite0,sea_slug.JPEG,sea slug,57,92,18,0,0,0
1743861160371,samsung SM-S928B,TFLite,efficientnet_lite0_int8,sea_slug.JPEG,stinkhorn,58,82,8,381,0,0
1743861160371,samsung SM-S928B,PyTorch,mobilenet_v2,sea_slug.JPEG,sea slug,26,98,93,2936,0,0
1743861160708,samsung SM-S928B,TFLite,efficientnet_lite0,sea_snake.JPEG,slug,23,59,18,0,0,3
1743861160708,samsung SM-S928B,TFLite,efficientnet_lite0_int8,sea_snake.JPEG,Dungeness crab,71,76,8,381,0,0
1743861160708,samsung SM-S928B,PyTorch,mobilenet_v2,sea_snake.JPEG,eel,18,78,103,2768,0,4
1743861161075,samsung SM-S928B,TFLite,efficientnet_lite0,sea_urchin.JPEG,sea urchin,50,85,19,2604,0,1
1743861161075,samsung SM-S928B,TFLite,efficientnet_lite0_int8,sea_urchin.JPEG,Angora,88,24,7,349,0,0
1743861161075,samsung SM-S928B,PyTorch,mobilenet_v2,sea_urchin.JPEG,coil,52,77,122,0,0,4
1743861161424,samsung SM-S928B,TFLite,efficientnet_lite0,seashore.JPEG,seashore,37,59,19,2588,0,1
1743861161424,samsung SM-S928B,TFLite,efficientnet_lite0_int8,seashore.JPEG,groom,86,67,7,365,0,0
1743861161424,samsung SM-S928B,PyTorch,mobilenet_v2,seashore.JPEG,lakeside,20,16,121,0,0,3
1743861161750,samsung SM-S928B,TFLite,efficientnet_lite0,seat_belt.JPEG,seat belt,41,65,19,2572,0,1
1743861161750,samsung SM-S928B,TFLite,efficientnet_lite0_int8,seat_belt.JPEG,shoji,67,06,7,365,0,0
1743861161751,samsung SM-S928B,PyTorch,mobilenet_v2,seat_belt.JPEG,seat belt,15,40,97,2604,0,1
1743861162179,samsung SM-S928B,TFLite,efficientnet_lite0,sewing_machine.JPEG,sewing machine,98,93,17,0,0,1
1743861162179,samsung SM-S928B,TFLite,efficientnet_lite0_int8,sewing_machine.JPEG,crane,50,59,8,397,0,0
1743861162180,samsung SM-S928B,PyTorch,mobilenet_v2,sewing_machine.JPEG,sewing machine,9,04,163,521,0,1
1743861162525,samsung SM-S928B,TFLite,efficientnet_lite0,shield.JPEG,shield,99,85,19,2604,0,1
1743861162526,samsung SM-S928B,TFLite,efficientnet_lite0_int8,shield.JPEG,tench,50,20,7,365,0,0
1743861162526,samsung SM-S928B,PyTorch,mobilenet_v2,shield.JPEG,shield,91,70,116,2936,0,1
1743861162856,samsung SM-S928B,TFLite,efficientnet_lite0,shoe_shop.JPEG,bakery,13,06,19,2588,0,0
1743861162856,samsung SM-S928B,TFLite,efficientnet_lite0_int8,shoe_shop.JPEG,dumbbell,60,00,8,365,0,0
1743861162856,samsung SM-S928B,PyTorch,mobilenet_v2,shoe_shop.JPEG,bakery,9,91,97,0,0,0
1743861163165,samsung SM-S928B,TFLite,efficientnet_lite0,shoji.JPEG,shoji,98,19,18,2604,0,1
1743861163165,samsung SM-S928B,TFLite,efficientnet_lite0_int8,shoji.JPEG,snowplow,50,59,7,349,0,0
1743861163165,samsung SM-S928B,PyTorch,mobilenet_v2,shoji.JPEG,shoji,71,89,76,2936,0,1
1743861163418,samsung SM-S928B,TFLite,efficientnet_lite0,shopping_basket.JPEG,shopping basket,66,53,17,0,0,1
1743861163418,samsung SM-S928B,TFLite,efficientnet_lite0_int8,shopping_basket.JPEG,ski,53,73,7,381,0,0
1743861163418,samsung SM-S928B,PyTorch,mobilenet_v2,shopping_basket.JPEG,shopping basket,83,16,50,736,0,1
1743861163778,samsung SM-S928B,TFLite,efficientnet_lite0,shopping_cart.JPEG,shopping cart,99,52,17,2604,0,1
1743861163778,samsung SM-S928B,TFLite,efficientnet_lite0_int8,shopping_cart.JPEG,tench,50,20,7,349,0,0
1743861163778,samsung SM-S928B,PyTorch,mobilenet_v2,shopping_cart.JPEG,racket,9,63,123,0,0,2
1743861164122,samsung SM-S928B,TFLite,efficientnet_lite0,shovel.JPEG,shovel,21,68,20,2588,0,1
1743861164122,samsung SM-S928B,TFLite,efficientnet_lite0_int8,shovel.JPEG,desktop computer,65,10,7,365,0,0
1743861164123,samsung SM-S928B,PyTorch,mobilenet_v2,shovel.JPEG,shovel,80,23,108,0,0,1
1743861164430,samsung SM-S928B,TFLite,efficientnet_lite0,shower_cap.JPEG,shower cap,76,26,18,2588,0,1
1743861164430,samsung SM-S928B,TFLite,efficientnet_lite0_int8,shower_cap.JPEG,flatworm,67,06,7,365,0,0
1743861164430,samsung SM-S928B,PyTorch,mobilenet_v2,shower_cap.JPEG,plastic bag,32,00,77,2936,0,2
1743861164768,samsung SM-S928B,TFLite,efficientnet_lite0,shower_curtain.JPEG,shower curtain,90,82,17,0,0,1
1743861164768,samsung SM-S928B,TFLite,efficientnet_lite0_int8,shower_curtain.JPEG,Unknown,54,51,8,381,0,0
1743861164768,samsung SM-S928B,PyTorch,mobilenet_v2,shower_curtain.JPEG,shower curtain,22,94,99,2616,0,1
1743861165096,samsung SM-S928B,TFLite,efficientnet_lite0,siamang.JPEG,siamang,98,37,19,2620,0,1
1743861165096,samsung SM-S928B,TFLite,efficientnet_lite0_int8,siamang.JPEG,baboon,52,94,8,0,0,0
1743861165096,samsung SM-S928B,PyTorch,mobilenet_v2,siamang.JPEG,siamang,85,56,91,2620,0,1
1743861165358,samsung SM-S928B,TFLite,efficientnet_lite0,sidewinder.JPEG,sidewinder,37,27,19,0,0,1
1743861165359,samsung SM-S928B,TFLite,efficientnet_lite0_int8,sidewinder.JPEG,black and gold garden spider,89,41,8,381,0,0
1743861165359,samsung SM-S928B,PyTorch,mobilenet_v2,sidewinder.JPEG,diamondback,71,07,43,328,0,3
1743861165710,samsung SM-S928B,TFLite,efficientnet_lite0,silky_terrier.JPEG,silky terrier,90,06,18,2604,0,1
1743861165710,samsung SM-S928B,TFLite,efficientnet_lite0_int8,silky_terrier.JPEG,Lhasa,52,55,7,0,0,0
1743861165710,samsung SM-S928B,PyTorch,mobilenet_v2,silky_terrier.JPEG,silky terrier,62,04,123,2968,0,1
1743861166044,samsung SM-S928B,TFLite,efficientnet_lite0,ski.JPEG,ski,89,11,19,0,0,0
1743861166044,samsung SM-S928B,TFLite,efficientnet_lite0_int8,ski.JPEG,quilt,51,76,8,365,0,0
1743861166045,samsung SM-S928B,PyTorch,mobilenet_v2,ski.JPEG,ski,41,78,102,2856,0,0
1743861166413,samsung SM-S928B,TFLite,efficientnet_lite0,ski_mask.JPEG,wool,28,12,17,2620,0,0
1743861166413,samsung SM-S928B,TFLite,efficientnet_lite0_int8,ski_mask.JPEG,slot,90,59,15,0,0,0
1743861166413,samsung SM-S928B,PyTorch,mobilenet_v2,ski_mask.JPEG,mitten,21,76,105,2936,0,0
1743861166751,samsung SM-S928B,TFLite,efficientnet_lite0,skunk.JPEG,skunk,21,73,18,0,0,1
1743861166751,samsung SM-S928B,TFLite,efficientnet_lite0_int8,skunk.JPEG,meerkat,76,08,8,349,0,5
1743861166751,samsung SM-S928B,PyTorch,mobilenet_v2,skunk.JPEG,skunk,38,15,102,2600,0,1
1743861167104,samsung SM-S928B,TFLite,efficientnet_lite0,sleeping_bag.JPEG,sleeping bag,85,55,20,2668,0,1
1743861167104,samsung SM-S928B,TFLite,efficientnet_lite0_int8,sleeping_bag.JPEG,muzzle,55,29,10,0,0,0
1743861167104,samsung SM-S928B,PyTorch,mobilenet_v2,sleeping_bag.JPEG,sleeping bag,73,81,102,2936,0,1
1743861167373,samsung SM-S928B,TFLite,efficientnet_lite0,slide_rule.JPEG,slide rule,96,82,18,0,0,2
1743861167373,samsung SM-S928B,TFLite,efficientnet_lite0_int8,slide_rule.JPEG,saltshaker,50,59,8,381,0,0
1743861167373,samsung SM-S928B,PyTorch,mobilenet_v2,slide_rule.JPEG,slide rule,99,99,50,776,0,2
1743861167718,samsung SM-S928B,TFLite,efficientnet_lite0,sliding_door.JPEG,sliding door,37,57,17,2620,0,1
1743861167718,samsung SM-S928B,TFLite,efficientnet_lite0_int8,sliding_door.JPEG,pencil sharpener,64,71,8,0,0,0
1743861167718,samsung SM-S928B,PyTorch,mobilenet_v2,sliding_door.JPEG,sliding door,12,79,113,2936,0,1
1743861168054,samsung SM-S928B,TFLite,efficientnet_lite0,slot.JPEG,slot,70,86,20,0,0,0
1743861168054,samsung SM-S928B,TFLite,efficientnet_lite0_int8,slot.JPEG,seat belt,74,12,8,365,0,0
1743861168054,samsung SM-S928B,PyTorch,mobilenet_v2,slot.JPEG,slot,88,65,94,2972,0,0
1743861168415,samsung SM-S928B,TFLite,efficientnet_lite0,sloth_bear.JPEG,sloth bear,96,98,17,0,0,1
1743861168415,samsung SM-S928B,TFLite,efficientnet_lite0_int8,sloth_bear.JPEG,macaque,52,55,7,349,0,0
1743861168415,samsung SM-S928B,PyTorch,mobilenet_v2,sloth_bear.JPEG,sloth bear,90,94,124,3708,0,1
1743861168751,samsung SM-S928B,TFLite,efficientnet_lite0,slug.JPEG,slug,96,90,20,0,0,1
1743861168751,samsung SM-S928B,TFLite,efficientnet_lite0_int8,slug.JPEG,chambered nautilus,50,59,7,349,0,0
1743861168751,samsung SM-S928B,PyTorch,mobilenet_v2,slug.JPEG,slug,88,01,101,3052,0,1
1743861169138,samsung SM-S928B,TFLite,efficientnet_lite0,snail.JPEG,snail,70,00,18,2588,0,1
1743861169138,samsung SM-S928B,TFLite,efficientnet_lite0_int8,snail.JPEG,chiton,50,98,7,349,0,0
1743861169138,samsung SM-S928B,PyTorch,mobilenet_v2,snail.JPEG,snail,45,06,147,0,0,1
1743861169488,samsung SM-S928B,TFLite,efficientnet_lite0,snorkel.JPEG,snorkel,46,35,21,2620,0,1
1743861169489,samsung SM-S928B,TFLite,efficientnet_lite0_int8,snorkel.JPEG,golf ball,78,43,8,349,0,0
1743861169489,samsung SM-S928B,PyTorch,mobilenet_v2,snorkel.JPEG,gasmask,8,97,104,2936,0,2
1743861169848,samsung SM-S928B,TFLite,efficientnet_lite0,snow_leopard.JPEG,snow leopard,81,99,18,0,0,2
1743861169848,samsung SM-S928B,TFLite,efficientnet_lite0_int8,snow_leopard.JPEG,tiger,58,04,9,381,0,0
1743861169848,samsung SM-S928B,PyTorch,mobilenet_v2,snow_leopard.JPEG,snow leopard,42,79,116,2700,0,2
1743861170198,samsung SM-S928B,TFLite,efficientnet_lite0,snowmobile.JPEG,snowmobile,96,55,19,2620,0,1
1743861170198,samsung SM-S928B,TFLite,efficientnet_lite0_int8,snowmobile.JPEG,bookshop,50,98,9,0,0,0
1743861170199,samsung SM-S928B,PyTorch,mobilenet_v2,snowmobile.JPEG,snowmobile,72,63,105,2936,0,1
1743861170587,samsung SM-S928B,TFLite,efficientnet_lite0,snowplow.JPEG,snowplow,95,30,18,0,0,0
1743861170588,samsung SM-S928B,TFLite,efficientnet_lite0_int8,snowplow.JPEG,tench,50,20,8,365,0,0
1743861170588,samsung SM-S928B,PyTorch,mobilenet_v2,snowplow.JPEG,snowplow,73,56,135,3756,0,0
1743861170841,samsung SM-S928B,TFLite,efficientnet_lite0,soap_dispenser.JPEG,soap dispenser,87,85,20,2620,0,1
1743861170841,samsung SM-S928B,TFLite,efficientnet_lite0_int8,soap_dispenser.JPEG,water tower,60,00,12,0,0,0
1743861170842,samsung SM-S928B,PyTorch,mobilenet_v2,soap_dispenser.JPEG,soap dispenser,95,01,38,208,0,1
1743861171207,samsung SM-S928B,TFLite,efficientnet_lite0,soccer_ball.JPEG,soccer ball,89,30,19,2620,0,1
1743861171207,samsung SM-S928B,TFLite,efficientnet_lite0_int8,soccer_ball.JPEG,Saint Bernard,54,12,8,349,0,0
1743861171207,samsung SM-S928B,PyTorch,mobilenet_v2,soccer_ball.JPEG,soccer ball,65,99,115,0,0,1
1743861171577,samsung SM-S928B,TFLite,efficientnet_lite0,sock.JPEG,sock,99,26,19,2620,0,1
1743861171578,samsung SM-S928B,TFLite,efficientnet_lite0_int8,sock.JPEG,tench,50,20,9,0,0,0
1743861171578,samsung SM-S928B,PyTorch,mobilenet_v2,sock.JPEG,sock,71,20,107,2936,0,1
1743861171986,samsung SM-S928B,TFLite,efficientnet_lite0,soft-coated_wheaten_terrier.JPEG,soft-coated wheaten terrier,78,40,19,0,0,0
1743861171987,samsung SM-S928B,TFLite,efficientnet_lite0_int8,soft-coated_wheaten_terrier.JPEG,Australian terrier,53,33,8,349,0,0
1743861171987,samsung SM-S928B,PyTorch,mobilenet_v2,soft-coated_wheaten_terrier.JPEG,soft-coated wheaten terrier,28,78,158,4808,0,0
1743861172337,samsung SM-S928B,TFLite,efficientnet_lite0,solar_dish.JPEG,solar dish,42,08,41,0,0,1
1743861172337,samsung SM-S928B,TFLite,efficientnet_lite0_int8,solar_dish.JPEG,space heater,79,22,7,349,0,0
1743861172337,samsung SM-S928B,PyTorch,mobilenet_v2,solar_dish.JPEG,solar dish,10,14,101,2604,0,1
1743861172666,samsung SM-S928B,TFLite,efficientnet_lite0,sombrero.JPEG,cowboy hat,91,58,20,0,0,2
1743861172666,samsung SM-S928B,TFLite,efficientnet_lite0_int8,sombrero.JPEG,space shuttle,56,08,7,365,0,0
1743861172666,samsung SM-S928B,PyTorch,mobilenet_v2,sombrero.JPEG,cowboy hat,45,78,92,2936,0,2
1743861173001,samsung SM-S928B,TFLite,efficientnet_lite0,sorrel.JPEG,sorrel,73,49,31,0,0,1
1743861173001,samsung SM-S928B,TFLite,efficientnet_lite0_int8,sorrel.JPEG,hartebeest,61,57,7,349,0,0
1743861173001,samsung SM-S928B,PyTorch,mobilenet_v2,sorrel.JPEG,sorrel,52,36,91,0,0,1
1743861173342,samsung SM-S928B,TFLite,efficientnet_lite0,soup_bowl.JPEG,soup bowl,72,80,18,2620,0,0
1743861173342,samsung SM-S928B,TFLite,efficientnet_lite0_int8,soup_bowl.JPEG,ice lolly,56,47,7,0,0,0
1743861173342,samsung SM-S928B,PyTorch,mobilenet_v2,soup_bowl.JPEG,soup bowl,24,57,97,2952,0,0
1743861173655,samsung SM-S928B,TFLite,efficientnet_lite0,space_bar.JPEG,space bar,81,66,18,0,0,1
1743861173655,samsung SM-S928B,TFLite,efficientnet_lite0_int8,space_bar.JPEG,vacuum,84,31,8,365,0,0
1743861173655,samsung SM-S928B,PyTorch,mobilenet_v2,space_bar.JPEG,space bar,62,39,81,1976,0,1
1743861173949,samsung SM-S928B,TFLite,efficientnet_lite0,space_heater.JPEG,space heater,30,38,17,2620,0,1
1743861173950,samsung SM-S928B,TFLite,efficientnet_lite0_int8,space_heater.JPEG,tank,62,75,8,0,0,0
1743861173950,samsung SM-S928B,PyTorch,mobilenet_v2,space_heater.JPEG,space heater,45,95,71,1408,0,1
1743861174278,samsung SM-S928B,TFLite,efficientnet_lite0,space_shuttle.JPEG,space shuttle,76,17,19,2604,0,1
1743861174278,samsung SM-S928B,TFLite,efficientnet_lite0_int8,space_shuttle.JPEG,spindle,91,37,8,349,0,0
1743861174278,samsung SM-S928B,PyTorch,mobilenet_v2,space_shuttle.JPEG,space shuttle,54,31,94,0,0,1
1743861174533,samsung SM-S928B,TFLite,efficientnet_lite0,spaghetti_squash.JPEG,spaghetti squash,94,25,20,2588,0,1
1743861174533,samsung SM-S928B,TFLite,efficientnet_lite0_int8,spaghetti_squash.JPEG,racer,56,08,7,381,0,0
1743861174533,samsung SM-S928B,PyTorch,mobilenet_v2,spaghetti_squash.JPEG,spaghetti squash,99,75,44,0,0,1
1743861174850,samsung SM-S928B,TFLite,efficientnet_lite0,spatula.JPEG,soup bowl,63,09,19,2588,0,0
1743861174850,samsung SM-S928B,TFLite,efficientnet_lite0_int8,spatula.JPEG,yawl,69,80,7,365,0,0
1743861174850,samsung SM-S928B,PyTorch,mobilenet_v2,spatula.JPEG,soup bowl,52,89,88,0,0,0
1743861175180,samsung SM-S928B,TFLite,efficientnet_lite0,speedboat.JPEG,speedboat,97,22,20,2588,0,1
1743861175180,samsung SM-S928B,TFLite,efficientnet_lite0_int8,speedboat.JPEG,lipstick,51,37,7,381,0,0
1743861175180,samsung SM-S928B,PyTorch,mobilenet_v2,speedboat.JPEG,speedboat,95,62,95,0,0,1
1743861175512,samsung SM-S928B,TFLite,efficientnet_lite0,spider_monkey.JPEG,spider monkey,78,67,19,0,0,1
1743861175512,samsung SM-S928B,TFLite,efficientnet_lite0_int8,spider_monkey.JPEG,macaque,53,73,9,365,0,0
1743861175512,samsung SM-S928B,PyTorch,mobilenet_v2,spider_monkey.JPEG,spider monkey,64,38,91,2604,0,1
1743861175843,samsung SM-S928B,TFLite,efficientnet_lite0,spider_web.JPEG,garden spider,26,01,17,2604,0,3
1743861175844,samsung SM-S928B,TFLite,efficientnet_lite0_int8,spider_web.JPEG,tick,77,25,10,0,0,0
1743861175844,samsung SM-S928B,PyTorch,mobilenet_v2,spider_web.JPEG,garden spider,30,36,84,2604,0,2
1743861176204,samsung SM-S928B,TFLite,efficientnet_lite0,spindle.JPEG,spindle,97,77,20,0,0,1
1743861176204,samsung SM-S928B,TFLite,efficientnet_lite0_int8,spindle.JPEG,lens cap,50,98,8,365,0,0
1743861176204,samsung SM-S928B,PyTorch,mobilenet_v2,spindle.JPEG,spindle,88,16,110,2936,0,1
1743861176547,samsung SM-S928B,TFLite,efficientnet_lite0,spiny_lobster.JPEG,spiny lobster,97,72,19,2620,0,1
1743861176547,samsung SM-S928B,TFLite,efficientnet_lite0_int8,spiny_lobster.JPEG,academic gown,52,55,8,365,0,0
1743861176547,samsung SM-S928B,PyTorch,mobilenet_v2,spiny_lobster.JPEG,spiny lobster,85,76,99,2936,0,1
1743861176904,samsung SM-S928B,TFLite,efficientnet_lite0,spoonbill.JPEG,spoonbill,98,58,18,0,0,1
1743861176904,samsung SM-S928B,TFLite,efficientnet_lite0_int8,spoonbill.JPEG,bustard,50,59,9,381,0,0
1743861176905,samsung SM-S928B,PyTorch,mobilenet_v2,spoonbill.JPEG,spoonbill,64,66,103,3004,0,1
1743861177224,samsung SM-S928B,TFLite,efficientnet_lite0,sports_car.JPEG,sports car,71,20,17,0,0,1
1743861177224,samsung SM-S928B,TFLite,efficientnet_lite0_int8,sports_car.JPEG,cowboy hat,64,31,7,365,0,0
1743861177225,samsung SM-S928B,PyTorch,mobilenet_v2,sports_car.JPEG,sports car,50,36,99,2664,0,1
1743861177508,samsung SM-S928B,TFLite,efficientnet_lite0,spotlight.JPEG,spotlight,91,08,19,2588,0,0
1743861177508,samsung SM-S928B,TFLite,efficientnet_lite0_int8,spotlight.JPEG,restaurant,56,86,7,349,0,0
1743861177509,samsung SM-S928B,PyTorch,mobilenet_v2,spotlight.JPEG,spotlight,80,63,65,0,0,0
1743861177842,samsung SM-S928B,TFLite,efficientnet_lite0,spotted_salamander.JPEG,spotted salamander,93,49,19,2588,0,1
1743861177842,samsung SM-S928B,TFLite,efficientnet_lite0_int8,spotted_salamander.JPEG,axolotl,55,29,7,365,0,0
1743861177842,samsung SM-S928B,PyTorch,mobilenet_v2,spotted_salamander.JPEG,spotted salamander,73,89,99,3168,0,1
1743861178200,samsung SM-S928B,TFLite,efficientnet_lite0,squirrel_monkey.JPEG,squirrel monkey,81,23,18,2604,0,1
1743861178200,samsung SM-S928B,TFLite,efficientnet_lite0_int8,squirrel_monkey.JPEG,Indian elephant,55,69,8,0,0,0
1743861178200,samsung SM-S928B,PyTorch,mobilenet_v2,squirrel_monkey.JPEG,squirrel monkey,57,03,91,2984,0,1
1743861178528,samsung SM-S928B,TFLite,efficientnet_lite0,stage.JPEG,microphone,45,85,19,0,0,2
1743861178529,samsung SM-S928B,TFLite,efficientnet_lite0_int8,stage.JPEG,minibus,83,53,8,365,0,0
1743861178529,samsung SM-S928B,PyTorch,mobilenet_v2,stage.JPEG,microphone,26,56,87,2648,0,2
1743861178841,samsung SM-S928B,TFLite,efficientnet_lite0,standard_poodle.JPEG,standard poodle,32,48,17,2636,0,1
1743861178841,samsung SM-S928B,TFLite,efficientnet_lite0_int8,standard_poodle.JPEG,timber wolf,97,65,13,0,0,0
1743861178841,samsung SM-S928B,PyTorch,mobilenet_v2,standard_poodle.JPEG,standard poodle,41,24,68,1160,0,1
1743861179158,samsung SM-S928B,TFLite,efficientnet_lite0,standard_schnauzer.JPEG,standard schnauzer,91,98,19,2588,0,1
1743861179158,samsung SM-S928B,TFLite,efficientnet_lite0_int8,standard_schnauzer.JPEG,Tibetan terrier,52,94,7,365,0,0
1743861179158,samsung SM-S928B,PyTorch,mobilenet_v2,standard_schnauzer.JPEG,standard schnauzer,22,53,85,0,0,1
1743861179496,samsung SM-S928B,TFLite,efficientnet_lite0,starfish.JPEG,starfish,90,89,19,2604,0,1
1743861179496,samsung SM-S928B,TFLite,efficientnet_lite0_int8,starfish.JPEG,laptop,50,98,7,349,0,0
1743861179496,samsung SM-S928B,PyTorch,mobilenet_v2,starfish.JPEG,starfish,68,07,108,0,0,1
1743861179836,samsung SM-S928B,TFLite,efficientnet_lite0,steam_locomotive.JPEG,passenger car,47,19,19,0,0,2
1743861179836,samsung SM-S928B,TFLite,efficientnet_lite0_int8,steam_locomotive.JPEG,stole,78,04,7,349,0,0
1743861179836,samsung SM-S928B,PyTorch,mobilenet_v2,steam_locomotive.JPEG,steam locomotive,72,09,103,2936,0,1
1743861180156,samsung SM-S928B,TFLite,efficientnet_lite0,steel_arch_bridge.JPEG,steel arch bridge,54,09,17,2613,0,0
1743861180156,samsung SM-S928B,TFLite,efficientnet_lite0_int8,steel_arch_bridge.JPEG,ping-pong ball,70,59,8,365,0,0
1743861180156,samsung SM-S928B,PyTorch,mobilenet_v2,steel_arch_bridge.JPEG,pier,57,02,83,2448,0,0
1743861180490,samsung SM-S928B,TFLite,efficientnet_lite0,steel_drum.JPEG,steel drum,95,35,19,0,0,0
1743861180490,samsung SM-S928B,TFLite,efficientnet_lite0_int8,steel_drum.JPEG,bassinet,69,80,8,365,0,0
1743861180490,samsung SM-S928B,PyTorch,mobilenet_v2,steel_drum.JPEG,steel drum,48,28,94,2936,0,0
1743861180828,samsung SM-S928B,TFLite,efficientnet_lite0,stethoscope.JPEG,stethoscope,86,08,33,0,0,1
1743861180829,samsung SM-S928B,TFLite,efficientnet_lite0_int8,stethoscope.JPEG,stretcher,52,55,8,365,0,0
1743861180829,samsung SM-S928B,PyTorch,mobilenet_v2,stethoscope.JPEG,stethoscope,96,62,87,2604,0,1
1743861181179,samsung SM-S928B,TFLite,efficientnet_lite0,stingray.JPEG,stingray,64,23,18,0,0,1
1743861181180,samsung SM-S928B,TFLite,efficientnet_lite0_int8,stingray.JPEG,ostrich,98,82,9,365,0,0
1743861181180,samsung SM-S928B,PyTorch,mobilenet_v2,stingray.JPEG,electric ray,43,66,91,2936,0,2
1743861181558,samsung SM-S928B,TFLite,efficientnet_lite0,stinkhorn.JPEG,stinkhorn,92,20,18,2588,0,1
1743861181559,samsung SM-S928B,TFLite,efficientnet_lite0_int8,stinkhorn.JPEG,Unknown,50,59,7,365,0,0
1743861181559,samsung SM-S928B,PyTorch,mobilenet_v2,stinkhorn.JPEG,stinkhorn,65,19,138,0,0,1
1743861181880,samsung SM-S928B,TFLite,efficientnet_lite0,stole.JPEG,dishrag,16,68,19,2588,0,2
1743861181880,samsung SM-S928B,TFLite,efficientnet_lite0_int8,stole.JPEG,dogsled,76,86,7,381,0,0
1743861181880,samsung SM-S928B,PyTorch,mobilenet_v2,stole.JPEG,abaya,6,37,88,2604,0,2
1743861182248,samsung SM-S928B,TFLite,efficientnet_lite0,stone_wall.JPEG,stone wall,41,22,17,0,0,1
1743861182248,samsung SM-S928B,TFLite,efficientnet_lite0_int8,stone_wall.JPEG,promontory,64,31,8,381,0,0
1743861182248,samsung SM-S928B,PyTorch,mobilenet_v2,stone_wall.JPEG,stone wall,33,98,112,2988,0,1
1743861182525,samsung SM-S928B,TFLite,efficientnet_lite0,stopwatch.JPEG,barometer,55,17,20,2620,0,2
1743861182525,samsung SM-S928B,TFLite,efficientnet_lite0_int8,stopwatch.JPEG,basketball,92,55,8,365,0,0
1743861182525,samsung SM-S928B,PyTorch,mobilenet_v2,stopwatch.JPEG,stopwatch,52,20,58,1056,0,1
1743861182852,samsung SM-S928B,TFLite,efficientnet_lite0,stove.JPEG,stove,86,38,19,2588,0,1
1743861182853,samsung SM-S928B,TFLite,efficientnet_lite0_int8,stove.JPEG,football helmet,53,33,7,349,0,0
1743861182853,samsung SM-S928B,PyTorch,mobilenet_v2,stove.JPEG,stove,91,71,106,0,0,1
1743861183238,samsung SM-S928B,TFLite,efficientnet_lite0,strainer.JPEG,strainer,91,55,19,2588,0,1
1743861183239,samsung SM-S928B,TFLite,efficientnet_lite0_int8,strainer.JPEG,Windsor tie,54,90,7,365,0,0
1743861183239,samsung SM-S928B,PyTorch,mobilenet_v2,strainer.JPEG,strainer,81,61,147,0,0,1
1743861183595,samsung SM-S928B,TFLite,efficientnet_lite0,strawberry.JPEG,strawberry,81,89,19,2604,0,1
1743861183595,samsung SM-S928B,TFLite,efficientnet_lite0_int8,strawberry.JPEG,pineapple,90,98,7,365,0,0
1743861183595,samsung SM-S928B,PyTorch,mobilenet_v2,strawberry.JPEG,strawberry,91,30,113,3912,0,1
1743861183973,samsung SM-S928B,TFLite,efficientnet_lite0,street_sign.JPEG,street sign,96,78,18,0,0,1
1743861183973,samsung SM-S928B,TFLite,efficientnet_lite0_int8,street_sign.JPEG,seat belt,52,55,9,381,0,0
1743861183974,samsung SM-S928B,PyTorch,mobilenet_v2,street_sign.JPEG,street sign,70,07,97,2764,0,1
1743861184314,samsung SM-S928B,TFLite,efficientnet_lite0,streetcar.JPEG,streetcar,82,45,19,2636,0,1
1743861184314,samsung SM-S928B,TFLite,efficientnet_lite0_int8,streetcar.JPEG,typewriter keyboard,70,20,8,0,0,0
1743861184314,samsung SM-S928B,PyTorch,mobilenet_v2,streetcar.JPEG,streetcar,70,90,98,2936,0,1
1743861184744,samsung SM-S928B,TFLite,efficientnet_lite0,stretcher.JPEG,stretcher,88,04,18,0,0,1
1743861184744,samsung SM-S928B,TFLite,efficientnet_lite0_int8,stretcher.JPEG,china cabinet,70,20,8,365,0,0
1743861184744,samsung SM-S928B,PyTorch,mobilenet_v2,stretcher.JPEG,stretcher,23,18,171,1884,0,1
1743861185088,samsung SM-S928B,TFLite,efficientnet_lite0,studio_couch.JPEG,studio couch,60,99,20,2620,0,1
1743861185088,samsung SM-S928B,TFLite,efficientnet_lite0_int8,studio_couch.JPEG,cuirass,53,33,8,349,0,0
1743861185088,samsung SM-S928B,PyTorch,mobilenet_v2,studio_couch.JPEG,bannister,19,28,95,2936,0,2
1743861185454,samsung SM-S928B,TFLite,efficientnet_lite0,stupa.JPEG,stupa,93,41,18,0,0,1
1743861185454,samsung SM-S928B,TFLite,efficientnet_lite0_int8,stupa.JPEG,drumstick,52,94,10,365,0,0
1743861185454,samsung SM-S928B,PyTorch,mobilenet_v2,stupa.JPEG,stupa,77,80,106,2936,0,1
1743861185783,samsung SM-S928B,TFLite,efficientnet_lite0,sturgeon.JPEG,sturgeon,55,60,18,2604,0,1
1743861185783,samsung SM-S928B,TFLite,efficientnet_lite0_int8,sturgeon.JPEG,valley,66,27,7,365,0,0
1743861185783,samsung SM-S928B,PyTorch,mobilenet_v2,sturgeon.JPEG,sturgeon,28,13,106,0,0,1
1743861186209,samsung SM-S928B,TFLite,efficientnet_lite0,submarine.JPEG,submarine,45,24,19,2604,0,1
1743861186209,samsung SM-S928B,TFLite,efficientnet_lite0_int8,submarine.JPEG,loudspeaker,90,20,7,349,0,0
1743861186209,samsung SM-S928B,PyTorch,mobilenet_v2,submarine.JPEG,submarine,14,31,166,1913,0,1
1743861186535,samsung SM-S928B,TFLite,efficientnet_lite0,suit.JPEG,Windsor tie,54,04,19,2604,0,2
1743861186535,samsung SM-S928B,TFLite,efficientnet_lite0_int8,suit.JPEG,sunscreen,74,90,14,0,0,0
1743861186535,samsung SM-S928B,PyTorch,mobilenet_v2,suit.JPEG,Windsor tie,47,66,68,984,0,2
1743861186856,samsung SM-S928B,TFLite,efficientnet_lite0,sulphur-crested_cockatoo.JPEG,sulphur-crested cockatoo,84,78,19,2588,0,0
1743861186856,samsung SM-S928B,TFLite,efficientnet_lite0_int8,sulphur-crested_cockatoo.JPEG,platypus,51,37,7,349,0,0
1743861186856,samsung SM-S928B,PyTorch,mobilenet_v2,sulphur-crested_cockatoo.JPEG,sulphur-crested cockatoo,62,53,86,0,0,4
1743861187171,samsung SM-S928B,TFLite,efficientnet_lite0,sulphur_butterfly.JPEG,sulphur butterfly,55,31,19,2588,0,0
1743861187171,samsung SM-S928B,TFLite,efficientnet_lite0_int8,sulphur_butterfly.JPEG,acorn,57,25,7,349,0,0
1743861187172,samsung SM-S928B,PyTorch,mobilenet_v2,sulphur_butterfly.JPEG,sulphur butterfly,31,86,87,0,0,0
1743861187492,samsung SM-S928B,TFLite,efficientnet_lite0,sundial.JPEG,rule,70,92,19,2588,0,2
1743861187492,samsung SM-S928B,TFLite,efficientnet_lite0_int8,sundial.JPEG,suspension bridge,60,00,7,397,0,0
1743861187492,samsung SM-S928B,PyTorch,mobilenet_v2,sundial.JPEG,sundial,29,43,86,0,0,1
1743861187893,samsung SM-S928B,TFLite,efficientnet_lite0,sunglass.JPEG,sunglass,30,45,19,2620,0,1
1743861187893,samsung SM-S928B,TFLite,efficientnet_lite0_int8,sunglass.JPEG,swab,91,37,9,0,0,0
1743861187893,samsung SM-S928B,PyTorch,mobilenet_v2,sunglass.JPEG,sunglass,61,20,142,3912,0,1
1743861188220,samsung SM-S928B,TFLite,efficientnet_lite0,sunglasses.JPEG,sandal,30,78,19,0,0,0
1743861188221,samsung SM-S928B,TFLite,efficientnet_lite0_int8,sunglasses.JPEG,scale,85,49,7,349,0,0
1743861188221,samsung SM-S928B,PyTorch,mobilenet_v2,sunglasses.JPEG,running shoe,27,46,96,2936,0,0
1743861188535,samsung SM-S928B,TFLite,efficientnet_lite0,sunscreen.JPEG,sunscreen,40,52,17,0,0,0
1743861188535,samsung SM-S928B,TFLite,efficientnet_lite0_int8,sunscreen.JPEG,swimming trunks,82,35,7,381,0,0
1743861188535,samsung SM-S928B,PyTorch,mobilenet_v2,sunscreen.JPEG,sunscreen,20,68,91,2920,0,0
1743861188852,samsung SM-S928B,TFLite,efficientnet_lite0,suspension_bridge.JPEG,suspension bridge,83,67,17,2572,0,1
1743861188853,samsung SM-S928B,TFLite,efficientnet_lite0_int8,suspension_bridge.JPEG,swing,84,71,7,365,0,0
1743861188853,samsung SM-S928B,PyTorch,mobilenet_v2,suspension_bridge.JPEG,pole,3,61,94,0,0,4
1743861189189,samsung SM-S928B,TFLite,efficientnet_lite0,swab.JPEG,shovel,18,60,18,2588,0,4
1743861189190,samsung SM-S928B,TFLite,efficientnet_lite0_int8,swab.JPEG,ski mask,71,76,7,349,0,0
1743861189190,samsung SM-S928B,PyTorch,mobilenet_v2,swab.JPEG,hatchet,7,73,112,2172,0,5
1743861189461,samsung SM-S928B,TFLite,efficientnet_lite0,sweatshirt.JPEG,gasmask,11,09,19,2620,0,4
1743861189461,samsung SM-S928B,TFLite,efficientnet_lite0_int8,sweatshirt.JPEG,strainer,65,49,8,0,0,0
1743861189461,samsung SM-S928B,PyTorch,mobilenet_v2,sweatshirt.JPEG,gasmask,28,35,51,680,0,0
1743861189775,samsung SM-S928B,TFLite,efficientnet_lite0,swimming_trunks.JPEG,swimming trunks,46,71,19,2604,0,1
1743861189775,samsung SM-S928B,TFLite,efficientnet_lite0_int8,swimming_trunks.JPEG,table lamp,58,82,8,365,0,0
1743861189775,samsung SM-S928B,PyTorch,mobilenet_v2,swimming_trunks.JPEG,swimming trunks,19,16,83,0,0,1
1743861190168,samsung SM-S928B,TFLite,efficientnet_lite0,swing.JPEG,swing,99,58,19,2604,0,1
1743861190169,samsung SM-S928B,TFLite,efficientnet_lite0_int8,swing.JPEG,tench,50,20,8,349,0,0
1743861190169,samsung SM-S928B,PyTorch,mobilenet_v2,swing.JPEG,swing,28,57,147,0,0,1
1743861190493,samsung SM-S928B,TFLite,efficientnet_lite0,switch.JPEG,switch,43,09,19,0,0,1
1743861190494,samsung SM-S928B,TFLite,efficientnet_lite0_int8,switch.JPEG,tape player,88,24,7,365,0,0
1743861190494,samsung SM-S928B,PyTorch,mobilenet_v2,switch.JPEG,hook,5,58,92,2840,0,3
1743861190851,samsung SM-S928B,TFLite,efficientnet_lite0,syringe.JPEG,syringe,99,12,38,0,0,1
1743861190851,samsung SM-S928B,TFLite,efficientnet_lite0_int8,syringe.JPEG,paper towel,52,55,8,349,0,0
1743861190851,samsung SM-S928B,PyTorch,mobilenet_v2,syringe.JPEG,syringe,92,91,107,2936,0,1
1743861191170,samsung SM-S928B,TFLite,efficientnet_lite0,tabby.JPEG,Egyptian cat,80,47,20,0,0,3
1743861191170,samsung SM-S928B,TFLite,efficientnet_lite0_int8,tabby.JPEG,Egyptian cat,68,24,7,365,0,0
1743861191170,samsung SM-S928B,PyTorch,mobilenet_v2,tabby.JPEG,Egyptian cat,30,77,91,2620,0,3
1743861191444,samsung SM-S928B,TFLite,efficientnet_lite0,table_lamp.JPEG,table lamp,92,76,18,2588,0,1
1743861191444,samsung SM-S928B,TFLite,efficientnet_lite0_int8,table_lamp.JPEG,letter opener,55,69,7,365,0,0
1743861191444,samsung SM-S928B,PyTorch,mobilenet_v2,table_lamp.JPEG,table lamp,87,24,61,0,0,1
1743861191760,samsung SM-S928B,TFLite,efficientnet_lite0,tailed_frog.JPEG,tailed frog,94,02,19,2588,0,1
1743861191760,samsung SM-S928B,TFLite,efficientnet_lite0_int8,tailed_frog.JPEG,leatherback turtle,54,51,7,349,0,0
1743861191760,samsung SM-S928B,PyTorch,mobilenet_v2,tailed_frog.JPEG,tailed frog,93,62,90,0,0,1
1743861192119,samsung SM-S928B,TFLite,efficientnet_lite0,tank.JPEG,tank,81,54,20,2604,0,1
1743861192119,samsung SM-S928B,TFLite,efficientnet_lite0_int8,tank.JPEG,hand-held computer,56,86,7,349,0,0
1743861192119,samsung SM-S928B,PyTorch,mobilenet_v2,tank.JPEG,tank,81,89,115,0,0,1
1743861192464,samsung SM-S928B,TFLite,efficientnet_lite0,tape_player.JPEG,CD player,39,08,19,2588,0,2
1743861192464,samsung SM-S928B,TFLite,efficientnet_lite0_int8,tape_player.JPEG,tennis ball,90,98,8,365,0,0
1743861192465,samsung SM-S928B,PyTorch,mobilenet_v2,tape_player.JPEG,CD player,31,29,114,2936,0,3
1743861192794,samsung SM-S928B,TFLite,efficientnet_lite0,tarantula.JPEG,tarantula,71,15,19,0,0,1
1743861192795,samsung SM-S928B,TFLite,efficientnet_lite0_int8,tarantula.JPEG,wolf spider,58,43,8,365,0,0
1743861192795,samsung SM-S928B,PyTorch,mobilenet_v2,tarantula.JPEG,tarantula,84,89,99,2924,0,1
1743861193126,samsung SM-S928B,TFLite,efficientnet_lite0,teapot.JPEG,teapot,61,65,17,0,0,0
1743861193126,samsung SM-S928B,TFLite,efficientnet_lite0_int8,teapot.JPEG,plate rack,61,96,8,381,0,0
1743861193126,samsung SM-S928B,PyTorch,mobilenet_v2,teapot.JPEG,teapot,70,28,96,2924,0,0
1743861193463,samsung SM-S928B,TFLite,efficientnet_lite0,teddy.JPEG,teddy,99,12,21,0,0,1
1743861193464,samsung SM-S928B,TFLite,efficientnet_lite0_int8,teddy.JPEG,tench,50,20,8,365,0,0
1743861193464,samsung SM-S928B,PyTorch,mobilenet_v2,teddy.JPEG,teddy,8,19,92,2936,0,1
1743861193832,samsung SM-S928B,TFLite,efficientnet_lite0,television.JPEG,studio couch,27,42,31,0,0,0
1743861193833,samsung SM-S928B,TFLite,efficientnet_lite0_int8,television.JPEG,sundial,73,33,7,349,0,0
1743861193833,samsung SM-S928B,PyTorch,mobilenet_v2,television.JPEG,studio couch,7,30,121,440,0,2
1743861194156,samsung SM-S928B,TFLite,efficientnet_lite0,tench.JPEG,tench,80,48,19,0,0,1
1743861194156,samsung SM-S928B,TFLite,efficientnet_lite0_int8,tench.JPEG,anemone fish,52,94,7,365,0,0
1743861194156,samsung SM-S928B,PyTorch,mobilenet_v2,tench.JPEG,tench,18,02,95,2936,0,1
1743861194479,samsung SM-S928B,TFLite,efficientnet_lite0,tennis_ball.JPEG,Staffordshire bullterrier,28,22,17,0,0,2
1743861194480,samsung SM-S928B,TFLite,efficientnet_lite0_int8,tennis_ball.JPEG,Kerry blue terrier,75,69,9,397,0,0
1743861194480,samsung SM-S928B,PyTorch,mobilenet_v2,tennis_ball.JPEG,tennis ball,13,83,83,2604,0,1
1743861194941,samsung SM-S928B,TFLite,efficientnet_lite0,terrapin.JPEG,terrapin,50,38,17,2620,0,1
1743861194941,samsung SM-S928B,TFLite,efficientnet_lite0_int8,terrapin.JPEG,American chameleon,95,69,7,0,0,0
1743861194942,samsung SM-S928B,PyTorch,mobilenet_v2,terrapin.JPEG,terrapin,50,55,197,5692,0,1
1743861195315,samsung SM-S928B,TFLite,efficientnet_lite0,thatch.JPEG,crate,9,47,30,2604,0,0
1743861195315,samsung SM-S928B,TFLite,efficientnet_lite0_int8,thatch.JPEG,crutch,60,39,8,349,0,0
1743861195315,samsung SM-S928B,PyTorch,mobilenet_v2,thatch.JPEG,greenhouse,9,38,95,0,0,2
1743861195643,samsung SM-S928B,TFLite,efficientnet_lite0,theater_curtain.JPEG,theater curtain,87,77,18,2620,0,1
1743861195643,samsung SM-S928B,TFLite,efficientnet_lite0_int8,theater_curtain.JPEG,stethoscope,51,76,8,0,0,0
1743861195643,samsung SM-S928B,PyTorch,mobilenet_v2,theater_curtain.JPEG,theater curtain,99,79,88,1912,0,1
1743861195965,samsung SM-S928B,TFLite,efficientnet_lite0,thimble.JPEG,cup,33,10,20,2620,0,3
1743861195965,samsung SM-S928B,TFLite,efficientnet_lite0_int8,thimble.JPEG,cliff,55,69,8,365,0,0
1743861195966,samsung SM-S928B,PyTorch,mobilenet_v2,thimble.JPEG,cup,21,40,87,0,0,2
1743861196248,samsung SM-S928B,TFLite,efficientnet_lite0,three-toed_sloth.JPEG,three-toed sloth,86,05,20,2652,0,0
1743861196248,samsung SM-S928B,TFLite,efficientnet_lite0_int8,three-toed_sloth.JPEG,indri,51,76,8,365,0,0
1743861196248,samsung SM-S928B,PyTorch,mobilenet_v2,three-toed_sloth.JPEG,three-toed sloth,98,34,52,848,0,0
1743861196584,samsung SM-S928B,TFLite,efficientnet_lite0,thresher.JPEG,thresher,95,72,18,2604,0,1
1743861196584,samsung SM-S928B,TFLite,efficientnet_lite0_int8,thresher.JPEG,honeycomb,50,98,7,365,0,0
1743861196584,samsung SM-S928B,PyTorch,mobilenet_v2,thresher.JPEG,thresher,45,86,106,0,0,1
1743861196892,samsung SM-S928B,TFLite,efficientnet_lite0,throne.JPEG,lumbermill,37,11,19,2620,0,0
1743861196892,samsung SM-S928B,TFLite,efficientnet_lite0_int8,throne.JPEG,maillot,61,18,8,365,0,0
1743861196892,samsung SM-S928B,PyTorch,mobilenet_v2,throne.JPEG,church,8,30,74,2200,0,3
1743861197209,samsung SM-S928B,TFLite,efficientnet_lite0,thunder_snake.JPEG,hognose snake,43,87,19,2604,0,2
1743861197209,samsung SM-S928B,TFLite,efficientnet_lite0_int8,thunder_snake.JPEG,king snake,74,12,7,365,0,0
1743861197209,samsung SM-S928B,PyTorch,mobilenet_v2,thunder_snake.JPEG,thunder snake,34,70,92,0,0,1
1743861197524,samsung SM-S928B,TFLite,efficientnet_lite0,tick.JPEG,tick,24,35,20,2588,0,1
1743861197525,samsung SM-S928B,TFLite,efficientnet_lite0_int8,tick.JPEG,weevil,68,24,8,365,0,0
1743861197525,samsung SM-S928B,PyTorch,mobilenet_v2,tick.JPEG,tick,25,17,86,0,0,1
1743861197812,samsung SM-S928B,TFLite,efficientnet_lite0,tiger.JPEG,tiger,68,88,19,0,0,0
1743861197812,samsung SM-S928B,TFLite,efficientnet_lite0_int8,tiger.JPEG,cougar,69,80,7,349,0,0
1743861197812,samsung SM-S928B,PyTorch,mobilenet_v2,tiger.JPEG,tiger,57,61,68,1744,0,0
1743861198145,samsung SM-S928B,TFLite,efficientnet_lite0,tiger_beetle.JPEG,tiger beetle,81,32,18,2604,0,0
1743861198145,samsung SM-S928B,TFLite,efficientnet_lite0_int8,tiger_beetle.JPEG,rhinoceros beetle,52,55,13,0,0,0
1743861198145,samsung SM-S928B,PyTorch,mobilenet_v2,tiger_beetle.JPEG,tiger beetle,84,42,81,1880,0,0
1743861198474,samsung SM-S928B,TFLite,efficientnet_lite0,tiger_cat.JPEG,tabby,21,13,19,2604,0,2
1743861198474,samsung SM-S928B,TFLite,efficientnet_lite0_int8,tiger_cat.JPEG,American black bear,65,10,7,365,0,0
1743861198474,samsung SM-S928B,PyTorch,mobilenet_v2,tiger_cat.JPEG,tabby,23,04,93,0,0,2
1743861198801,samsung SM-S928B,TFLite,efficientnet_lite0,tiger_shark.JPEG,tiger shark,83,49,18,2604,0,1
1743861198801,samsung SM-S928B,TFLite,efficientnet_lite0_int8,tiger_shark.JPEG,stingray,53,33,8,0,0,0
1743861198801,samsung SM-S928B,PyTorch,mobilenet_v2,tiger_shark.JPEG,tiger shark,74,54,83,2448,0,1
1743861199213,samsung SM-S928B,TFLite,efficientnet_lite0,tile_roof.JPEG,tile roof,76,60,20,0,0,1
1743861199213,samsung SM-S928B,TFLite,efficientnet_lite0_int8,tile_roof.JPEG,space heater,54,12,8,349,0,0
1743861199213,samsung SM-S928B,PyTorch,mobilenet_v2,tile_roof.JPEG,tile roof,2,70,141,3568,0,1
1743861199644,samsung SM-S928B,TFLite,efficientnet_lite0,timber_wolf.JPEG,timber wolf,64,68,19,2604,0,1
1743861199645,samsung SM-S928B,TFLite,efficientnet_lite0_int8,timber_wolf.JPEG,African hunting dog,69,02,7,349,0,0
1743861199645,samsung SM-S928B,PyTorch,mobilenet_v2,timber_wolf.JPEG,timber wolf,10,52,171,5920,0,1
1743861199956,samsung SM-S928B,TFLite,efficientnet_lite0,titi.JPEG,titi,40,47,19,0,0,1
1743861199956,samsung SM-S928B,TFLite,efficientnet_lite0_int8,titi.JPEG,indri,91,76,7,365,0,0
1743861199956,samsung SM-S928B,PyTorch,mobilenet_v2,titi.JPEG,marmoset,41,39,48,608,0,3
1743861200234,samsung SM-S928B,TFLite,efficientnet_lite0,toaster.JPEG,toaster,89,20,17,2588,0,1
1743861200235,samsung SM-S928B,TFLite,efficientnet_lite0_int8,toaster.JPEG,quill,60,39,7,349,0,0
1743861200235,samsung SM-S928B,PyTorch,mobilenet_v2,toaster.JPEG,toaster,93,98,61,1408,0,1
1743861200572,samsung SM-S928B,TFLite,efficientnet_lite0,tobacco_shop.JPEG,mailbox,32,06,18,2636,0,4
1743861200572,samsung SM-S928B,TFLite,efficientnet_lite0_int8,tobacco_shop.JPEG,maraca,90,59,8,0,0,0
1743861200572,samsung SM-S928B,PyTorch,mobilenet_v2,tobacco_shop.JPEG,streetcar,3,22,103,2604,0,0
1743861200906,samsung SM-S928B,TFLite,efficientnet_lite0,toilet_seat.JPEG,toilet seat,90,25,20,0,0,1
1743861200907,samsung SM-S928B,TFLite,efficientnet_lite0_int8,toilet_seat.JPEG,Unknown,52,94,7,365,0,0
1743861200907,samsung SM-S928B,PyTorch,mobilenet_v2,toilet_seat.JPEG,toilet seat,61,42,104,2936,0,1
1743861201215,samsung SM-S928B,TFLite,efficientnet_lite0,toilet_tissue.JPEG,toilet tissue,92,41,17,0,0,1
1743861201215,samsung SM-S928B,TFLite,efficientnet_lite0_int8,toilet_tissue.JPEG,parking meter,52,94,8,365,0,0
1743861201216,samsung SM-S928B,PyTorch,mobilenet_v2,toilet_tissue.JPEG,toilet tissue,78,18,84,2604,0,1
1743861201549,samsung SM-S928B,TFLite,efficientnet_lite0,torch.JPEG,torch,84,98,19,2588,0,1
1743861201549,samsung SM-S928B,TFLite,efficientnet_lite0_int8,torch.JPEG,cardigan,52,55,7,365,0,0
1743861201549,samsung SM-S928B,PyTorch,mobilenet_v2,torch.JPEG,torch,65,60,103,0,0,1
1743861201884,samsung SM-S928B,TFLite,efficientnet_lite0,totem_pole.JPEG,totem pole,95,56,19,2588,0,2
1743861201884,samsung SM-S928B,TFLite,efficientnet_lite0_int8,totem_pole.JPEG,pop bottle,51,76,8,381,0,0
1743861201884,samsung SM-S928B,PyTorch,mobilenet_v2,totem_pole.JPEG,totem pole,94,32,101,2936,0,2
1743861202247,samsung SM-S928B,TFLite,efficientnet_lite0,toucan.JPEG,toucan,79,77,17,2604,0,1
1743861202248,samsung SM-S928B,TFLite,efficientnet_lite0_int8,toucan.JPEG,drake,69,41,8,0,0,0
1743861202248,samsung SM-S928B,PyTorch,mobilenet_v2,toucan.JPEG,hornbill,2,82,105,2952,0,2
1743861202587,samsung SM-S928B,TFLite,efficientnet_lite0,tow_truck.JPEG,tow truck,30,34,19,0,0,1
1743861202587,samsung SM-S928B,TFLite,efficientnet_lite0_int8,tow_truck.JPEG,beer bottle,84,31,7,365,0,0
1743861202587,samsung SM-S928B,PyTorch,mobilenet_v2,tow_truck.JPEG,tow truck,14,86,103,2936,0,1
1743861202906,samsung SM-S928B,TFLite,efficientnet_lite0,toy_poodle.JPEG,miniature poodle,22,92,17,0,0,2
1743861202906,samsung SM-S928B,TFLite,efficientnet_lite0_int8,toy_poodle.JPEG,white wolf,96,47,7,381,0,0
1743861202906,samsung SM-S928B,PyTorch,mobilenet_v2,toy_poodle.JPEG,toy poodle,32,51,92,3128,0,1
1743861203212,samsung SM-S928B,TFLite,efficientnet_lite0,toy_terrier.JPEG,miniature pinscher,21,90,17,2604,0,2
1743861203212,samsung SM-S928B,TFLite,efficientnet_lite0_int8,toy_terrier.JPEG,Scotch terrier,59,61,7,365,0,0
1743861203212,samsung SM-S928B,PyTorch,mobilenet_v2,toy_terrier.JPEG,miniature pinscher,4,91,85,0,0,3
1743861203543,samsung SM-S928B,TFLite,efficientnet_lite0,toyshop.JPEG,toyshop,76,23,19,2588,0,1
1743861203543,samsung SM-S928B,TFLite,efficientnet_lite0_int8,toyshop.JPEG,cornet,58,82,8,365,0,0
1743861203543,samsung SM-S928B,PyTorch,mobilenet_v2,toyshop.JPEG,toyshop,49,84,91,2936,0,1
1743861204071,samsung SM-S928B,TFLite,efficientnet_lite0,tractor.JPEG,tractor,83,55,19,0,0,1
1743861204071,samsung SM-S928B,TFLite,efficientnet_lite0_int8,tractor.JPEG,honeycomb,54,12,8,349,0,0
1743861204071,samsung SM-S928B,PyTorch,mobilenet_v2,tractor.JPEG,tractor,12,29,220,4387,0,1
1743861204399,samsung SM-S928B,TFLite,efficientnet_lite0,traffic_light.JPEG,traffic light,98,54,19,2604,0,1
1743861204399,samsung SM-S928B,TFLite,efficientnet_lite0_int8,traffic_light.JPEG,plate,50,98,7,365,0,0
1743861204399,samsung SM-S928B,PyTorch,mobilenet_v2,traffic_light.JPEG,traffic light,96,31,95,2936,0,1
1743861204757,samsung SM-S928B,TFLite,efficientnet_lite0,trailer_truck.JPEG,trailer truck,64,11,18,2588,0,1
1743861204758,samsung SM-S928B,TFLite,efficientnet_lite0_int8,trailer_truck.JPEG,necklace,56,47,7,349,0,0
1743861204758,samsung SM-S928B,PyTorch,mobilenet_v2,trailer_truck.JPEG,trailer truck,74,75,137,0,0,1
1743861205111,samsung SM-S928B,TFLite,efficientnet_lite0,tray.JPEG,tray,99,39,19,2588,0,1
1743861205111,samsung SM-S928B,TFLite,efficientnet_lite0_int8,tray.JPEG,tench,50,20,7,381,0,0
1743861205111,samsung SM-S928B,PyTorch,mobilenet_v2,tray.JPEG,tray,93,35,110,3600,0,1
1743861205518,samsung SM-S928B,TFLite,efficientnet_lite0,tree_frog.JPEG,tree frog,48,66,18,2620,0,1
1743861205519,samsung SM-S928B,TFLite,efficientnet_lite0_int8,tree_frog.JPEG,terrapin,66,27,8,0,0,0
1743861205519,samsung SM-S928B,PyTorch,mobilenet_v2,tree_frog.JPEG,tree frog,21,26,123,3756,0,1
1743861205845,samsung SM-S928B,TFLite,efficientnet_lite0,trench_coat.JPEG,trench coat,72,17,19,0,0,1
1743861205846,samsung SM-S928B,TFLite,efficientnet_lite0_int8,trench_coat.JPEG,triumphal arch,96,08,8,397,0,0
1743861205846,samsung SM-S928B,PyTorch,mobilenet_v2,trench_coat.JPEG,trench coat,69,09,93,2092,0,1
1743861206211,samsung SM-S928B,TFLite,efficientnet_lite0,triceratops.JPEG,triceratops,99,29,17,2620,0,1
1743861206212,samsung SM-S928B,TFLite,efficientnet_lite0_int8,triceratops.JPEG,black widow,54,12,13,365,0,0
1743861206212,samsung SM-S928B,PyTorch,mobilenet_v2,triceratops.JPEG,triceratops,19,17,106,3008,0,1
1743861206535,samsung SM-S928B,TFLite,efficientnet_lite0,tricycle.JPEG,mountain bike,19,26,20,0,1,2
1743861206535,samsung SM-S928B,TFLite,efficientnet_lite0_int8,tricycle.JPEG,birdhouse,66,67,7,365,1,0
1743861206536,samsung SM-S928B,PyTorch,mobilenet_v2,tricycle.JPEG,bicycle-built-for-two,15,41,93,2604,1,4
1743861206864,samsung SM-S928B,TFLite,efficientnet_lite0,trifle.JPEG,ice cream,45,84,17,2620,0,0
1743861206864,samsung SM-S928B,TFLite,efficientnet_lite0_int8,trifle.JPEG,bagel,94,90,9,365,0,0
1743861206865,samsung SM-S928B,PyTorch,mobilenet_v2,trifle.JPEG,trifle,32,22,90,2604,0,0
1743861207176,samsung SM-S928B,TFLite,efficientnet_lite0,trilobite.JPEG,trilobite,93,39,19,0,0,1
1743861207176,samsung SM-S928B,TFLite,efficientnet_lite0_int8,trilobite.JPEG,prairie chicken,50,59,8,365,0,0
1743861207176,samsung SM-S928B,PyTorch,mobilenet_v2,trilobite.JPEG,trilobite,81,44,79,2316,0,1
1743861207492,samsung SM-S928B,TFLite,efficientnet_lite0,trimaran.JPEG,catamaran,69,92,17,0,0,2
1743861207492,samsung SM-S928B,TFLite,efficientnet_lite0_int8,trimaran.JPEG,trombone,90,20,8,381,0,0
1743861207492,samsung SM-S928B,PyTorch,mobilenet_v2,trimaran.JPEG,catamaran,57,75,89,2620,0,2
1743861207809,samsung SM-S928B,TFLite,efficientnet_lite0,tripod.JPEG,tripod,79,91,19,0,0,0
1743861207809,samsung SM-S928B,TFLite,efficientnet_lite0_int8,tripod.JPEG,tank,53,73,8,365,0,0
1743861207809,samsung SM-S928B,PyTorch,mobilenet_v2,tripod.JPEG,tripod,5,60,85,2604,0,0
1743861208166,samsung SM-S928B,TFLite,efficientnet_lite0,triumphal_arch.JPEG,triumphal arch,89,87,17,2604,0,1
1743861208167,samsung SM-S928B,TFLite,efficientnet_lite0_int8,triumphal_arch.JPEG,goblet,55,29,13,0,0,0
1743861208167,samsung SM-S928B,PyTorch,mobilenet_v2,triumphal_arch.JPEG,triumphal arch,56,14,95,2936,0,1
1743861208504,samsung SM-S928B,TFLite,efficientnet_lite0,trolleybus.JPEG,trolleybus,89,93,20,0,0,1
1743861208504,samsung SM-S928B,TFLite,efficientnet_lite0_int8,trolleybus.JPEG,pencil box,51,37,8,381,0,0
1743861208504,samsung SM-S928B,PyTorch,mobilenet_v2,trolleybus.JPEG,trolleybus,74,59,94,2936,0,1
1743861208836,samsung SM-S928B,TFLite,efficientnet_lite0,trombone.JPEG,trombone,88,28,18,0,0,1
1743861208837,samsung SM-S928B,TFLite,efficientnet_lite0_int8,trombone.JPEG,crane,54,12,8,365,0,0
1743861208837,samsung SM-S928B,PyTorch,mobilenet_v2,trombone.JPEG,trombone,54,93,98,3336,0,1
1743861209193,samsung SM-S928B,TFLite,efficientnet_lite0,tub.JPEG,tub,59,52,18,0,0,2
1743861209193,samsung SM-S928B,TFLite,efficientnet_lite0_int8,tub.JPEG,unicycle,99,22,13,381,0,0
1743861209193,samsung SM-S928B,PyTorch,mobilenet_v2,tub.JPEG,bathtub,42,08,95,2908,0,1
1743861209571,samsung SM-S928B,TFLite,efficientnet_lite0,turnstile.JPEG,tripod,36,64,19,2604,0,2
1743861209571,samsung SM-S928B,TFLite,efficientnet_lite0_int8,turnstile.JPEG,upright,56,08,7,349,0,0
1743861209571,samsung SM-S928B,PyTorch,mobilenet_v2,turnstile.JPEG,ballpoint,4,31,134,0,0,0
1743861209818,samsung SM-S928B,TFLite,efficientnet_lite0,tusker.JPEG,water buffalo,24,06,20,2604,0,2
1743861209818,samsung SM-S928B,TFLite,efficientnet_lite0_int8,tusker.JPEG,koala,60,39,7,365,0,0
1743861209818,samsung SM-S928B,PyTorch,mobilenet_v2,tusker.JPEG,African elephant,85,99,35,72,0,2
1743861210190,samsung SM-S928B,TFLite,efficientnet_lite0,typewriter_keyboard.JPEG,typewriter keyboard,57,02,19,2588,0,1
1743861210191,samsung SM-S928B,TFLite,efficientnet_lite0_int8,typewriter_keyboard.JPEG,speedboat,82,35,7,349,0,0
1743861210191,samsung SM-S928B,PyTorch,mobilenet_v2,typewriter_keyboard.JPEG,typewriter keyboard,52,05,133,0,0,1
1743861210560,samsung SM-S928B,TFLite,efficientnet_lite0,umbrella.JPEG,umbrella,73,50,19,2604,0,1
1743861210560,samsung SM-S928B,TFLite,efficientnet_lite0_int8,umbrella.JPEG,bow,63,53,7,365,0,0
1743861210560,samsung SM-S928B,PyTorch,mobilenet_v2,umbrella.JPEG,umbrella,40,17,136,0,0,1
1743861210886,samsung SM-S928B,TFLite,efficientnet_lite0,unicycle.JPEG,unicycle,34,35,20,2604,0,1
1743861210886,samsung SM-S928B,TFLite,efficientnet_lite0_int8,unicycle.JPEG,knot,55,29,7,349,0,0
1743861210886,samsung SM-S928B,PyTorch,mobilenet_v2,unicycle.JPEG,unicycle,22,15,93,2604,0,1
1743861211142,samsung SM-S928B,TFLite,efficientnet_lite0,upright.JPEG,upright,91,51,17,0,0,1
1743861211142,samsung SM-S928B,TFLite,efficientnet_lite0_int8,upright.JPEG,guillotine,65,49,8,381,0,0
1743861211142,samsung SM-S928B,PyTorch,mobilenet_v2,upright.JPEG,upright,90,61,47,632,0,1
1743861211487,samsung SM-S928B,TFLite,efficientnet_lite0,vacuum.JPEG,vacuum,99,35,19,2604,0,1
1743861211487,samsung SM-S928B,TFLite,efficientnet_lite0_int8,vacuum.JPEG,projectile,50,59,7,349,0,0
1743861211487,samsung SM-S928B,PyTorch,mobilenet_v2,vacuum.JPEG,vacuum,33,86,112,0,0,1
1743861211984,samsung SM-S928B,TFLite,efficientnet_lite0,valley.JPEG,valley,38,72,20,0,0,1
1743861211984,samsung SM-S928B,TFLite,efficientnet_lite0_int8,valley.JPEG,scuba diver,93,33,7,349,0,5
1743861211984,samsung SM-S928B,PyTorch,mobilenet_v2,valley.JPEG,valley,21,83,230,5049,0,1
1743861212308,samsung SM-S928B,TFLite,efficientnet_lite0,vase.JPEG,vase,9,95,19,2604,0,1
1743861212308,samsung SM-S928B,TFLite,efficientnet_lite0_int8,vase.JPEG,Band Aid,60,00,7,349,0,0
1743861212309,samsung SM-S928B,PyTorch,mobilenet_v2,vase.JPEG,water jug,7,74,93,2936,0,3
1743861212675,samsung SM-S928B,TFLite,efficientnet_lite0,vault.JPEG,vault,67,95,18,2572,0,1
1743861212675,samsung SM-S928B,TFLite,efficientnet_lite0_int8,vault.JPEG,mortarboard,72,16,7,349,0,0
1743861212675,samsung SM-S928B,PyTorch,mobilenet_v2,vault.JPEG,vault,64,21,133,0,0,1
1743861212981,samsung SM-S928B,TFLite,efficientnet_lite0,velvet.JPEG,overskirt,64,28,18,2588,0,5
1743861212982,samsung SM-S928B,TFLite,efficientnet_lite0_int8,velvet.JPEG,iPod,58,43,7,381,0,0
1743861212982,samsung SM-S928B,PyTorch,mobilenet_v2,velvet.JPEG,diamondback,9,09,87,1672,0,0
1743861213327,samsung SM-S928B,TFLite,efficientnet_lite0,vending_machine.JPEG,vending machine,95,43,20,2604,0,1
1743861213327,samsung SM-S928B,TFLite,efficientnet_lite0_int8,vending_machine.JPEG,soap dispenser,51,76,8,0,0,0
1743861213327,samsung SM-S928B,PyTorch,mobilenet_v2,vending_machine.JPEG,vending machine,98,15,101,2936,0,1
1743861213668,samsung SM-S928B,TFLite,efficientnet_lite0,vestment.JPEG,bow tie,51,17,18,0,0,4
1743861213668,samsung SM-S928B,TFLite,efficientnet_lite0_int8,vestment.JPEG,lawn mower,72,16,8,365,0,0
1743861213668,samsung SM-S928B,PyTorch,mobilenet_v2,vestment.JPEG,groom,26,02,97,2572,0,0
1743861213993,samsung SM-S928B,TFLite,efficientnet_lite0,viaduct.JPEG,viaduct,95,38,19,2620,0,1
1743861213993,samsung SM-S928B,TFLite,efficientnet_lite0_int8,viaduct.JPEG,tench,50,20,8,0,0,0
1743861213993,samsung SM-S928B,PyTorch,mobilenet_v2,viaduct.JPEG,viaduct,99,57,89,2616,0,1
1743861214303,samsung SM-S928B,TFLite,efficientnet_lite0,vine_snake.JPEG,vine snake,69,73,19,0,0,1
1743861214304,samsung SM-S928B,TFLite,efficientnet_lite0_int8,vine_snake.JPEG,vine snake,56,86,8,381,0,1
1743861214304,samsung SM-S928B,PyTorch,mobilenet_v2,vine_snake.JPEG,vine snake,72,57,81,2604,0,1
1743861214645,samsung SM-S928B,TFLite,efficientnet_lite0,violin.JPEG,bassoon,11,67,18,2652,0,0
1743861214646,samsung SM-S928B,TFLite,efficientnet_lite0_int8,violin.JPEG,fountain,63,14,8,0,0,0
1743861214646,samsung SM-S928B,PyTorch,mobilenet_v2,violin.JPEG,grand piano,3,85,96,2600,0,2
1743861215227,samsung SM-S928B,TFLite,efficientnet_lite0,vizsla.JPEG,vizsla,73,49,19,0,0,1
1743861215227,samsung SM-S928B,TFLite,efficientnet_lite0_int8,vizsla.JPEG,Irish setter,72,94,8,381,0,0
1743861215227,samsung SM-S928B,PyTorch,mobilenet_v2,vizsla.JPEG,plastic bag,1,30,284,5903,0,2
1743861215564,samsung SM-S928B,TFLite,efficientnet_lite0,volcano.JPEG,volcano,62,69,19,2604,0,1
1743861215564,samsung SM-S928B,TFLite,efficientnet_lite0_int8,volcano.JPEG,rapeseed,98,82,7,349,0,0
1743861215564,samsung SM-S928B,PyTorch,mobilenet_v2,volcano.JPEG,volcano,42,41,98,2936,0,1
1743861215879,samsung SM-S928B,TFLite,efficientnet_lite0,volleyball.JPEG,volleyball,94,21,18,2588,0,1
1743861215879,samsung SM-S928B,TFLite,efficientnet_lite0_int8,volleyball.JPEG,bath towel,51,37,7,349,0,0
1743861215879,samsung SM-S928B,PyTorch,mobilenet_v2,volleyball.JPEG,volleyball,83,00,77,2936,0,1
1743861216222,samsung SM-S928B,TFLite,efficientnet_lite0,vulture.JPEG,church,53,40,19,2620,0,4
1743861216223,samsung SM-S928B,TFLite,efficientnet_lite0_int8,vulture.JPEG,binder,75,69,7,365,0,0
1743861216223,samsung SM-S928B,PyTorch,mobilenet_v2,vulture.JPEG,flagpole,21,49,92,2936,0,5
1743861216527,samsung SM-S928B,TFLite,efficientnet_lite0,waffle_iron.JPEG,waffle iron,48,02,18,2588,0,0
1743861216527,samsung SM-S928B,TFLite,efficientnet_lite0_int8,waffle_iron.JPEG,warplane,88,63,7,349,0,0
1743861216527,samsung SM-S928B,PyTorch,mobilenet_v2,waffle_iron.JPEG,dishwasher,3,06,75,2952,0,0
1743861216857,samsung SM-S928B,TFLite,efficientnet_lite0,walking_stick.JPEG,walking stick,99,42,30,0,0,0
1743861216857,samsung SM-S928B,TFLite,efficientnet_lite0_int8,walking_stick.JPEG,tench,50,20,7,365,0,0
1743861216857,samsung SM-S928B,PyTorch,mobilenet_v2,walking_stick.JPEG,walking stick,70,77,93,2936,0,0
1743861217205,samsung SM-S928B,TFLite,efficientnet_lite0,wall_clock.JPEG,wall clock,15,48,20,0,0,1
1743861217205,samsung SM-S928B,TFLite,efficientnet_lite0_int8,wall_clock.JPEG,washbasin,67,45,7,349,0,0
1743861217205,samsung SM-S928B,PyTorch,mobilenet_v2,wall_clock.JPEG,wall clock,20,22,97,2604,0,1
1743861217509,samsung SM-S928B,TFLite,efficientnet_lite0,wallaby.JPEG,wallaby,39,14,20,0,0,1
1743861217509,samsung SM-S928B,TFLite,efficientnet_lite0_int8,wallaby.JPEG,sea anemone,79,22,7,349,0,0
1743861217510,samsung SM-S928B,PyTorch,mobilenet_v2,wallaby.JPEG,wallaby,51,45,78,2144,0,1
1743861217849,samsung SM-S928B,TFLite,efficientnet_lite0,wallet.JPEG,wallet,53,93,17,0,0,1
1743861217849,samsung SM-S928B,TFLite,efficientnet_lite0_int8,wallet.JPEG,washer,92,55,8,381,0,0
1743861217849,samsung SM-S928B,PyTorch,mobilenet_v2,wallet.JPEG,wallet,8,23,112,2936,0,1
1743861218193,samsung SM-S928B,TFLite,efficientnet_lite0,wardrobe.JPEG,wardrobe,76,61,19,2604,0,1
1743861218193,samsung SM-S928B,TFLite,efficientnet_lite0_int8,wardrobe.JPEG,military uniform,60,00,7,349,0,0
1743861218193,samsung SM-S928B,PyTorch,mobilenet_v2,wardrobe.JPEG,wardrobe,51,24,107,0,0,1
1743861218506,samsung SM-S928B,TFLite,efficientnet_lite0,warplane.JPEG,warplane,79,41,18,2588,0,0
1743861218506,samsung SM-S928B,TFLite,efficientnet_lite0_int8,warplane.JPEG,worm fence,56,08,7,381,0,0
1743861218506,samsung SM-S928B,PyTorch,mobilenet_v2,warplane.JPEG,warplane,34,90,78,2936,0,0
1743861219024,samsung SM-S928B,TFLite,efficientnet_lite0,warthog.JPEG,warthog,77,73,17,0,0,3
1743861219024,samsung SM-S928B,TFLite,efficientnet_lite0_int8,warthog.JPEG,water buffalo,67,06,8,381,0,0
1743861219024,samsung SM-S928B,PyTorch,mobilenet_v2,warthog.JPEG,warthog,32,02,234,1439,0,3
1743861219352,samsung SM-S928B,TFLite,efficientnet_lite0,washbasin.JPEG,washbasin,76,47,20,2588,0,1
1743861219352,samsung SM-S928B,TFLite,efficientnet_lite0_int8,washbasin.JPEG,stupa,54,90,9,349,0,0
1743861219352,samsung SM-S928B,PyTorch,mobilenet_v2,washbasin.JPEG,washbasin,19,69,91,2952,0,1
1743861219692,samsung SM-S928B,TFLite,efficientnet_lite0,washer.JPEG,washer,64,08,17,2588,0,2
1743861219692,samsung SM-S928B,TFLite,efficientnet_lite0_int8,washer.JPEG,whiskey jug,63,53,7,365,0,0
1743861219692,samsung SM-S928B,PyTorch,mobilenet_v2,washer.JPEG,washer,57,91,110,0,0,0
1743861220011,samsung SM-S928B,TFLite,efficientnet_lite0,water_bottle.JPEG,water bottle,31,10,18,2588,0,1
1743861220011,samsung SM-S928B,TFLite,efficientnet_lite0_int8,water_bottle.JPEG,whistle,79,61,7,365,0,0
1743861220011,samsung SM-S928B,PyTorch,mobilenet_v2,water_bottle.JPEG,refrigerator,5,28,85,2952,0,3
1743861220362,samsung SM-S928B,TFLite,efficientnet_lite0,water_buffalo.JPEG,water buffalo,41,66,18,2604,0,1
1743861220362,samsung SM-S928B,TFLite,efficientnet_lite0_int8,water_buffalo.JPEG,ibex,86,67,7,0,0,2
1743861220362,samsung SM-S928B,PyTorch,mobilenet_v2,water_buffalo.JPEG,water buffalo,47,86,93,3016,0,1
1743861220617,samsung SM-S928B,TFLite,efficientnet_lite0,water_jug.JPEG,water jug,83,45,19,0,0,1
1743861220618,samsung SM-S928B,TFLite,efficientnet_lite0_int8,water_jug.JPEG,computer keyboard,62,75,7,413,0,0
1743861220618,samsung SM-S928B,PyTorch,mobilenet_v2,water_jug.JPEG,water jug,20,92,48,616,0,1
1743861220953,samsung SM-S928B,TFLite,efficientnet_lite0,water_ouzel.JPEG,water ouzel,96,44,19,2636,0,1
1743861220954,samsung SM-S928B,TFLite,efficientnet_lite0_int8,water_ouzel.JPEG,tench,50,20,13,0,0,0
1743861220954,samsung SM-S928B,PyTorch,mobilenet_v2,water_ouzel.JPEG,water ouzel,81,56,93,2936,0,1
1743861221278,samsung SM-S928B,TFLite,efficientnet_lite0,water_snake.JPEG,dowitcher,12,81,18,0,0,4
1743861221278,samsung SM-S928B,TFLite,efficientnet_lite0_int8,water_snake.JPEG,albatross,65,49,8,365,0,0
1743861221278,samsung SM-S928B,PyTorch,mobilenet_v2,water_snake.JPEG,drake,31,12,85,2616,0,2
1743861221620,samsung SM-S928B,TFLite,efficientnet_lite0,water_tower.JPEG,water tower,95,47,17,2595,0,1
1743861221620,samsung SM-S928B,TFLite,efficientnet_lite0_int8,water_tower.JPEG,beer glass,50,59,12,381,0,0
1743861221620,samsung SM-S928B,PyTorch,mobilenet_v2,water_tower.JPEG,water tower,97,12,91,2816,0,1
1743861221917,samsung SM-S928B,TFLite,efficientnet_lite0,weasel.JPEG,wreck,16,44,20,0,0,0
1743861221917,samsung SM-S928B,TFLite,efficientnet_lite0_int8,weasel.JPEG,groom,62,35,7,381,0,0
1743861221917,samsung SM-S928B,PyTorch,mobilenet_v2,weasel.JPEG,promontory,11,51,74,1864,0,0
1743861222249,samsung SM-S928B,TFLite,efficientnet_lite0,web_site.JPEG,web site,92,49,17,2636,0,1
1743861222250,samsung SM-S928B,TFLite,efficientnet_lite0_int8,web_site.JPEG,tench,50,20,8,0,0,0
1743861222250,samsung SM-S928B,PyTorch,mobilenet_v2,web_site.JPEG,web site,99,92,101,2248,0,1
1743861222586,samsung SM-S928B,TFLite,efficientnet_lite0,weevil.JPEG,weevil,31,95,20,0,0,1
1743861222586,samsung SM-S928B,TFLite,efficientnet_lite0_int8,weevil.JPEG,grasshopper,83,92,8,349,0,0
1743861222586,samsung SM-S928B,PyTorch,mobilenet_v2,weevil.JPEG,weevil,30,89,103,2936,0,1
1743861222914,samsung SM-S928B,TFLite,efficientnet_lite0,whippet.JPEG,whippet,99,14,18,2652,0,1
1743861222914,samsung SM-S928B,TFLite,efficientnet_lite0_int8,whippet.JPEG,Siberian husky,52,55,8,365,0,0
1743861222914,samsung SM-S928B,PyTorch,mobilenet_v2,whippet.JPEG,whippet,66,63,85,2664,0,1
1743861223249,samsung SM-S928B,TFLite,efficientnet_lite0,whiptail.JPEG,whiptail,32,43,19,0,0,1
1743861223249,samsung SM-S928B,TFLite,efficientnet_lite0_int8,whiptail.JPEG,Gila monster,69,41,9,365,0,0
1743861223249,samsung SM-S928B,PyTorch,mobilenet_v2,whiptail.JPEG,whiptail,25,53,90,2600,0,1
1743861223648,samsung SM-S928B,TFLite,efficientnet_lite0,whiskey_jug.JPEG,whiskey jug,86,95,20,2636,0,1
1743861223648,samsung SM-S928B,TFLite,efficientnet_lite0_int8,whiskey_jug.JPEG,missile,52,94,15,0,0,0
1743861223648,samsung SM-S928B,PyTorch,mobilenet_v2,whiskey_jug.JPEG,whiskey jug,53,24,115,4184,0,1
1743861224077,samsung SM-S928B,TFLite,efficientnet_lite0,whistle.JPEG,whistle,77,99,19,0,0,1
1743861224077,samsung SM-S928B,TFLite,efficientnet_lite0_int8,whistle.JPEG,carpenter's kit,64,71,8,349,0,0
1743861224077,samsung SM-S928B,PyTorch,mobilenet_v2,whistle.JPEG,whistle,34,22,154,1903,0,1
1743861224543,samsung SM-S928B,TFLite,efficientnet_lite0,white_stork.JPEG,white stork,90,89,19,2604,0,1
1743861224543,samsung SM-S928B,TFLite,efficientnet_lite0_int8,white_stork.JPEG,American egret,51,76,7,349,0,0
1743861224543,samsung SM-S928B,PyTorch,mobilenet_v2,white_stork.JPEG,white stork,69,48,196,2893,0,1
1743861224897,samsung SM-S928B,TFLite,efficientnet_lite0,white_wolf.JPEG,white wolf,88,92,19,2620,0,1
1743861224897,samsung SM-S928B,TFLite,efficientnet_lite0_int8,white_wolf.JPEG,grey fox,98,04,8,0,0,0
1743861224897,samsung SM-S928B,PyTorch,mobilenet_v2,white_wolf.JPEG,white wolf,7,60,88,2620,0,1
1743861225247,samsung SM-S928B,TFLite,efficientnet_lite0,wig.JPEG,wig,86,99,19,0,0,1
1743861225247,samsung SM-S928B,TFLite,efficientnet_lite0_int8,wig.JPEG,grocery store,59,61,8,365,0,0
1743861225247,samsung SM-S928B,PyTorch,mobilenet_v2,wig.JPEG,wig,35,58,107,3212,0,1
1743861225581,samsung SM-S928B,TFLite,efficientnet_lite0,wild_boar.JPEG,wild boar,33,68,17,2636,0,1
1743861225581,samsung SM-S928B,TFLite,efficientnet_lite0_int8,wild_boar.JPEG,water buffalo,59,22,7,0,0,0
1743861225581,samsung SM-S928B,PyTorch,mobilenet_v2,wild_boar.JPEG,wild boar,23,12,95,2808,0,1
1743861225909,samsung SM-S928B,TFLite,efficientnet_lite0,window_screen.JPEG,greenhouse,26,06,19,0,0,0
1743861225909,samsung SM-S928B,TFLite,efficientnet_lite0_int8,window_screen.JPEG,tank,78,82,8,349,0,0
1743861225909,samsung SM-S928B,PyTorch,mobilenet_v2,window_screen.JPEG,window screen,23,42,98,2704,0,0
1743861226644,samsung SM-S928B,TFLite,efficientnet_lite0,window_shade.JPEG,window shade,99,71,17,2620,0,1
1743861226644,samsung SM-S928B,TFLite,efficientnet_lite0_int8,window_shade.JPEG,tench,50,20,13,381,0,0
1743861226644,samsung SM-S928B,PyTorch,mobilenet_v2,window_shade.JPEG,window shade,13,14,391,11541,0,1
1743861226976,samsung SM-S928B,TFLite,efficientnet_lite0,wine_bottle.JPEG,wine bottle,75,83,19,2588,0,1
1743861226976,samsung SM-S928B,TFLite,efficientnet_lite0_int8,wine_bottle.JPEG,alp,58,82,7,381,0,0
1743861226976,samsung SM-S928B,PyTorch,mobilenet_v2,wine_bottle.JPEG,wine bottle,31,10,92,2936,0,1
1743861227286,samsung SM-S928B,TFLite,efficientnet_lite0,wing.JPEG,wing,99,77,18,2588,0,0
1743861227287,samsung SM-S928B,TFLite,efficientnet_lite0_int8,wing.JPEG,tench,50,20,7,349,0,0
1743861227287,samsung SM-S928B,PyTorch,mobilenet_v2,wing.JPEG,wing,97,15,77,2936,0,0
1743861227792,samsung SM-S928B,TFLite,efficientnet_lite0,wire-haired_fox_terrier.JPEG,wire-haired fox terrier,96,34,18,0,0,0
1743861227792,samsung SM-S928B,TFLite,efficientnet_lite0_int8,wire-haired_fox_terrier.JPEG,Australian terrier,52,55,13,381,0,0
1743861227792,samsung SM-S928B,PyTorch,mobilenet_v2,wire-haired_fox_terrier.JPEG,wire-haired fox terrier,50,65,193,4947,0,0
1743861228153,samsung SM-S928B,TFLite,efficientnet_lite0,wok.JPEG,frying pan,9,75,19,2620,0,0
1743861228153,samsung SM-S928B,TFLite,efficientnet_lite0_int8,wok.JPEG,trifle,73,33,8,0,0,0
1743861228154,samsung SM-S928B,PyTorch,mobilenet_v2,wok.JPEG,wok,8,72,91,2764,0,1
1743861228493,samsung SM-S928B,TFLite,efficientnet_lite0,wolf_spider.JPEG,wolf spider,82,41,19,0,0,1
1743861228493,samsung SM-S928B,TFLite,efficientnet_lite0_int8,wolf_spider.JPEG,ptarmigan,68,63,8,365,0,0
1743861228493,samsung SM-S928B,PyTorch,mobilenet_v2,wolf_spider.JPEG,wolf spider,13,48,92,2936,0,1
1743861228844,samsung SM-S928B,TFLite,efficientnet_lite0,wombat.JPEG,wombat,76,25,33,0,0,1
1743861228845,samsung SM-S928B,TFLite,efficientnet_lite0_int8,wombat.JPEG,sea anemone,55,69,7,365,0,0
1743861228845,samsung SM-S928B,PyTorch,mobilenet_v2,wombat.JPEG,wombat,11,84,101,0,0,1
1743861229139,samsung SM-S928B,TFLite,efficientnet_lite0,wood_rabbit.JPEG,wood rabbit,96,51,19,2588,0,1
1743861229139,samsung SM-S928B,TFLite,efficientnet_lite0_int8,wood_rabbit.JPEG,fox squirrel,55,29,8,0,0,0
1743861229139,samsung SM-S928B,PyTorch,mobilenet_v2,wood_rabbit.JPEG,wood rabbit,66,16,62,1352,0,1
1743861229475,samsung SM-S928B,TFLite,efficientnet_lite0,wooden_spoon.JPEG,ladle,28,68,19,2588,0,2
1743861229475,samsung SM-S928B,TFLite,efficientnet_lite0_int8,wooden_spoon.JPEG,lens cap,89,80,7,365,0,0
1743861229475,samsung SM-S928B,PyTorch,mobilenet_v2,wooden_spoon.JPEG,tray,13,69,102,0,0,0
1743861229867,samsung SM-S928B,TFLite,efficientnet_lite0,wool.JPEG,Christmas stocking,36,87,19,2588,0,0
1743861229867,samsung SM-S928B,TFLite,efficientnet_lite0_int8,wool.JPEG,dumbbell,63,92,7,381,0,0
1743861229867,samsung SM-S928B,PyTorch,mobilenet_v2,wool.JPEG,Christmas stocking,35,09,144,0,0,4
1743861230155,samsung SM-S928B,TFLite,efficientnet_lite0,worm_fence.JPEG,worm fence,67,30,19,0,0,1
1743861230155,samsung SM-S928B,TFLite,efficientnet_lite0_int8,worm_fence.JPEG,web site,84,71,7,349,0,0
1743861230156,samsung SM-S928B,PyTorch,mobilenet_v2,worm_fence.JPEG,picket fence,65,49,73,940,0,2
1743861230478,samsung SM-S928B,TFLite,efficientnet_lite0,wreck.JPEG,wreck,76,30,19,2652,0,1
1743861230478,samsung SM-S928B,TFLite,efficientnet_lite0_int8,wreck.JPEG,comic book,100,00,8,0,0,0
1743861230479,samsung SM-S928B,PyTorch,mobilenet_v2,wreck.JPEG,breakwater,27,14,86,2604,0,3
1743861230823,samsung SM-S928B,TFLite,efficientnet_lite0,yawl.JPEG,yawl,90,17,19,0,0,1
1743861230823,samsung SM-S928B,TFLite,efficientnet_lite0_int8,yawl.JPEG,screwdriver,56,86,8,365,0,0
1743861230823,samsung SM-S928B,PyTorch,mobilenet_v2,yawl.JPEG,yawl,30,87,103,2936,0,1
1743861231167,samsung SM-S928B,TFLite,efficientnet_lite0,yellow_lady's_slipper.JPEG,yellow lady's slipper,90,11,20,0,0,1
1743861231167,samsung SM-S928B,TFLite,efficientnet_lite0_int8,yellow_lady's_slipper.JPEG,stage,52,94,7,349,0,0
1743861231168,samsung SM-S928B,PyTorch,mobilenet_v2,yellow_lady's_slipper.JPEG,yellow lady's slipper,99,11,109,3160,0,1
1743861231451,samsung SM-S928B,TFLite,efficientnet_lite0,yurt.JPEG,yurt,62,00,18,0,0,1
1743861231451,samsung SM-S928B,TFLite,efficientnet_lite0_int8,yurt.JPEG,sundial,51,76,8,349,0,4
1743861231452,samsung SM-S928B,PyTorch,mobilenet_v2,yurt.JPEG,yurt,58,41,62,1208,0,1
1743861231786,samsung SM-S928B,TFLite,efficientnet_lite0,zebra.JPEG,zebra,91,20,17,2604,0,1
1743861231786,samsung SM-S928B,TFLite,efficientnet_lite0_int8,zebra.JPEG,ice bear,50,59,7,349,0,0
1743861231787,samsung SM-S928B,PyTorch,mobilenet_v2,zebra.JPEG,zebra,99,45,108,0,0,1
1743861232111,samsung SM-S928B,TFLite,efficientnet_lite0,zucchini.JPEG,zucchini,96,39,20,2604,0,1
1743861232111,samsung SM-S928B,TFLite,efficientnet_lite0_int8,zucchini.JPEG,mushroom,51,37,8,349,0,0
1743861232111,samsung SM-S928B,PyTorch,mobilenet_v2,zucchini.JPEG,zucchini,99,47,89,2604,0,1

# Summary
Top-1 Accuracy TFLite,70.5%
Top-5 Accuracy TFLite,83.3%
Top-1 Accuracy TFLite INT8,0.70000005%
Top-5 Accuracy TFLite INT8,3.9%
Top-1 Accuracy PyTorch,67.799995%
Top-5 Accuracy PyTorch,81.8%
Battery Start,70%
Battery End,68%
Battery Used,2%
Average battery per image,0.002%
Model Load Time TFLite,23 ms
Model Load Time TFLite INT8,7 ms
Model Load Time PyTorch,339 ms
Model Size TFLite,18146 KB
Model Size TFLite INT8,5307 KB
Model Size PyTorch,14201 KB
